{
"type": "FeatureCollection",
"name": "communes",
"crs": { "type": "name", "properties": { "name": "urn:ogc:def:crs:OGC:1.3:CRS84" } },
"features": [
{ "type": "Feature", "properties": { "fid": 1, "GID_2": "BEN.1.1_1", "GID_0": "BEN", "COUNTRY": "Benin", "GID_1": "BEN.1_1", "NAME_1": "Alibori", "NL_NAME_1": "NA", "NAME_2": "Banikoara", "VARNAME_2": "NA", "NL_NAME_2": "NA", "TYPE_2": "Commune", "ENGTYPE_2": "Commune", "CC_2": "NA", "HASC_2": "BJ.AL.BA" }, "geometry": { "type": "MultiPolygon", "coordinates": [ [ [ [ 2.802918000000147, 11.41028 ], [ 2.806244000000163, 11.410201 ], [ 2.814613, 11.412190000000123 ], [ 2.820156000000168, 11.412059000000113 ], [ 2.831323, 11.415075000000115 ], [ 2.836339000000123, 11.416051 ], [ 2.839232, 11.42090700000017 ], [ 2.843220000000144, 11.425189000000103 ], [ 2.849966, 11.430441000000144 ], [ 2.851035, 11.42719000000011 ], [ 2.852563000000146, 11.421681 ], [ 2.854646000000173, 11.416160000000161 ], [ 2.85896, 11.411131 ], [ 2.866031, 11.405489000000102 ], [ 2.870939, 11.402088 ], [ 2.876969000000145, 11.399207 ], [ 2.881363, 11.397460000000137 ], [ 2.88516200000015, 11.394085000000132 ], [ 2.889583, 11.393431 ], [ 2.894990000000121, 11.38783 ], [ 2.898735, 11.382266 ], [ 2.900830000000155, 11.377291 ], [ 2.908346000000108, 11.367259000000104 ], [ 2.909900000000107, 11.362843000000112 ], [ 2.910818, 11.355161 ], [ 2.91122300000012, 11.349132 ], [ 2.909979, 11.343689000000154 ], [ 2.90978900000016, 11.336033000000157 ], [ 2.91232900000017, 11.326669 ], [ 2.912734000000114, 11.32064 ], [ 2.905856, 11.311221000000103 ], [ 2.90509, 11.310670000000187 ], [ 2.903785, 11.309732 ], [ 2.898542, 11.307301000000166 ], [ 2.890852, 11.310223000000121 ], [ 2.887234, 11.311108 ], [ 2.885801000000129, 11.311459 ], [ 2.880931, 11.31265100000013 ], [ 2.874349, 11.315545000000157 ], [ 2.866496, 11.311903 ], [ 2.863577, 11.305954 ], [ 2.857455, 11.305006000000162 ], [ 2.851386000000105, 11.306246 ], [ 2.843601, 11.305338 ], [ 2.837497, 11.303986000000123 ], [ 2.836119, 11.303663 ], [ 2.830776000000128, 11.302361000000133 ], [ 2.822451000000171, 11.302013000000102 ], [ 2.816329, 11.301065 ], [ 2.820074000000147, 11.295504000000165 ], [ 2.821588, 11.289447000000109 ], [ 2.82233500000018, 11.274655000000109 ], [ 2.817161000000169, 11.267117 ], [ 2.808743000000163, 11.262939 ], [ 2.798905000000104, 11.268645 ], [ 2.791794, 11.272646000000179 ], [ 2.780806, 11.276738 ], [ 2.77199400000012, 11.279136000000165 ], [ 2.763235000000179, 11.283721 ], [ 2.757153000000187, 11.284411 ], [ 2.745965000000126, 11.280298 ], [ 2.736533, 11.279974 ], [ 2.732615000000123, 11.28093100000018 ], [ 2.726612000000102, 11.282396 ], [ 2.722325000000126, 11.288517 ], [ 2.716282000000149, 11.290849 ], [ 2.710121000000186, 11.288257 ], [ 2.703881000000138, 11.28238400000015 ], [ 2.697245000000123, 11.283087 ], [ 2.691176000000155, 11.284323 ], [ 2.682773000000168, 11.280690000000106 ], [ 2.675179000000128, 11.277740000000108 ], [ 2.672141000000124, 11.276560000000188 ], [ 2.665993000000185, 11.274515 ], [ 2.655758000000105, 11.26381 ], [ 2.657791, 11.256102000000169 ], [ 2.657582, 11.247352 ], [ 2.659021, 11.238015 ], [ 2.659985, 11.231973 ], [ 2.657521000000145, 11.221633000000111 ], [ 2.652879, 11.212987000000112 ], [ 2.646219, 11.212594 ], [ 2.641098, 11.207401000000118 ], [ 2.638835, 11.205106000000114 ], [ 2.639838, 11.200705000000141 ], [ 2.638548, 11.193073 ], [ 2.637309, 11.187630000000127 ], [ 2.630913, 11.187147 ], [ 2.629516, 11.177879000000132 ], [ 2.626372000000174, 11.171032 ], [ 2.622959, 11.166618 ], [ 2.615827, 11.164363 ], [ 2.60794, 11.163806000000136 ], [ 2.60651700000011, 11.163981 ], [ 2.600533, 11.164715 ], [ 2.593368, 11.166112000000169 ], [ 2.585474, 11.166286000000127 ], [ 2.578101000000174, 11.163540000000125 ], [ 2.572723000000167, 11.158378 ], [ 2.569811000000129, 11.153236 ], [ 2.565632, 11.151737 ], [ 2.558970000000159, 11.152164 ], [ 2.552563000000134, 11.151619 ], [ 2.5483890000001, 11.149633 ], [ 2.546199, 11.146447 ], [ 2.546737000000178, 11.141581 ], [ 2.549256, 11.136003 ], [ 2.54955, 11.13089 ], [ 2.544154000000162, 11.127675 ], [ 2.539280000000133, 11.121542000000147 ], [ 2.536134, 11.115181000000121 ], [ 2.529771, 11.110008 ], [ 2.535270000000139, 11.102021 ], [ 2.541532000000132, 11.091605 ], [ 2.541565000000162, 11.087952 ], [ 2.544578, 11.082134000000167 ], [ 2.543610000000115, 11.080177 ], [ 2.543660000000159, 11.07482 ], [ 2.544927, 11.071177 ], [ 2.544459000000188, 11.068494000000101 ], [ 2.541343, 11.064514000000145 ], [ 2.534691, 11.058419000000129 ], [ 2.531566000000112, 11.049867 ], [ 2.527683, 11.043256 ], [ 2.522037000000182, 11.040769000000125 ], [ 2.516095, 11.043393000000151 ], [ 2.512099, 11.048958 ], [ 2.50687900000014, 11.053537000000176 ], [ 2.502384000000177, 11.059586 ], [ 2.497216000000151, 11.058562 ], [ 2.491335000000106, 11.054854 ], [ 2.482292, 11.046491000000174 ], [ 2.480602, 11.042822000000172 ], [ 2.47519, 11.041553 ], [ 2.471963, 11.039470000000108 ], [ 2.469065, 11.037600000000111 ], [ 2.465661000000182, 11.032697000000155 ], [ 2.46571200000011, 11.02734 ], [ 2.464026, 11.023183 ], [ 2.458388, 11.019964000000186 ], [ 2.449298, 11.016713000000152 ], [ 2.448128, 11.014345000000105 ], [ 2.445862000000147, 11.016208 ], [ 2.443732000000125, 11.017700000000104 ], [ 2.440067000000113, 11.01860900000014 ], [ 2.434734000000105, 11.01865400000014 ], [ 2.429809, 11.019402 ], [ 2.425467, 11.018909000000122 ], [ 2.421976, 11.017874 ], [ 2.419456, 11.017552 ], [ 2.41693, 11.017507 ], [ 2.414412000000141, 11.017046000000164 ], [ 2.411618, 11.016302 ], [ 2.409528000000137, 11.015431 ], [ 2.406462000000147, 11.014126000000147 ], [ 2.403551000000164, 11.011989 ], [ 2.399518, 11.009833000000185 ], [ 2.395614, 11.008374000000117 ], [ 2.389091000000121, 11.004088 ], [ 2.383671000000163, 11.000934 ], [ 2.378689, 10.996815 ], [ 2.374403, 10.992986 ], [ 2.371112, 10.988479 ], [ 2.368227, 10.984814 ], [ 2.36605800000018, 10.980326 ], [ 2.363577, 10.977641 ], [ 2.359981000000118, 10.966317000000174 ], [ 2.358344, 10.963507 ], [ 2.356551000000138, 10.961668 ], [ 2.342423, 10.949423 ], [ 2.340207, 10.949509 ], [ 2.332750000000146, 10.948849000000109 ], [ 2.335586, 10.95134000000013 ], [ 2.334619, 10.952311 ], [ 2.292331, 10.985087000000135 ], [ 2.251336, 10.99083400000012 ], [ 2.230245, 10.999444 ], [ 2.219715, 11.003568 ], [ 2.215815, 11.005095 ], [ 2.204161000000113, 11.009659 ], [ 2.190795000000151, 11.035375 ], [ 1.998539000000108, 11.404665000000136 ], [ 1.995153, 11.412093 ], [ 1.989365, 11.411211000000151 ], [ 1.980711001000032, 11.412817001000064 ], [ 1.970354001000146, 11.412458 ], [ 1.961468001000185, 11.412845000000118 ], [ 1.952137, 11.409088000000168 ], [ 1.943997000000138, 11.408996000000172 ], [ 1.933385001000033, 11.409362000000101 ], [ 1.928740001000108, 11.407977 ], [ 1.924043001000143, 11.406578000000138 ], [ 1.917834, 11.41015700000014 ], [ 1.911082, 11.41787 ], [ 1.903871, 11.422655 ], [ 1.896890000000155, 11.428904001000092 ], [ 1.886970001000122, 11.433170000000189 ], [ 1.880229, 11.439909000000171 ], [ 1.869630001000189, 11.439055 ], [ 1.860491000000138, 11.439923001000182 ], [ 1.855536342000164, 11.440379086000121 ], [ 1.855534691000116, 11.440379238000162 ], [ 1.867318989000069, 11.445309639000186 ], [ 1.867319176000024, 11.445309655000187 ], [ 1.869190693000064, 11.445470545000148 ], [ 1.869193247999988, 11.445470764000106 ], [ 1.871301533000121, 11.445652007999968 ], [ 1.87267995000002, 11.445770263000099 ], [ 1.884150028000136, 11.437970163000045 ], [ 1.888622417000079, 11.43886122300006 ], [ 1.888624625000091, 11.438861663000068 ], [ 1.891420961000165, 11.439418793000186 ], [ 1.892377973000123, 11.43960952700013 ], [ 1.900104147000093, 11.436176686000067 ], [ 1.902849471000025, 11.434956902000067 ], [ 1.902851413000178, 11.434956039000042 ], [ 1.90369379599997, 11.434581756999989 ], [ 1.912454964000119, 11.430688859000156 ], [ 1.934620022000161, 11.425230026000122 ], [ 1.95398104200018, 11.42136097000008 ], [ 1.956313729000044, 11.420222283000101 ], [ 1.957228542000109, 11.420713424000155 ], [ 1.957371711000178, 11.420790673000056 ], [ 1.958876014, 11.42160034300008 ], [ 1.969244003000142, 11.420905113000117 ], [ 1.981034129000079, 11.420111876000135 ], [ 1.981219072000044, 11.420099433000075 ], [ 1.98150515500015, 11.420080185000074 ], [ 1.981961967000132, 11.420049668000104 ], [ 1.995011449000174, 11.42155523100007 ], [ 1.995020492000151, 11.421556274000068 ], [ 1.998345136000069, 11.421939849000125 ], [ 2.010399103000054, 11.423330307000015 ], [ 2.019248008000091, 11.427710533999971 ], [ 2.02512192800009, 11.433708191 ], [ 2.034137963000092, 11.442918777000045 ], [ 2.06042790500004, 11.469869615000107 ], [ 2.073225022000088, 11.483691215000079 ], [ 2.075918223000031, 11.486036390999971 ], [ 2.075918507999972, 11.486036640000066 ], [ 2.075927974000081, 11.486044883000147 ], [ 2.08006501400007, 11.489647865 ], [ 2.081021070000133, 11.490489006000075 ], [ 2.081203222000113, 11.490649225000084 ], [ 2.087237596000023, 11.495897292000109 ], [ 2.090682984000182, 11.498899460000132 ], [ 2.103018046000102, 11.51294994400007 ], [ 2.144690036000156, 11.554180145999965 ], [ 2.147637062000115, 11.55779788000018 ], [ 2.157258988000024, 11.569609642000103 ], [ 2.158308982000051, 11.570461274000081 ], [ 2.166343928000174, 11.576979637000022 ], [ 2.185441018000176, 11.597240449000026 ], [ 2.193133116000183, 11.600699426000176 ], [ 2.193754586000068, 11.600651877000075 ], [ 2.1976203910001, 11.600356101999978 ], [ 2.201998950000075, 11.600020409000024 ], [ 2.206197023000072, 11.600950243000057 ], [ 2.20921754800014, 11.603050343000064 ], [ 2.214596987, 11.606790543000102 ], [ 2.214857713000072, 11.606971816999987 ], [ 2.218781948000128, 11.609700204000092 ], [ 2.22157542399998, 11.612460689000102 ], [ 2.238404750000143, 11.629091263000021 ], [ 2.250698568000018, 11.641240020000055 ], [ 2.253386453000132, 11.643896190000078 ], [ 2.255599170000153, 11.64608279800018 ], [ 2.257458925000094, 11.647920608000163 ], [ 2.258464752000123, 11.648491993000107 ], [ 2.27174226, 11.656034624000085 ], [ 2.276241626000171, 11.658590604000153 ], [ 2.28870606400011, 11.665671347999989 ], [ 2.296480933000112, 11.669667295000124 ], [ 2.297844221999981, 11.670367967 ], [ 2.299850497000023, 11.671399105999967 ], [ 2.306524001000071, 11.667919000000154 ], [ 2.335006, 11.659866 ], [ 2.346528, 11.656607000000179 ], [ 2.356602000000123, 11.660213000000113 ], [ 2.36495, 11.661122 ], [ 2.37225, 11.66479 ], [ 2.375629, 11.666904 ], [ 2.38132800000011, 11.673342000000162 ], [ 2.386977000000172, 11.677594 ], [ 2.396926000000178, 11.67573 ], [ 2.403584, 11.675582 ], [ 2.414467, 11.666037 ], [ 2.427632, 11.659175 ], [ 2.439825000000155, 11.658355 ], [ 2.448854, 11.66471700000011 ], [ 2.457405, 11.674373 ], [ 2.459764, 11.680339000000174 ], [ 2.468667, 11.681232 ], [ 2.478604, 11.678819 ], [ 2.485702000000117, 11.673735 ], [ 2.493983000000185, 11.673035 ], [ 2.501742000000149, 11.671182000000158 ], [ 2.508387, 11.670484000000101 ], [ 2.517200000000173, 11.667547000000127 ], [ 2.524285, 11.661915 ], [ 2.530363, 11.660681000000125 ], [ 2.536866, 11.653967 ], [ 2.546711000000187, 11.647723000000155 ], [ 2.548247, 11.642216000000133 ], [ 2.554685000000177, 11.632767000000115 ], [ 2.559459000000118, 11.623355000000117 ], [ 2.563717, 11.615597 ], [ 2.570786000000112, 11.609416000000181 ], [ 2.579004000000111, 11.604849000000115 ], [ 2.58833, 11.60025700000017 ], [ 2.598250000000178, 11.597293 ], [ 2.612893, 11.606257 ], [ 2.619628000000148, 11.609385 ], [ 2.622545, 11.615336 ], [ 2.628920000000164, 11.626679 ], [ 2.630676000000108, 11.630469 ], [ 2.634892, 11.62107 ], [ 2.637457, 11.612256000000173 ], [ 2.637353000000132, 11.60788 ], [ 2.638847000000112, 11.600732 ], [ 2.639272000000119, 11.595250000000135 ], [ 2.638919, 11.580484000000126 ], [ 2.638169000000175, 11.572293000000116 ], [ 2.63807700000018, 11.568465000000117 ], [ 2.636257, 11.56194 ], [ 2.634978000000103, 11.554856000000143 ], [ 2.633738000000164, 11.549415 ], [ 2.63298900000018, 11.541224 ], [ 2.633400000000108, 11.535195000000158 ], [ 2.634352000000149, 11.528606000000138 ], [ 2.634777000000156, 11.523125000000164 ], [ 2.635729, 11.516536000000144 ], [ 2.640048, 11.511512 ], [ 2.64331, 11.508699 ], [ 2.652104000000122, 11.505212 ], [ 2.655972, 11.504574000000162 ], [ 2.664238, 11.502192 ], [ 2.670259000000158, 11.49877 ], [ 2.675197, 11.496466 ], [ 2.680650000000185, 11.492509 ], [ 2.686077000000125, 11.487457 ], [ 2.690949, 11.482418000000166 ], [ 2.695266000000174, 11.477392000000179 ], [ 2.704058, 11.473903000000121 ], [ 2.708468, 11.472705000000133 ], [ 2.715649, 11.471441 ], [ 2.721682, 11.468565 ], [ 2.725484000000165, 11.465192 ], [ 2.727741, 11.46678 ], [ 2.729893000000118, 11.46399300000013 ], [ 2.726976, 11.458043 ], [ 2.724639, 11.453173 ], [ 2.72287, 11.448837 ], [ 2.721088, 11.44395400000019 ], [ 2.720982, 11.439579 ], [ 2.719768000000101, 11.435229000000163 ], [ 2.72302800000017, 11.432417 ], [ 2.726948000000164, 11.433967 ], [ 2.733033, 11.433275000000151 ], [ 2.739686, 11.433119 ], [ 2.747367000000168, 11.429655000000139 ], [ 2.752871, 11.42788400000012 ], [ 2.759458000000109, 11.424992000000145 ], [ 2.763365, 11.425993000000176 ], [ 2.768815000000188, 11.422034000000167 ], [ 2.771494000000132, 11.41814 ], [ 2.774252000000104, 11.417528 ], [ 2.778674, 11.416876 ], [ 2.78365, 11.416211 ], [ 2.790315, 11.416599 ], [ 2.792572000000121, 11.4181880000001 ], [ 2.798271, 11.414417000000185 ], [ 2.802918000000147, 11.41028 ] ] ] ] } },
{ "type": "Feature", "properties": { "fid": 2, "GID_2": "BEN.1.2_1", "GID_0": "BEN", "COUNTRY": "Benin", "GID_1": "BEN.1_1", "NAME_1": "Alibori", "NL_NAME_1": "NA", "NAME_2": "Gogounou", "VARNAME_2": "NA", "NL_NAME_2": "NA", "TYPE_2": "Commune", "ENGTYPE_2": "Commune", "CC_2": "NA", "HASC_2": "BJ.AL.GO" }, "geometry": { "type": "MultiPolygon", "coordinates": [ [ [ [ 2.781589000000167, 10.915051000000176 ], [ 2.783334000000139, 10.915931000000114 ], [ 2.786578000000134, 10.917567000000133 ], [ 2.795543000000123, 10.919745 ], [ 2.802926, 10.922933 ], [ 2.812458, 10.93186 ], [ 2.81711700000011, 10.938476 ], [ 2.821645000000103, 10.944534000000147 ], [ 2.825362000000155, 10.948770000000138 ], [ 2.829368000000159, 10.954998000000103 ], [ 2.832586000000106, 10.96141 ], [ 2.833616, 10.96298000000013 ], [ 2.8399730000001, 10.972662 ], [ 2.842310000000168, 10.975484000000165 ], [ 2.843687000000102, 10.977038000000107 ], [ 2.849390000000142, 10.980057000000158 ], [ 2.85340900000017, 10.983048000000167 ], [ 2.860798000000102, 10.985958 ], [ 2.865399, 10.987707 ], [ 2.894239000000141, 10.991829 ], [ 2.924082, 10.994716000000153 ], [ 2.93923400000017, 10.994983 ], [ 2.94414200000017, 10.995208000000162 ], [ 2.959154, 10.995472000000177 ], [ 2.962378, 10.99566700000014 ], [ 2.970085000000154, 10.996359 ], [ 2.972185, 10.996674000000155 ], [ 2.979925, 10.995419 ], [ 2.982460000000174, 10.994908 ], [ 2.986835000000156, 10.993455 ], [ 2.991998000000137, 10.990361 ], [ 2.993148, 10.988781 ], [ 2.993806000000177, 10.987877 ], [ 2.995444000000134, 10.982345000000123 ], [ 2.996194, 10.971235 ], [ 2.996291, 10.965537 ], [ 2.996706000000131, 10.957619 ], [ 2.99818, 10.953474000000142 ], [ 3.000037, 10.95156 ], [ 3.004567, 10.949276 ], [ 3.008100000000127, 10.947809 ], [ 3.012082000000134, 10.945925000000102 ], [ 3.013266, 10.945364 ], [ 3.016966, 10.945086000000117 ], [ 3.020092, 10.944852000000139 ], [ 3.026833, 10.943828000000167 ], [ 3.038083, 10.942497000000174 ], [ 3.049903, 10.940619 ], [ 3.05455400000011, 10.939449 ], [ 3.063849000000175, 10.937527000000159 ], [ 3.069347000000164, 10.936094 ], [ 3.077959, 10.933048 ], [ 3.086032000000102, 10.928740000000175 ], [ 3.092683, 10.92552 ], [ 3.103409000000113, 10.921955000000139 ], [ 3.11694800000015, 10.918022000000121 ], [ 3.133158, 10.913858 ], [ 3.144011, 10.911129000000187 ], [ 3.15878, 10.909163 ], [ 3.168912, 10.907534000000112 ], [ 3.171458000000143, 10.906328000000144 ], [ 3.176378000000113, 10.905858 ], [ 3.179184, 10.905907000000127 ], [ 3.183540000000107, 10.905566 ], [ 3.191273, 10.904729 ], [ 3.194371324000087, 10.904600567000102 ], [ 3.192968000000178, 10.902196 ], [ 3.192968000000178, 10.902172000000178 ], [ 3.208385173000124, 10.844712718000039 ], [ 3.172722000000135, 10.830749 ], [ 3.169803000000172, 10.825578000000121 ], [ 3.149267000000123, 10.789191000000187 ], [ 3.149278067000068, 10.789186609000069 ], [ 3.149267000000123, 10.789167000000134 ], [ 3.184558903000095, 10.775164990000121 ], [ 3.16113, 10.747216 ], [ 3.16113, 10.747192 ], [ 3.172644318000096, 10.70523770200009 ], [ 3.149220000000128, 10.691639 ], [ 3.151556000000141, 10.690712000000133 ], [ 3.184514985000021, 10.677629006000132 ], [ 3.184506, 10.663665 ], [ 3.161071000000106, 10.635698000000161 ], [ 3.149185, 10.621714 ], [ 3.137295, 10.59374 ], [ 3.137288000000183, 10.579749000000106 ], [ 3.134230000000116, 10.569758 ], [ 3.131854000000146, 10.567361 ], [ 3.120654000000172, 10.56177 ], [ 3.109456, 10.559376 ], [ 3.109456, 10.55935200000016 ], [ 3.111823002000108, 10.548577198000032 ], [ 3.10448, 10.537919000000159 ], [ 3.104499209000153, 10.537922880999986 ], [ 3.10448, 10.537895000000105 ], [ 3.078707000000122, 10.537808 ], [ 3.062122000000102, 10.54110900000012 ], [ 3.047745, 10.541123 ], [ 3.03945, 10.540037 ], [ 3.021756, 10.540053000000114 ], [ 3.014566000000116, 10.538965000000189 ], [ 3.001849, 10.539524 ], [ 2.993551, 10.535153 ], [ 2.97696400000018, 10.536261 ], [ 2.963141000000121, 10.537366 ], [ 2.954294000000118, 10.537919000000159 ], [ 2.937155000000132, 10.540667000000155 ], [ 2.928307, 10.539577000000179 ], [ 2.906740000000127, 10.536854000000119 ], [ 2.896786, 10.5352180000001 ], [ 2.889598, 10.535768000000132 ], [ 2.87301100000019, 10.537417000000175 ], [ 2.866928000000144, 10.536873 ], [ 2.860846000000151, 10.537422 ], [ 2.852002, 10.544539 ], [ 2.845922, 10.553296 ], [ 2.837079, 10.565884 ], [ 2.829340000000116, 10.574093 ], [ 2.824918, 10.581756 ], [ 2.814412000000118, 10.586135 ], [ 2.796161, 10.586139000000173 ], [ 2.780123, 10.582859 ], [ 2.772933, 10.579576 ], [ 2.764638000000105, 10.578483000000176 ], [ 2.760214000000133, 10.577937000000134 ], [ 2.748048, 10.57410700000014 ], [ 2.740305, 10.569731 ], [ 2.735776000000158, 10.569551000000104 ], [ 2.726480000000151, 10.569182000000126 ], [ 2.715974, 10.5680890000001 ], [ 2.711550000000159, 10.568088 ], [ 2.702703000000156, 10.558238000000188 ], [ 2.694963000000143, 10.54729500000019 ], [ 2.693305, 10.534710000000189 ], [ 2.685012000000143, 10.531425000000183 ], [ 2.665106000000151, 10.533062 ], [ 2.651836000000117, 10.533606000000134 ], [ 2.638567, 10.530868000000112 ], [ 2.622531000000151, 10.531957000000148 ], [ 2.604285, 10.530855 ], [ 2.591015, 10.531396 ], [ 2.569453000000124, 10.528649 ], [ 2.558395000000189, 10.527551 ], [ 2.549545, 10.531922 ], [ 2.532954000000188, 10.537930000000131 ], [ 2.526315000000125, 10.543398000000138 ], [ 2.520228, 10.549959000000172 ], [ 2.514143, 10.554333 ], [ 2.50916500000011, 10.555970000000116 ], [ 2.499762000000146, 10.56034 ], [ 2.47431, 10.578376 ], [ 2.453838000000133, 10.590395 ], [ 2.430765000000122, 10.597336 ], [ 2.421200000000113, 10.60021300000011 ], [ 2.374281, 10.585426000000155 ], [ 2.366216000000122, 10.582883 ], [ 2.347908000000189, 10.57711 ], [ 2.331933, 10.572077 ], [ 2.327189, 10.570582000000115 ], [ 2.243829, 10.54430200000013 ], [ 2.242618, 10.687952 ], [ 2.243086, 10.689536 ], [ 2.241151000000173, 10.861151000000177 ], [ 2.249894, 10.877069 ], [ 2.254209, 10.893505000000175 ], [ 2.274603000000127, 10.905124000000171 ], [ 2.29169, 10.915079000000162 ], [ 2.30875900000018, 10.927769000000126 ], [ 2.332750000000146, 10.948849000000109 ], [ 2.340207, 10.949509 ], [ 2.342423, 10.949423 ], [ 2.356551000000138, 10.961668 ], [ 2.358344, 10.963507 ], [ 2.359981000000118, 10.966317000000174 ], [ 2.363577, 10.977641 ], [ 2.36605800000018, 10.980326 ], [ 2.368227, 10.984814 ], [ 2.371112, 10.988479 ], [ 2.374403, 10.992986 ], [ 2.378689, 10.996815 ], [ 2.383671000000163, 11.000934 ], [ 2.389091000000121, 11.004088 ], [ 2.395614, 11.008374000000117 ], [ 2.399518, 11.009833000000185 ], [ 2.403551000000164, 11.011989 ], [ 2.406462000000147, 11.014126000000147 ], [ 2.409528000000137, 11.015431 ], [ 2.411618, 11.016302 ], [ 2.414412000000141, 11.017046000000164 ], [ 2.41693, 11.017507 ], [ 2.419456, 11.017552 ], [ 2.421976, 11.017874 ], [ 2.425467, 11.018909000000122 ], [ 2.429809, 11.019402 ], [ 2.434734000000105, 11.01865400000014 ], [ 2.440067000000113, 11.01860900000014 ], [ 2.443732000000125, 11.017700000000104 ], [ 2.445862000000147, 11.016208 ], [ 2.448128, 11.014345000000105 ], [ 2.449298, 11.016713000000152 ], [ 2.458388, 11.019964000000186 ], [ 2.464026, 11.023183 ], [ 2.46571200000011, 11.02734 ], [ 2.465661000000182, 11.032697000000155 ], [ 2.469065, 11.037600000000111 ], [ 2.471963, 11.039470000000108 ], [ 2.47519, 11.041553 ], [ 2.480602, 11.042822000000172 ], [ 2.482292, 11.046491000000174 ], [ 2.491335000000106, 11.054854 ], [ 2.497216000000151, 11.058562 ], [ 2.502384000000177, 11.059586 ], [ 2.50687900000014, 11.053537000000176 ], [ 2.512099, 11.048958 ], [ 2.516095, 11.043393000000151 ], [ 2.522037000000182, 11.040769000000125 ], [ 2.527683, 11.043256 ], [ 2.531566000000112, 11.049867 ], [ 2.534691, 11.058419000000129 ], [ 2.541343, 11.064514000000145 ], [ 2.544459000000188, 11.068494000000101 ], [ 2.544927, 11.071177 ], [ 2.543660000000159, 11.07482 ], [ 2.543610000000115, 11.080177 ], [ 2.544578, 11.082134000000167 ], [ 2.541565000000162, 11.087952 ], [ 2.541532000000132, 11.091605 ], [ 2.535270000000139, 11.102021 ], [ 2.529771, 11.110008 ], [ 2.536134, 11.115181000000121 ], [ 2.539280000000133, 11.121542000000147 ], [ 2.544154000000162, 11.127675 ], [ 2.54955, 11.13089 ], [ 2.549256, 11.136003 ], [ 2.546737000000178, 11.141581 ], [ 2.546199, 11.146447 ], [ 2.5483890000001, 11.149633 ], [ 2.552563000000134, 11.151619 ], [ 2.558970000000159, 11.152164 ], [ 2.565632, 11.151737 ], [ 2.569811000000129, 11.153236 ], [ 2.572723000000167, 11.158378 ], [ 2.578101000000174, 11.163540000000125 ], [ 2.585474, 11.166286000000127 ], [ 2.593368, 11.166112000000169 ], [ 2.600533, 11.164715 ], [ 2.60651700000011, 11.163981 ], [ 2.60794, 11.163806000000136 ], [ 2.615827, 11.164363 ], [ 2.622959, 11.166618 ], [ 2.626372000000174, 11.171032 ], [ 2.629516, 11.177879000000132 ], [ 2.630913, 11.187147 ], [ 2.63742, 11.185235 ], [ 2.637941000000126, 11.183153 ], [ 2.641121000000169, 11.178551000000141 ], [ 2.643743, 11.172897 ], [ 2.646196000000145, 11.160705 ], [ 2.644916, 11.153453 ], [ 2.641959, 11.145754 ], [ 2.63881, 11.141111000000137 ], [ 2.635652000000107, 11.137024000000167 ], [ 2.62790200000012, 11.130631 ], [ 2.623745, 11.127499 ], [ 2.618917, 11.122549000000106 ], [ 2.616168000000187, 11.119163000000128 ], [ 2.61709900000011, 11.113897000000122 ], [ 2.620463, 11.105892 ], [ 2.622795000000167, 11.100789 ], [ 2.62456200000014, 11.095954 ], [ 2.628506000000186, 11.086847 ], [ 2.632723, 11.078162000000134 ], [ 2.638362000000143, 11.06839 ], [ 2.639336, 11.066792 ], [ 2.640961, 11.064125000000104 ], [ 2.643541, 11.060973000000104 ], [ 2.646113000000184, 11.05823700000019 ], [ 2.649673, 11.055241 ], [ 2.651385000000118, 11.053603000000123 ], [ 2.652538000000106, 11.051816 ], [ 2.656248000000119, 11.039924 ], [ 2.655249, 11.032677 ], [ 2.655614, 11.027678 ], [ 2.657928, 11.023687 ], [ 2.660922000000141, 11.019046 ], [ 2.670612, 11.004028 ], [ 2.67108, 11.001256000000183 ], [ 2.671876, 10.995709 ], [ 2.674688000000174, 10.987138000000186 ], [ 2.677657000000124, 10.977597000000173 ], [ 2.680263000000139, 10.972916000000112 ], [ 2.681142, 10.970707000000118 ], [ 2.685122000000149, 10.959515000000124 ], [ 2.686859, 10.956348000000105 ], [ 2.691760000000158, 10.948787 ], [ 2.693486000000121, 10.946315 ], [ 2.698369, 10.939727000000119 ], [ 2.709764000000177, 10.921575000000132 ], [ 2.711193, 10.920071 ], [ 2.71320500000013, 10.917325 ], [ 2.719772, 10.910767 ], [ 2.724323, 10.907232 ], [ 2.731420000000185, 10.902491000000111 ], [ 2.736625, 10.901748000000111 ], [ 2.741679, 10.901698 ], [ 2.749666000000104, 10.902394 ], [ 2.755388000000153, 10.904302 ], [ 2.763325000000179, 10.907917000000168 ], [ 2.772122, 10.910575 ], [ 2.77874, 10.913704000000109 ], [ 2.781589000000167, 10.915051000000176 ] ] ] ] } },
{ "type": "Feature", "properties": { "fid": 3, "GID_2": "BEN.1.3_1", "GID_0": "BEN", "COUNTRY": "Benin", "GID_1": "BEN.1_1", "NAME_1": "Alibori", "NL_NAME_1": "NA", "NAME_2": "Kandi", "VARNAME_2": "NA", "NL_NAME_2": "NA", "TYPE_2": "Commune", "ENGTYPE_2": "Commune", "CC_2": "NA", "HASC_2": "BJ.AL.KN" }, "geometry": { "type": "MultiPolygon", "coordinates": [ [ [ [ 3.195993000000158, 10.907379 ], [ 3.194385000000182, 10.904624 ], [ 3.194371324000087, 10.904600567000102 ], [ 3.191273, 10.904729 ], [ 3.183540000000107, 10.905566 ], [ 3.179184, 10.905907000000127 ], [ 3.176378000000113, 10.905858 ], [ 3.171458000000143, 10.906328000000144 ], [ 3.168912, 10.907534000000112 ], [ 3.15878, 10.909163 ], [ 3.144011, 10.911129000000187 ], [ 3.133158, 10.913858 ], [ 3.11694800000015, 10.918022000000121 ], [ 3.103409000000113, 10.921955000000139 ], [ 3.092683, 10.92552 ], [ 3.086032000000102, 10.928740000000175 ], [ 3.077959, 10.933048 ], [ 3.069347000000164, 10.936094 ], [ 3.063849000000175, 10.937527000000159 ], [ 3.05455400000011, 10.939449 ], [ 3.049903, 10.940619 ], [ 3.038083, 10.942497000000174 ], [ 3.026833, 10.943828000000167 ], [ 3.020092, 10.944852000000139 ], [ 3.016966, 10.945086000000117 ], [ 3.013266, 10.945364 ], [ 3.012082000000134, 10.945925000000102 ], [ 3.008100000000127, 10.947809 ], [ 3.004567, 10.949276 ], [ 3.000037, 10.95156 ], [ 2.99818, 10.953474000000142 ], [ 2.996706000000131, 10.957619 ], [ 2.996291, 10.965537 ], [ 2.996194, 10.971235 ], [ 2.995444000000134, 10.982345000000123 ], [ 2.993806000000177, 10.987877 ], [ 2.993148, 10.988781 ], [ 2.991998000000137, 10.990361 ], [ 2.986835000000156, 10.993455 ], [ 2.982460000000174, 10.994908 ], [ 2.979925, 10.995419 ], [ 2.972185, 10.996674000000155 ], [ 2.970085000000154, 10.996359 ], [ 2.962378, 10.99566700000014 ], [ 2.959154, 10.995472000000177 ], [ 2.94414200000017, 10.995208000000162 ], [ 2.93923400000017, 10.994983 ], [ 2.924082, 10.994716000000153 ], [ 2.894239000000141, 10.991829 ], [ 2.865399, 10.987707 ], [ 2.860798000000102, 10.985958 ], [ 2.85340900000017, 10.983048000000167 ], [ 2.849390000000142, 10.980057000000158 ], [ 2.843687000000102, 10.977038000000107 ], [ 2.842310000000168, 10.975484000000165 ], [ 2.8399730000001, 10.972662 ], [ 2.833616, 10.96298000000013 ], [ 2.832586000000106, 10.96141 ], [ 2.829368000000159, 10.954998000000103 ], [ 2.825362000000155, 10.948770000000138 ], [ 2.821645000000103, 10.944534000000147 ], [ 2.81711700000011, 10.938476 ], [ 2.812458, 10.93186 ], [ 2.802926, 10.922933 ], [ 2.795543000000123, 10.919745 ], [ 2.786578000000134, 10.917567000000133 ], [ 2.783334000000139, 10.915931000000114 ], [ 2.781589000000167, 10.915051000000176 ], [ 2.77874, 10.913704000000109 ], [ 2.772122, 10.910575 ], [ 2.763325000000179, 10.907917000000168 ], [ 2.755388000000153, 10.904302 ], [ 2.749666000000104, 10.902394 ], [ 2.741679, 10.901698 ], [ 2.736625, 10.901748000000111 ], [ 2.731420000000185, 10.902491000000111 ], [ 2.724323, 10.907232 ], [ 2.719772, 10.910767 ], [ 2.71320500000013, 10.917325 ], [ 2.711193, 10.920071 ], [ 2.709764000000177, 10.921575000000132 ], [ 2.698369, 10.939727000000119 ], [ 2.693486000000121, 10.946315 ], [ 2.691760000000158, 10.948787 ], [ 2.686859, 10.956348000000105 ], [ 2.685122000000149, 10.959515000000124 ], [ 2.681142, 10.970707000000118 ], [ 2.680263000000139, 10.972916000000112 ], [ 2.677657000000124, 10.977597000000173 ], [ 2.674688000000174, 10.987138000000186 ], [ 2.671876, 10.995709 ], [ 2.67108, 11.001256000000183 ], [ 2.670612, 11.004028 ], [ 2.660922000000141, 11.019046 ], [ 2.657928, 11.023687 ], [ 2.655614, 11.027678 ], [ 2.655249, 11.032677 ], [ 2.656248000000119, 11.039924 ], [ 2.652538000000106, 11.051816 ], [ 2.651385000000118, 11.053603000000123 ], [ 2.649673, 11.055241 ], [ 2.646113000000184, 11.05823700000019 ], [ 2.643541, 11.060973000000104 ], [ 2.640961, 11.064125000000104 ], [ 2.639336, 11.066792 ], [ 2.638362000000143, 11.06839 ], [ 2.632723, 11.078162000000134 ], [ 2.628506000000186, 11.086847 ], [ 2.62456200000014, 11.095954 ], [ 2.622795000000167, 11.100789 ], [ 2.620463, 11.105892 ], [ 2.61709900000011, 11.113897000000122 ], [ 2.616168000000187, 11.119163000000128 ], [ 2.618917, 11.122549000000106 ], [ 2.623745, 11.127499 ], [ 2.62790200000012, 11.130631 ], [ 2.635652000000107, 11.137024000000167 ], [ 2.63881, 11.141111000000137 ], [ 2.641959, 11.145754 ], [ 2.644916, 11.153453 ], [ 2.646196000000145, 11.160705 ], [ 2.643743, 11.172897 ], [ 2.641121000000169, 11.178551000000141 ], [ 2.637941000000126, 11.183153 ], [ 2.63742, 11.185235 ], [ 2.630913, 11.187147 ], [ 2.637309, 11.187630000000127 ], [ 2.638548, 11.193073 ], [ 2.639838, 11.200705000000141 ], [ 2.638835, 11.205106000000114 ], [ 2.641098, 11.207401000000118 ], [ 2.646219, 11.212594 ], [ 2.652879, 11.212987000000112 ], [ 2.657521000000145, 11.221633000000111 ], [ 2.659985, 11.231973 ], [ 2.659021, 11.238015 ], [ 2.657582, 11.247352 ], [ 2.657791, 11.256102000000169 ], [ 2.655758000000105, 11.26381 ], [ 2.665993000000185, 11.274515 ], [ 2.672141000000124, 11.276560000000188 ], [ 2.675179000000128, 11.277740000000108 ], [ 2.682773000000168, 11.280690000000106 ], [ 2.691176000000155, 11.284323 ], [ 2.697245000000123, 11.283087 ], [ 2.703881000000138, 11.28238400000015 ], [ 2.710121000000186, 11.288257 ], [ 2.716282000000149, 11.290849 ], [ 2.722325000000126, 11.288517 ], [ 2.726612000000102, 11.282396 ], [ 2.732615000000123, 11.28093100000018 ], [ 2.736533, 11.279974 ], [ 2.745965000000126, 11.280298 ], [ 2.757153000000187, 11.284411 ], [ 2.763235000000179, 11.283721 ], [ 2.77199400000012, 11.279136000000165 ], [ 2.780806, 11.276738 ], [ 2.791794, 11.272646000000179 ], [ 2.798905000000104, 11.268645 ], [ 2.808743000000163, 11.262939 ], [ 2.817161000000169, 11.267117 ], [ 2.82233500000018, 11.274655000000109 ], [ 2.821588, 11.289447000000109 ], [ 2.820074000000147, 11.295504000000165 ], [ 2.816329, 11.301065 ], [ 2.822451000000171, 11.302013000000102 ], [ 2.830776000000128, 11.302361000000133 ], [ 2.836119, 11.303663 ], [ 2.837497, 11.303986000000123 ], [ 2.843601, 11.305338 ], [ 2.851386000000105, 11.306246 ], [ 2.857455, 11.305006000000162 ], [ 2.863577, 11.305954 ], [ 2.866496, 11.311903 ], [ 2.874349, 11.315545000000157 ], [ 2.880931, 11.31265100000013 ], [ 2.885801000000129, 11.311459 ], [ 2.887234, 11.311108 ], [ 2.890852, 11.310223000000121 ], [ 2.898542, 11.307301000000166 ], [ 2.903785, 11.309732 ], [ 2.90509, 11.310670000000187 ], [ 2.905856, 11.311221000000103 ], [ 2.912734000000114, 11.32064 ], [ 2.91232900000017, 11.326669 ], [ 2.90978900000016, 11.336033000000157 ], [ 2.909979, 11.343689000000154 ], [ 2.91122300000012, 11.349132 ], [ 2.910818, 11.355161 ], [ 2.909900000000107, 11.362843000000112 ], [ 2.908346000000108, 11.367259000000104 ], [ 2.900830000000155, 11.377291 ], [ 2.898735, 11.382266 ], [ 2.894990000000121, 11.38783 ], [ 2.889583, 11.393431 ], [ 2.88516200000015, 11.394085000000132 ], [ 2.881363, 11.397460000000137 ], [ 2.876969000000145, 11.399207 ], [ 2.870939, 11.402088 ], [ 2.866031, 11.405489000000102 ], [ 2.85896, 11.411131 ], [ 2.854646000000173, 11.416160000000161 ], [ 2.852563000000146, 11.421681 ], [ 2.851035, 11.42719000000011 ], [ 2.849966, 11.430441000000144 ], [ 2.849519000000157, 11.433247000000165 ], [ 2.851264000000128, 11.43648700000017 ], [ 2.852547, 11.44357 ], [ 2.855441, 11.448426 ], [ 2.860051000000112, 11.455429000000152 ], [ 2.862363, 11.459205000000111 ], [ 2.866799000000128, 11.459099 ], [ 2.872938, 11.460592000000133 ], [ 2.879104, 11.463181000000134 ], [ 2.883026, 11.464727000000153 ], [ 2.884229, 11.46853 ], [ 2.88001, 11.477386 ], [ 2.879618000000107, 11.483962 ], [ 2.875858, 11.488977 ], [ 2.872165, 11.496727 ], [ 2.863875000000121, 11.498021000000108 ], [ 2.855003, 11.498233 ], [ 2.846184000000108, 11.500633 ], [ 2.84742800000015, 11.506076000000121 ], [ 2.854812, 11.513013000000115 ], [ 2.859383, 11.518375 ], [ 2.862818, 11.522671 ], [ 2.865645, 11.524792 ], [ 2.866862, 11.529141 ], [ 2.868227000000161, 11.539505 ], [ 2.864507, 11.546162 ], [ 2.863086, 11.556045 ], [ 2.863579000000129, 11.561378000000104 ], [ 2.863843000000145, 11.564235 ], [ 2.866872000000114, 11.574559 ], [ 2.870050000000163, 11.590899 ], [ 2.870226000000173, 11.598009000000161 ], [ 2.871497, 11.604545 ], [ 2.87051, 11.609493000000157 ], [ 2.866220000000169, 11.615617 ], [ 2.863662, 11.624433000000124 ], [ 2.867653, 11.628715 ], [ 2.871063000000163, 11.631916 ], [ 2.876719, 11.636158 ], [ 2.888369000000125, 11.635878000000105 ], [ 2.896217, 11.638972000000138 ], [ 2.904688, 11.644787 ], [ 2.908045, 11.648536 ], [ 2.910515, 11.648207 ], [ 2.914371000000187, 11.648551000000111 ], [ 2.918454000000168, 11.647789000000103 ], [ 2.925222, 11.645961 ], [ 2.932034, 11.641493 ], [ 2.936414, 11.639763 ], [ 2.94024700000017, 11.637188000000151 ], [ 2.944091, 11.633919 ], [ 2.946659, 11.631462000000113 ], [ 2.956605, 11.624268000000143 ], [ 2.961841000000163, 11.621718 ], [ 2.965099000000123, 11.619968 ], [ 2.969350000000134, 11.61754000000019 ], [ 2.976034, 11.612374000000159 ], [ 2.984895, 11.602937 ], [ 2.990946000000122, 11.593728000000112 ], [ 2.994964, 11.588515 ], [ 2.998514000000171, 11.586075 ], [ 3.009162000000117, 11.578893000000164 ], [ 3.014561, 11.574956 ], [ 3.022962, 11.567874 ], [ 3.0332140000001, 11.559156 ], [ 3.042602000000102, 11.551813 ], [ 3.048874000000126, 11.546084000000121 ], [ 3.055755000000147, 11.537585 ], [ 3.060931000000153, 11.530307 ], [ 3.07249800000011, 11.518554000000108 ], [ 3.079355, 11.511444000000154 ], [ 3.092059000000177, 11.498877 ], [ 3.094056, 11.496965000000159 ], [ 3.101465000000189, 11.490422 ], [ 3.113729, 11.478959000000145 ], [ 3.117457000000172, 11.474297 ], [ 3.123468000000116, 11.467451 ], [ 3.130322, 11.460481000000186 ], [ 3.137645, 11.450738000000172 ], [ 3.142976, 11.442629000000125 ], [ 3.145584, 11.437809000000129 ], [ 3.14718100000016, 11.434639 ], [ 3.149625, 11.431206 ], [ 3.160457000000122, 11.413183 ], [ 3.166016000000184, 11.408137000000181 ], [ 3.172683, 11.403944000000138 ], [ 3.179657000000134, 11.39822700000019 ], [ 3.185689, 11.39013 ], [ 3.187039, 11.385010000000136 ], [ 3.18798, 11.379187 ], [ 3.20079, 11.360364000000175 ], [ 3.207376000000181, 11.352694 ], [ 3.210672, 11.34872 ], [ 3.21694900000017, 11.342713 ], [ 3.219376, 11.340253 ], [ 3.222465, 11.335883 ], [ 3.23545, 11.321491 ], [ 3.255835000000104, 11.298894000000189 ], [ 3.256211000000121, 11.287711000000172 ], [ 3.257546000000104, 11.272863 ], [ 3.260061000000178, 11.26606100000015 ], [ 3.260229, 11.26436 ], [ 3.260855000000163, 11.258029 ], [ 3.259689000000151, 11.24828 ], [ 3.255816000000152, 11.237536 ], [ 3.252678000000174, 11.227529000000175 ], [ 3.254962000000148, 11.218290000000138 ], [ 3.257755000000145, 11.206619000000103 ], [ 3.262, 11.199098 ], [ 3.264258000000154, 11.19351 ], [ 3.263542, 11.192523000000108 ], [ 3.262304000000142, 11.190818 ], [ 3.25442100000015, 11.189304 ], [ 3.248754, 11.188536000000113 ], [ 3.242126, 11.183864 ], [ 3.237480000000176, 11.17823 ], [ 3.232579, 11.17357 ], [ 3.23016, 11.166734 ], [ 3.230425, 11.163438 ], [ 3.230852000000141, 11.158127 ], [ 3.231511000000125, 11.149938 ], [ 3.231793, 11.144825 ], [ 3.230363000000182, 11.137752 ], [ 3.226820000000146, 11.115321 ], [ 3.224635, 11.110435 ], [ 3.22244000000012, 11.107010000000173 ], [ 3.2148, 11.10647 ], [ 3.214086, 11.102813 ], [ 3.217553, 11.100645 ], [ 3.223494, 11.097275 ], [ 3.226234000000147, 11.093397 ], [ 3.223814000000118, 11.086804 ], [ 3.223142000000109, 11.077058000000136 ], [ 3.220246000000145, 11.06827 ], [ 3.219309, 11.061201 ], [ 3.226982, 11.056869000000177 ], [ 3.232419000000107, 11.054957 ], [ 3.229508000000124, 11.048118000000159 ], [ 3.22511, 11.042486 ], [ 3.223893, 11.040286000000151 ], [ 3.22888300000011, 11.031796 ], [ 3.23090400000018, 11.024747000000161 ], [ 3.231218, 11.015006 ], [ 3.23472, 11.00772400000011 ], [ 3.238718000000119, 10.999957000000165 ], [ 3.243417, 10.997553 ], [ 3.24569200000019, 10.989531000000113 ], [ 3.244016000000101, 10.982457000000124 ], [ 3.243821, 10.974905 ], [ 3.239434, 10.967813000000149 ], [ 3.235777000000155, 10.962185 ], [ 3.23187200000018, 10.956556 ], [ 3.230921, 10.95168 ], [ 3.230752, 10.940475 ], [ 3.23025, 10.937062 ], [ 3.229576, 10.932453 ], [ 3.231104, 10.925401000000136 ], [ 3.231139832000167, 10.920284832000107 ], [ 3.226490000000183, 10.915627 ], [ 3.220606, 10.911447 ], [ 3.217673, 10.908016 ], [ 3.212259, 10.907005 ], [ 3.202148000000136, 10.908153 ], [ 3.195993000000158, 10.907379 ] ] ] ] } },
{ "type": "Feature", "properties": { "fid": 4, "GID_2": "BEN.1.4_1", "GID_0": "BEN", "COUNTRY": "Benin", "GID_1": "BEN.1_1", "NAME_1": "Alibori", "NL_NAME_1": "NA", "NAME_2": "Karimama", "VARNAME_2": "NA", "NL_NAME_2": "NA", "TYPE_2": "Commune", "ENGTYPE_2": "Commune", "CC_2": "NA", "HASC_2": "BJ.AL.KR" }, "geometry": { "type": "MultiPolygon", "coordinates": [ [ [ [ 3.252764940000077, 12.000272752000171 ], [ 3.248569011000143, 11.994180679000124 ], [ 3.250713135000069, 11.992370213000072 ], [ 3.262531042000091, 11.982391357000097 ], [ 3.268795966000084, 11.972929955000097 ], [ 3.272485971000151, 11.962559700000099 ], [ 3.275391247000186, 11.942500414000051 ], [ 3.275651932000187, 11.940700531000061 ], [ 3.27750897400017, 11.938161851000189 ], [ 3.282560111000066, 11.935549736000155 ], [ 3.283091068000033, 11.934160234000103 ], [ 3.283505499000114, 11.934143187000018 ], [ 3.283590933000085, 11.934139672000185 ], [ 3.283657250000147, 11.933855011000162 ], [ 3.286731, 11.928018000000122 ], [ 3.286719528000049, 11.927993831000151 ], [ 3.286681, 11.928067 ], [ 3.279807, 11.913584 ], [ 3.273106, 11.917193000000111 ], [ 3.268149, 11.918866000000151 ], [ 3.26398, 11.913724000000116 ], [ 3.262761000000125, 11.91128 ], [ 3.26605700000016, 11.906585 ], [ 3.268743856000071, 11.89945124400009 ], [ 3.268756000000167, 11.899419 ], [ 3.269365000000107, 11.897697000000107 ], [ 3.268305000000169, 11.895974 ], [ 3.260378000000117, 11.898113 ], [ 3.252446, 11.900983 ], [ 3.24778102800002, 11.89925515900012 ], [ 3.245552000000146, 11.90381 ], [ 3.241806000000167, 11.909143 ], [ 3.236328, 11.914708000000189 ], [ 3.232815000000187, 11.921990000000164 ], [ 3.232776704000059, 11.922015736000162 ], [ 3.232765000000143, 11.92204 ], [ 3.229536000000166, 11.924209 ], [ 3.228343, 11.917869 ], [ 3.224183, 11.911509 ], [ 3.218019, 11.909032 ], [ 3.21009800000013, 11.910196 ], [ 3.201893, 11.916473 ], [ 3.192471, 11.920062000000144 ], [ 3.184799000000169, 11.920983000000149 ], [ 3.174156747000097, 11.925525863000075 ], [ 3.169434, 11.932517 ], [ 3.163685, 11.941001 ], [ 3.160438119000105, 11.944631572 ], [ 3.160394, 11.944681000000173 ], [ 3.156686, 11.944411 ], [ 3.152021, 11.939751000000115 ], [ 3.149577, 11.935837000000106 ], [ 3.138447000000156, 11.936002 ], [ 3.130277, 11.937163 ], [ 3.12484400000011, 11.942920000000129 ], [ 3.121328000000176, 11.950200000000109 ], [ 3.120305, 11.954822 ], [ 3.12199, 11.961165 ], [ 3.118154557000082, 11.965118954000161 ], [ 3.110832000000187, 11.964982000000191 ], [ 3.107124000000169, 11.964712 ], [ 3.107111657000132, 11.964763742000059 ], [ 3.105848, 11.970061000000101 ], [ 3.105800656000099, 11.97009986300003 ], [ 3.099378000000172, 11.975372000000107 ], [ 3.092926000000148, 11.978249000000119 ], [ 3.08601, 11.976981 ], [ 3.079829, 11.976692 ], [ 3.079804391000039, 11.976742187000013 ], [ 3.077568, 11.981303 ], [ 3.07754, 11.984956000000125 ], [ 3.074546000999987, 11.988098560000083 ], [ 3.068398000000172, 11.983671000000186 ], [ 3.058815, 11.975322 ], [ 3.049948, 11.970385000000135 ], [ 3.042537, 11.969113 ], [ 3.037593, 11.968833000000132 ], [ 3.031689, 11.964649000000179 ], [ 3.030484000000172, 11.960499000000141 ], [ 3.026055, 11.957544 ], [ 3.018934, 11.950915000000123 ], [ 3.017752, 11.943843000000129 ], [ 3.01926600000013, 11.939959000000101 ], [ 3.020026000000144, 11.937529000000154 ], [ 3.019075000000157, 11.932651000000135 ], [ 3.018397, 11.924365 ], [ 3.019678000000113, 11.91853 ], [ 3.018234, 11.913404000000128 ], [ 3.014607000000126, 11.907491 ], [ 3.01313000000016, 11.901919 ], [ 3.011956000000168, 11.893874000000153 ], [ 3.010512, 11.888748 ], [ 3.012775, 11.883895000000109 ], [ 3.015785, 11.878316 ], [ 3.015598, 11.870521 ], [ 3.017411000000152, 11.859819 ], [ 3.018683, 11.855201 ], [ 3.016505000000166, 11.849096000000145 ], [ 3.014072000000112, 11.843964 ], [ 3.014357, 11.839094 ], [ 3.014278000000104, 11.837036 ], [ 3.014394, 11.833744 ], [ 3.014426, 11.832823000000189 ], [ 3.01438322000007, 11.832667107000191 ], [ 3.013204, 11.828370000000177 ], [ 3.01299100000017, 11.823985 ], [ 3.009077000000161, 11.818597000000125 ], [ 3.004958, 11.80785 ], [ 3.001794000000132, 11.801495000000159 ], [ 2.998426000000165, 11.789535 ], [ 2.992801000000156, 11.781942 ], [ 2.985748000000115, 11.767276 ], [ 2.986765, 11.763630000000148 ], [ 2.981617, 11.758233000000189 ], [ 2.974747, 11.751849 ], [ 2.96638, 11.7474 ], [ 2.961719, 11.742981000000157 ], [ 2.959792000000107, 11.736633 ], [ 2.960561000000155, 11.733231 ], [ 2.958883, 11.726642 ], [ 2.95647, 11.719316000000163 ], [ 2.954045000000121, 11.713453000000186 ], [ 2.953107000000159, 11.707113000000163 ], [ 2.947479, 11.700251000000151 ], [ 2.944091, 11.691213000000175 ], [ 2.940253, 11.676814 ], [ 2.936392, 11.665338000000133 ], [ 2.932927, 11.66221400000012 ], [ 2.912673, 11.653351 ], [ 2.908045, 11.648536 ], [ 2.904688, 11.644787 ], [ 2.896217, 11.638972000000138 ], [ 2.888369000000125, 11.635878000000105 ], [ 2.876719, 11.636158 ], [ 2.871063000000163, 11.631916 ], [ 2.867653, 11.628715 ], [ 2.863662, 11.624433000000124 ], [ 2.866220000000169, 11.615617 ], [ 2.87051, 11.609493000000157 ], [ 2.871497, 11.604545 ], [ 2.870226000000173, 11.598009000000161 ], [ 2.870050000000163, 11.590899 ], [ 2.866872000000114, 11.574559 ], [ 2.863843000000145, 11.564235 ], [ 2.863579000000129, 11.561378000000104 ], [ 2.863086, 11.556045 ], [ 2.864507, 11.546162 ], [ 2.868227000000161, 11.539505 ], [ 2.866862, 11.529141 ], [ 2.865645, 11.524792 ], [ 2.862818, 11.522671 ], [ 2.859383, 11.518375 ], [ 2.854812, 11.513013000000115 ], [ 2.84742800000015, 11.506076000000121 ], [ 2.846184000000108, 11.500633 ], [ 2.855003, 11.498233 ], [ 2.863875000000121, 11.498021000000108 ], [ 2.872165, 11.496727 ], [ 2.875858, 11.488977 ], [ 2.879618000000107, 11.483962 ], [ 2.88001, 11.477386 ], [ 2.884229, 11.46853 ], [ 2.883026, 11.464727000000153 ], [ 2.879104, 11.463181000000134 ], [ 2.872938, 11.460592000000133 ], [ 2.866799000000128, 11.459099 ], [ 2.862363, 11.459205000000111 ], [ 2.860051000000112, 11.455429000000152 ], [ 2.855441, 11.448426 ], [ 2.852547, 11.44357 ], [ 2.851264000000128, 11.43648700000017 ], [ 2.849519000000157, 11.433247000000165 ], [ 2.849966, 11.430441000000144 ], [ 2.843220000000144, 11.425189000000103 ], [ 2.839232, 11.42090700000017 ], [ 2.836339000000123, 11.416051 ], [ 2.831323, 11.415075000000115 ], [ 2.820156000000168, 11.412059000000113 ], [ 2.814613, 11.412190000000123 ], [ 2.806244000000163, 11.410201 ], [ 2.802918000000147, 11.41028 ], [ 2.798271, 11.414417000000185 ], [ 2.792572000000121, 11.4181880000001 ], [ 2.790315, 11.416599 ], [ 2.78365, 11.416211 ], [ 2.778674, 11.416876 ], [ 2.774252000000104, 11.417528 ], [ 2.771494000000132, 11.41814 ], [ 2.768815000000188, 11.422034000000167 ], [ 2.763365, 11.425993000000176 ], [ 2.759458000000109, 11.424992000000145 ], [ 2.752871, 11.42788400000012 ], [ 2.747367000000168, 11.429655000000139 ], [ 2.739686, 11.433119 ], [ 2.733033, 11.433275000000151 ], [ 2.726948000000164, 11.433967 ], [ 2.72302800000017, 11.432417 ], [ 2.719768000000101, 11.435229000000163 ], [ 2.720982, 11.439579 ], [ 2.721088, 11.44395400000019 ], [ 2.72287, 11.448837 ], [ 2.724639, 11.453173 ], [ 2.726976, 11.458043 ], [ 2.729893000000118, 11.46399300000013 ], [ 2.727741, 11.46678 ], [ 2.725484000000165, 11.465192 ], [ 2.721682, 11.468565 ], [ 2.715649, 11.471441 ], [ 2.708468, 11.472705000000133 ], [ 2.704058, 11.473903000000121 ], [ 2.695266000000174, 11.477392000000179 ], [ 2.690949, 11.482418000000166 ], [ 2.686077000000125, 11.487457 ], [ 2.680650000000185, 11.492509 ], [ 2.675197, 11.496466 ], [ 2.670259000000158, 11.49877 ], [ 2.664238, 11.502192 ], [ 2.655972, 11.504574000000162 ], [ 2.652104000000122, 11.505212 ], [ 2.64331, 11.508699 ], [ 2.640048, 11.511512 ], [ 2.635729, 11.516536000000144 ], [ 2.634777000000156, 11.523125000000164 ], [ 2.634352000000149, 11.528606000000138 ], [ 2.633400000000108, 11.535195000000158 ], [ 2.63298900000018, 11.541224 ], [ 2.633738000000164, 11.549415 ], [ 2.634978000000103, 11.554856000000143 ], [ 2.636257, 11.56194 ], [ 2.63807700000018, 11.568465000000117 ], [ 2.638169000000175, 11.572293000000116 ], [ 2.638919, 11.580484000000126 ], [ 2.639272000000119, 11.595250000000135 ], [ 2.638847000000112, 11.600732 ], [ 2.637353000000132, 11.60788 ], [ 2.637457, 11.612256000000173 ], [ 2.634892, 11.62107 ], [ 2.630676000000108, 11.630469 ], [ 2.628920000000164, 11.626679 ], [ 2.622545, 11.615336 ], [ 2.619628000000148, 11.609385 ], [ 2.612893, 11.606257 ], [ 2.598250000000178, 11.597293 ], [ 2.58833, 11.60025700000017 ], [ 2.579004000000111, 11.604849000000115 ], [ 2.570786000000112, 11.609416000000181 ], [ 2.563717, 11.615597 ], [ 2.559459000000118, 11.623355000000117 ], [ 2.554685000000177, 11.632767000000115 ], [ 2.548247, 11.642216000000133 ], [ 2.546711000000187, 11.647723000000155 ], [ 2.536866, 11.653967 ], [ 2.530363, 11.660681000000125 ], [ 2.524285, 11.661915 ], [ 2.517200000000173, 11.667547000000127 ], [ 2.508387, 11.670484000000101 ], [ 2.501742000000149, 11.671182000000158 ], [ 2.493983000000185, 11.673035 ], [ 2.485702000000117, 11.673735001000068 ], [ 2.478604, 11.678819 ], [ 2.468667, 11.681232 ], [ 2.459764, 11.680339000000174 ], [ 2.457405, 11.674373 ], [ 2.448854, 11.66471700000011 ], [ 2.439825000000155, 11.658355 ], [ 2.427632, 11.659175 ], [ 2.414467, 11.666037 ], [ 2.403584, 11.675582 ], [ 2.396926000000178, 11.67573 ], [ 2.386977000000172, 11.677594 ], [ 2.381327999, 11.673342000000162 ], [ 2.375629, 11.666904 ], [ 2.37225, 11.66479 ], [ 2.36495, 11.661122 ], [ 2.356602000000123, 11.660213000000113 ], [ 2.346528, 11.656607000000179 ], [ 2.335006, 11.659866 ], [ 2.306524, 11.667919000000154 ], [ 2.29985049600009, 11.671399105999967 ], [ 2.30572891200012, 11.674420359000123 ], [ 2.309689998000124, 11.679710389000149 ], [ 2.309592007999981, 11.680810929000074 ], [ 2.306849717000034, 11.681978227000172 ], [ 2.304775953000046, 11.682860376000065 ], [ 2.303845882000076, 11.685850143000096 ], [ 2.304158926000071, 11.687081336000062 ], [ 2.306658983000034, 11.696891786000037 ], [ 2.300837993000187, 11.708391190000043 ], [ 2.300035953000076, 11.714539528000046 ], [ 2.299216985000157, 11.720811844000139 ], [ 2.30248999600002, 11.725399971000058 ], [ 2.30366897600004, 11.735288620000119 ], [ 2.313951970000119, 11.746089935999976 ], [ 2.316056014000139, 11.750224115000037 ], [ 2.319097996000153, 11.756201745000055 ], [ 2.32891011300012, 11.761241913 ], [ 2.335840941000185, 11.767881394000028 ], [ 2.338258982000127, 11.77020072900018 ], [ 2.338751792000039, 11.771330834000139 ], [ 2.339663030000111, 11.77342128700019 ], [ 2.340073595999968, 11.780273600000044 ], [ 2.340191125000047, 11.782235145000072 ], [ 2.340279909000117, 11.783716955000102 ], [ 2.340379001000144, 11.785370827000179 ], [ 2.349956035000105, 11.78927040200017 ], [ 2.357602926000141, 11.790592119000166 ], [ 2.360219970000173, 11.791044460000023 ], [ 2.362287760000186, 11.791401865000012 ], [ 2.370892048000144, 11.792889594000087 ], [ 2.372375010000098, 11.793140410999968 ], [ 2.372211933000187, 11.796609878000083 ], [ 2.372148037000045, 11.797969818000183 ], [ 2.371365548000028, 11.798791886000117 ], [ 2.370901108000169, 11.799280166000017 ], [ 2.368184089000181, 11.802120209000122 ], [ 2.369876146000081, 11.806468963000043 ], [ 2.370059729000104, 11.806941032999987 ], [ 2.36773300200008, 11.813389777000168 ], [ 2.37007403400014, 11.818208695000067 ], [ 2.377019643000096, 11.821687699000165 ], [ 2.381057024000086, 11.823710442000106 ], [ 2.382031918000109, 11.825519563000114 ], [ 2.383162976000051, 11.827618599000061 ], [ 2.382860898000104, 11.82862091100003 ], [ 2.382469893000177, 11.829919814000164 ], [ 2.378031970000052, 11.830848695000157 ], [ 2.375463962000026, 11.833380700000134 ], [ 2.374304056000028, 11.837061882000057 ], [ 2.375396489000082, 11.843899727000178 ], [ 2.375479936000147, 11.844421386000079 ], [ 2.377192736000097, 11.848827363000055 ], [ 2.379230976000144, 11.854070664000176 ], [ 2.389051914000049, 11.862791062000156 ], [ 2.394096136000144, 11.864747049000073 ], [ 2.400268555000082, 11.867139817000179 ], [ 2.402607917000182, 11.870590210000103 ], [ 2.402386666000098, 11.87438869500005 ], [ 2.402379989000167, 11.874501228000042 ], [ 2.401427031000026, 11.876273156000082 ], [ 2.399729967000098, 11.879427909000071 ], [ 2.398407935000137, 11.881888391000075 ], [ 2.394463063000046, 11.88923072800003 ], [ 2.395867109000051, 11.892494202000023 ], [ 2.397146941000074, 11.895468711000035 ], [ 2.402411938000057, 11.896108628000093 ], [ 2.404536962000179, 11.897782328000062 ], [ 2.404751062000173, 11.897951127000056 ], [ 2.404860497000072, 11.898568154000031 ], [ 2.405400038000039, 11.901610375000132 ], [ 2.406939029000057, 11.902812005999976 ], [ 2.411439896000047, 11.906319619000044 ], [ 2.404690982000147, 11.910330772 ], [ 2.404002905000141, 11.910738946000038 ], [ 2.400604963000035, 11.912760734000187 ], [ 2.39974999500015, 11.913390161000109 ], [ 2.402259110000045, 11.919659614000068 ], [ 2.395417928000086, 11.926906585999973 ], [ 2.391768931000058, 11.930770875000064 ], [ 2.399211883000021, 11.937225342000033 ], [ 2.402669907000188, 11.940221787999974 ], [ 2.406420946000139, 11.949812890999965 ], [ 2.406678915000043, 11.950473786000032 ], [ 2.406951905000085, 11.95034408500004 ], [ 2.407866001000059, 11.949911117000113 ], [ 2.409238419000076, 11.949773007000033 ], [ 2.412538052000173, 11.949440957000093 ], [ 2.413387222000097, 11.950092186000063 ], [ 2.419037497000147, 11.954425382000125 ], [ 2.419038057000023, 11.954425811000078 ], [ 2.420022965000157, 11.955180169000187 ], [ 2.422232447000169, 11.955221886000174 ], [ 2.427898339000023, 11.955328865000013 ], [ 2.431236028000058, 11.955391884 ], [ 2.432143926000037, 11.956729889000144 ], [ 2.433577061, 11.958840370000075 ], [ 2.431024074000106, 11.970110894000186 ], [ 2.432667971000114, 11.975158692000036 ], [ 2.43710708600014, 11.976539612000067 ], [ 2.440011535000053, 11.979507284000135 ], [ 2.442725897000116, 11.982280731000174 ], [ 2.445266961000186, 11.98211669900013 ], [ 2.446465969000087, 11.982040405000191 ], [ 2.447407006000049, 11.981360436000159 ], [ 2.447407856000154, 11.981359823 ], [ 2.449240804000112, 11.980037082000081 ], [ 2.453958823000107, 11.976632338000115 ], [ 2.455096959000116, 11.975811005000082 ], [ 2.458837031000144, 11.976268769000114 ], [ 2.459244966000085, 11.976893426 ], [ 2.459335719000023, 11.977031659000033 ], [ 2.459335720031882, 11.977031659048402 ], [ 2.460942984000042, 11.979479790000141 ], [ 2.463788986000168, 11.982541084000161 ], [ 2.46452498400015, 11.983337403 ], [ 2.465708016000121, 11.984610558000099 ], [ 2.466087104000053, 11.988170625000066 ], [ 2.468417883000086, 11.994621277000022 ], [ 2.466773034000141, 12.010951043000034 ], [ 2.463725091000128, 12.023820878000038 ], [ 2.459980965000113, 12.03209877200004 ], [ 2.455538987000125, 12.036460877000081 ], [ 2.449923039000169, 12.045661927000026 ], [ 2.445012093000059, 12.051630973999977 ], [ 2.437288047000095, 12.0668096550001 ], [ 2.422780990000149, 12.089559556000097 ], [ 2.41201209999997, 12.111168861000067 ], [ 2.399827957000014, 12.142659187000049 ], [ 2.392544031000057, 12.182669639000096 ], [ 2.392488956000079, 12.183112145000109 ], [ 2.391177894000123, 12.193626405000032 ], [ 2.38884902000018, 12.212280274000022 ], [ 2.388070105999986, 12.218529702000012 ], [ 2.387983084000098, 12.219103814000107 ], [ 2.386394024000083, 12.229552269000123 ], [ 2.385479927000176, 12.235549928000182 ], [ 2.387346982000054, 12.242220879000115 ], [ 2.392801047000034, 12.244601251000063 ], [ 2.400227447000077, 12.247842499000058 ], [ 2.4037089360001, 12.24936199299998 ], [ 2.405632974000127, 12.249544146000062 ], [ 2.424427156000149, 12.251341559000025 ], [ 2.425457, 12.251440050000042 ], [ 2.42759204000015, 12.253063203000181 ], [ 2.429604710000035, 12.254595054000163 ], [ 2.429757297000151, 12.254711189000091 ], [ 2.430598021000094, 12.255351067000106 ], [ 2.434552909000104, 12.263230324 ], [ 2.438278913000033, 12.262820245000114 ], [ 2.439213037000059, 12.262104034000117 ], [ 2.441285116000188, 12.260511836000148 ], [ 2.443071301000089, 12.259139320000088 ], [ 2.446686984000166, 12.256361008000113 ], [ 2.451233297000044, 12.254562430000135 ], [ 2.45194697400018, 12.254280091000112 ], [ 2.452529906000109, 12.254050256000028 ], [ 2.456037998000113, 12.25450992500015 ], [ 2.457139015000166, 12.2556839 ], [ 2.459650039999985, 12.252961160000154 ], [ 2.464040041000089, 12.253258705000178 ], [ 2.468559981000112, 12.264671326000041 ], [ 2.468962020000106, 12.267015064000191 ], [ 2.469360114000153, 12.269335793999971 ], [ 2.469810964000146, 12.271964073000106 ], [ 2.469852636000041, 12.272205610000128 ], [ 2.46988105700018, 12.27237033900019 ], [ 2.470228788000099, 12.272456367000188 ], [ 2.474210024000172, 12.273441315000127 ], [ 2.474240306000183, 12.273435618000121 ], [ 2.491440057000148, 12.270199776000084 ], [ 2.493726088000017, 12.269290054000123 ], [ 2.494601011000043, 12.268941879000181 ], [ 2.494680435000021, 12.26905148100019 ], [ 2.499578952999968, 12.275811196 ], [ 2.503001500000096, 12.276706205000096 ], [ 2.505661964000126, 12.277401925000106 ], [ 2.505900509000071, 12.278541829000119 ], [ 2.506356209000103, 12.280719417000171 ], [ 2.508019924, 12.288669586000083 ], [ 2.511070012000118, 12.29372120000005 ], [ 2.514347076000035, 12.294400215000053 ], [ 2.516210842000078, 12.292352288000131 ], [ 2.517396926000117, 12.291049006000151 ], [ 2.522516014000018, 12.28542041999998 ], [ 2.530225992000055, 12.281721115000096 ], [ 2.530399085000113, 12.281509400000061 ], [ 2.536061048000079, 12.27458000300004 ], [ 2.538069010000129, 12.275528909 ], [ 2.541722058, 12.277249336000182 ], [ 2.541630984000108, 12.274338723000142 ], [ 2.5428777300001, 12.274266909000062 ], [ 2.546448947000044, 12.274061204000191 ], [ 2.547470093000186, 12.274430793000136 ], [ 2.551139117000162, 12.27575874300004 ], [ 2.554008961000136, 12.279720307000105 ], [ 2.55834198000008, 12.278329849000158 ], [ 2.565249921000088, 12.279079438000053 ], [ 2.56639157800015, 12.28027880000019 ], [ 2.567198037000026, 12.281126022000137 ], [ 2.569986105000112, 12.280489922000072 ], [ 2.57249999000004, 12.281634331000191 ], [ 2.573636475000171, 12.281576635000022 ], [ 2.575731039000118, 12.281470300000024 ], [ 2.576708134000057, 12.280462184999976 ], [ 2.579530955000109, 12.277549745999977 ], [ 2.589469910000105, 12.291798592000134 ], [ 2.589933761000168, 12.292741332000162 ], [ 2.591013045000125, 12.294934886000135 ], [ 2.591822015000105, 12.296579053000187 ], [ 2.592647075000173, 12.298255920000088 ], [ 2.593083294999985, 12.298120654000115 ], [ 2.595983981000188, 12.297221184000136 ], [ 2.599302027000135, 12.298768338000059 ], [ 2.601810932000149, 12.299938202000021 ], [ 2.603090049000173, 12.298370361000082 ], [ 2.605962913000042, 12.298996928000122 ], [ 2.610130071000015, 12.299905777000106 ], [ 2.614411117000031, 12.300841331000072 ], [ 2.62050893300011, 12.298521072000028 ], [ 2.62786007, 12.295723916000043 ], [ 2.62944102299997, 12.295120240000188 ], [ 2.62966203600007, 12.295398085000159 ], [ 2.629662114999974, 12.295398185000181 ], [ 2.630575895000106, 12.296546935000038 ], [ 2.633001088000128, 12.297281265000038 ], [ 2.637904629000047, 12.29711639900006 ], [ 2.639665594000178, 12.297057192000068 ], [ 2.640460969000173, 12.297030451000069 ], [ 2.656862021000052, 12.302950860000067 ], [ 2.658632995000062, 12.303792001000147 ], [ 2.660196345000088, 12.304534825000133 ], [ 2.663261017000139, 12.305991 ], [ 2.663429976000032, 12.306071281000072 ], [ 2.664499208, 12.305902572000036 ], [ 2.668090515000074, 12.305335915000171 ], [ 2.67274999600005, 12.304600715000049 ], [ 2.678080083000054, 12.300521851000099 ], [ 2.678807333, 12.299013543000171 ], [ 2.679311038000037, 12.297968864000154 ], [ 2.679579972999989, 12.297410965000097 ], [ 2.679636894000168, 12.297379626000065 ], [ 2.680213929000047, 12.29706192000009 ], [ 2.681745085000102, 12.296221395999964 ], [ 2.683579403000181, 12.295214454000188 ], [ 2.68508005100017, 12.294390679000117 ], [ 2.684693649000167, 12.292429019000167 ], [ 2.684529539999971, 12.291595875000155 ], [ 2.68449902600014, 12.29144096400006 ], [ 2.6860098840001, 12.284320832000162 ], [ 2.684455322000076, 12.280813893000129 ], [ 2.684140923000086, 12.280104638000182 ], [ 2.686228037000092, 12.28067016600005 ], [ 2.688103916000159, 12.282731057000149 ], [ 2.695821047000152, 12.298629761000029 ], [ 2.7052710050001, 12.318100930000014 ], [ 2.709120589000122, 12.329438985000138 ], [ 2.71303087900003, 12.34095583300001 ], [ 2.71587800900005, 12.349341394000078 ], [ 2.719826818000172, 12.352356391000058 ], [ 2.723381043000188, 12.355070115000046 ], [ 2.723993973000063, 12.355929132000028 ], [ 2.7287819390001, 12.362639427000033 ], [ 2.732021880000048, 12.36227293800016 ], [ 2.732929945000137, 12.362170221000099 ], [ 2.734239841000146, 12.363757650000082 ], [ 2.735062044000074, 12.364754058000074 ], [ 2.755970000000161, 12.390091896000115 ], [ 2.775166988000137, 12.411000251000189 ], [ 2.792251110000052, 12.416508674000056 ], [ 2.794594050000114, 12.418351173000133 ], [ 2.805824041000164, 12.417421342000068 ], [ 2.819160939000028, 12.413730621000127 ], [ 2.830308499000068, 12.408527762000119 ], [ 2.832467080000072, 12.407520296000087 ], [ 2.835560082000029, 12.40694141400013 ], [ 2.838888882999981, 12.406669619000127 ], [ 2.842992068000115, 12.403461457000105 ], [ 2.844314098000098, 12.402425767000182 ], [ 2.845153094000068, 12.401769638000189 ], [ 2.845279933000143, 12.401670457000023 ], [ 2.846514942000113, 12.400429727000073 ], [ 2.846785247000184, 12.400306815000022 ], [ 2.857290983000098, 12.395529748000058 ], [ 2.862840891000076, 12.392110825000088 ], [ 2.868608951000056, 12.390277862000062 ], [ 2.871654193000097, 12.388323832000026 ], [ 2.872178588000054, 12.38798734500017 ], [ 2.872499943000093, 12.387781143000154 ], [ 2.873199204000173, 12.387044694000053 ], [ 2.873434516000088, 12.386796867000044 ], [ 2.874369761000082, 12.385811884000191 ], [ 2.877780913000095, 12.382219315000043 ], [ 2.880626223000149, 12.378664666000191 ], [ 2.880720802000042, 12.378546507000067 ], [ 2.881109952000088, 12.378060343000186 ], [ 2.882055304000176, 12.377822092000088 ], [ 2.882538980000049, 12.377700194000113 ], [ 2.884439945, 12.377221108000072 ], [ 2.88512759300005, 12.375355150000075 ], [ 2.886861086000067, 12.370651246000079 ], [ 2.887266416000045, 12.370268092000174 ], [ 2.890491009000129, 12.36721992400004 ], [ 2.904394615000115, 12.352169982000021 ], [ 2.90510961300015, 12.351396035 ], [ 2.906620980000071, 12.349760057000026 ], [ 2.906925916000034, 12.349427224000067 ], [ 2.910984889000076, 12.34613868100007 ], [ 2.914449929000057, 12.343331337000109 ], [ 2.919269664000126, 12.339046037000116 ], [ 2.921426286000042, 12.337128551999967 ], [ 2.921941042000185, 12.336670876000142 ], [ 2.922688620000088, 12.336293882 ], [ 2.923609018000036, 12.335829736000164 ], [ 2.925159129000122, 12.33547357700013 ], [ 2.927220107000096, 12.335000039000022 ], [ 2.933609962000048, 12.328060149000066 ], [ 2.935559033000118, 12.324721338000131 ], [ 2.941390991000048, 12.318327903000068 ], [ 2.944441079000171, 12.316671371000155 ], [ 2.944917714000042, 12.315964554000175 ], [ 2.951689790000103, 12.305922026000076 ], [ 2.952388632000066, 12.304885691000038 ], [ 2.953059911000082, 12.303890229000103 ], [ 2.954031199000156, 12.300174471000105 ], [ 2.954252004000011, 12.299329758000113 ], [ 2.954557317000138, 12.298980308000182 ], [ 2.95476069, 12.298747536000121 ], [ 2.958488940000109, 12.294480323000073 ], [ 2.971812964000151, 12.288941384000168 ], [ 2.97487211300006, 12.287983893999979 ], [ 2.981401921000156, 12.285940171000107 ], [ 2.983968018999974, 12.284031869000103 ], [ 2.984623909999982, 12.283543586000121 ], [ 2.988950015000114, 12.280325890000029 ], [ 2.990191936000087, 12.279400826000028 ], [ 2.993556023000167, 12.27690124500009 ], [ 2.993587970000078, 12.276613236000117 ], [ 2.9944698810001, 12.276221275000125 ], [ 2.994610730000147, 12.276158722 ], [ 3.000926971000069, 12.27335357600009 ], [ 3.009720088000108, 12.269450189000111 ], [ 3.01360988600004, 12.266388895000148 ], [ 3.019064020000144, 12.257811453000102 ], [ 3.01943993600014, 12.25722026800014 ], [ 3.019635712000024, 12.256611570000018 ], [ 3.02072248900015, 12.25323260100015 ], [ 3.021672011000021, 12.250280380000049 ], [ 3.025279046000094, 12.240831375000084 ], [ 3.025490401000127, 12.240487824000184 ], [ 3.025821384000039, 12.239949822000085 ], [ 3.029721021, 12.233611106000183 ], [ 3.033029862000149, 12.230105918000049 ], [ 3.033436712000082, 12.229674924999983 ], [ 3.034441947000175, 12.228610039000159 ], [ 3.035550666000177, 12.228297411000085 ], [ 3.036390066000024, 12.228060723 ], [ 3.039999962000081, 12.226110459000097 ], [ 3.046098948000065, 12.21976852500012 ], [ 3.050666712000179, 12.215868630000102 ], [ 3.055274575000112, 12.211934497000129 ], [ 3.058911708000039, 12.208829160000164 ], [ 3.059170008000081, 12.208608627000103 ], [ 3.059999942000047, 12.206110955000042 ], [ 3.058059931000173, 12.201668739000183 ], [ 3.059719086000086, 12.196106911000072 ], [ 3.063273230000163, 12.192472751000139 ], [ 3.0719399460001, 12.183610916000077 ], [ 3.072104627000158, 12.183499749000021 ], [ 3.072407571000156, 12.183295245000181 ], [ 3.079678382, 12.178387082000029 ], [ 3.081646919000093, 12.177058221000152 ], [ 3.082221031000188, 12.176671028000158 ], [ 3.082925370000112, 12.176538172 ], [ 3.083570958000053, 12.176416399000175 ], [ 3.09694004000005, 12.173890116000109 ], [ 3.098698757000022, 12.173261633000095 ], [ 3.100831032000144, 12.17249965700006 ], [ 3.106829203000188, 12.168141520000177 ], [ 3.106908660000101, 12.168083789000093 ], [ 3.106940984000119, 12.168060303000118 ], [ 3.113889932000063, 12.162779809000028 ], [ 3.124998094000091, 12.157501222000178 ], [ 3.125316287000032, 12.157150946000115 ], [ 3.125483163000183, 12.156967246000022 ], [ 3.127779008000118, 12.15443992600018 ], [ 3.12721800900016, 12.140277862000062 ], [ 3.133059978000119, 12.136109352000176 ], [ 3.135138125000026, 12.135020690000147 ], [ 3.143023066000069, 12.130890069000031 ], [ 3.144720077000045, 12.130001068000126 ], [ 3.154170990000125, 12.12250137400008 ], [ 3.155544390000102, 12.121655682000096 ], [ 3.162672687000054, 12.117266321000102 ], [ 3.168380591000187, 12.11375158900006 ], [ 3.168610096000066, 12.113610268 ], [ 3.175224066000169, 12.106995583000071 ], [ 3.175328971000056, 12.106890678000013 ], [ 3.176388026000041, 12.105831146000128 ], [ 3.182780980000189, 12.095280647000152 ], [ 3.185281992000171, 12.090000154000165 ], [ 3.188889027000073, 12.083608627000046 ], [ 3.194169999000053, 12.078888893000169 ], [ 3.194520239999974, 12.078631471000165 ], [ 3.19536637900012, 12.078009573000031 ], [ 3.19591559800017, 12.077605906000144 ], [ 3.198329926000099, 12.075831413000117 ], [ 3.201109887000143, 12.07332992500011 ], [ 3.204784449000044, 12.070274098000141 ], [ 3.20611095400011, 12.069170953000082 ], [ 3.207727986000179, 12.068321867000122 ], [ 3.211759222000126, 12.06620510900018 ], [ 3.211941004000039, 12.066109657000084 ], [ 3.215550929000074, 12.063824967000016 ], [ 3.220279932000096, 12.060832025000025 ], [ 3.221254372000089, 12.059675024000114 ], [ 3.224720001000037, 12.055560113000126 ], [ 3.230278969000096, 12.050278663000086 ], [ 3.230405776000168, 12.050120019000133 ], [ 3.231130695000047, 12.049213092000116 ], [ 3.232501030000151, 12.047498703000144 ], [ 3.234720944000173, 12.038331985000184 ], [ 3.238595008000061, 12.033543586000178 ], [ 3.239944971000114, 12.032436324000059 ], [ 3.240094901000077, 12.032313348000173 ], [ 3.255230903000097, 12.019901277000031 ], [ 3.261753083000087, 12.016189576000158 ], [ 3.26056599500015, 12.011599540000134 ], [ 3.258857012000021, 12.009118081000111 ], [ 3.258176031000062, 12.008129336000081 ], [ 3.252764940000077, 12.000272752000171 ] ] ] ] } },
{ "type": "Feature", "properties": { "fid": 5, "GID_2": "BEN.1.5_1", "GID_0": "BEN", "COUNTRY": "Benin", "GID_1": "BEN.1_1", "NAME_1": "Alibori", "NL_NAME_1": "NA", "NAME_2": "Malanville", "VARNAME_2": "NA", "NL_NAME_2": "NA", "TYPE_2": "Commune", "ENGTYPE_2": "Commune", "CC_2": "NA", "HASC_2": "BJ.AL.MA" }, "geometry": { "type": "MultiPolygon", "coordinates": [ [ [ [ 3.582778931000064, 11.714440346000174 ], [ 3.588330984000152, 11.710828781000032 ], [ 3.599153995999984, 11.701271058000145 ], [ 3.601439953000067, 11.699610711 ], [ 3.605076074000067, 11.696969986999989 ], [ 3.600501060000113, 11.692332267000154 ], [ 3.600157023000122, 11.691953659000092 ], [ 3.600090980000061, 11.691823960000079 ], [ 3.597512960000131, 11.686601639000116 ], [ 3.591594934, 11.674620629000174 ], [ 3.591212034000137, 11.673298835000026 ], [ 3.590373039999974, 11.670409202000144 ], [ 3.586447953000061, 11.656685829000025 ], [ 3.586394071000029, 11.656595230000107 ], [ 3.585263013000031, 11.654779435000023 ], [ 3.578346013999976, 11.643663405999973 ], [ 3.578217983000172, 11.643384933000164 ], [ 3.571485997000025, 11.628896714000177 ], [ 3.565984012000172, 11.616988182000171 ], [ 3.565922022000166, 11.616787910000141 ], [ 3.565293074000181, 11.61474800100018 ], [ 3.561295987000165, 11.601594925000086 ], [ 3.561183929000094, 11.601078033000135 ], [ 3.556899071000146, 11.581214905000138 ], [ 3.550502061000032, 11.551561356000036 ], [ 3.54991602900003, 11.548837662999972 ], [ 3.549341917000106, 11.546177864000072 ], [ 3.549154996000027, 11.545311928000046 ], [ 3.535629987000164, 11.476379395000151 ], [ 3.529782580000131, 11.450448265000091 ], [ 3.522546054000031, 11.418356896000034 ], [ 3.5221239440001, 11.416494903000057 ], [ 3.521871090000104, 11.415379524000059 ], [ 3.516428947000065, 11.391235353000127 ], [ 3.516415569000173, 11.391176526000152 ], [ 3.516315058000146, 11.390734512 ], [ 3.513845921000041, 11.379876138000043 ], [ 3.507174969000175, 11.350529671000118 ], [ 3.503484963, 11.333386422 ], [ 3.503117155000155, 11.331676777000041 ], [ 3.502612323000108, 11.332922563000068 ], [ 3.478864000000101, 11.391527 ], [ 3.473547000000167, 11.392131 ], [ 3.470569999000134, 11.392469000000176 ], [ 3.464659999000162, 11.392758 ], [ 3.454122, 11.392532 ], [ 3.44835899900005, 11.392547 ], [ 3.441599000000167, 11.393097 ], [ 3.436959000000115, 11.393136 ], [ 3.420972, 11.391403 ], [ 3.417877999000098, 11.391476 ], [ 3.415067999000144, 11.391415000000165 ], [ 3.409424, 11.392405 ], [ 3.406049, 11.392472 ], [ 3.396494000000132, 11.392267000000174 ], [ 3.394398999000089, 11.391666000000157 ], [ 3.388757000000169, 11.386127000000158 ], [ 3.386117, 11.384681 ], [ 3.383948000000146, 11.383151000000112 ], [ 3.383072000000141, 11.382532 ], [ 3.37974800000012, 11.380238000000134 ], [ 3.377677000000176, 11.37852700000019 ], [ 3.369912, 11.373637 ], [ 3.368397, 11.372216 ], [ 3.36591, 11.370217 ], [ 3.365855, 11.366327 ], [ 3.366331, 11.363836 ], [ 3.367039000000148, 11.357184000000132 ], [ 3.366562000000158, 11.353284 ], [ 3.364848, 11.348108 ], [ 3.363659, 11.344609 ], [ 3.362180000000137, 11.341522000000111 ], [ 3.358606000000179, 11.337833 ], [ 3.355671000000143, 11.337076 ], [ 3.352329, 11.335615000000189 ], [ 3.346336000000122, 11.333263000000102 ], [ 3.343956, 11.332795 ], [ 3.338477000000182, 11.332678 ], [ 3.334512, 11.333982000000105 ], [ 3.330227, 11.337085000000116 ], [ 3.32892, 11.339001 ], [ 3.328007, 11.342177000000106 ], [ 3.32656900000012, 11.343674 ], [ 3.324034000000154, 11.34389700000014 ], [ 3.321373, 11.343423 ], [ 3.312768, 11.338377 ], [ 3.310532000000137, 11.337773 ], [ 3.30533000000014, 11.337800000000129 ], [ 3.302533000000153, 11.33718400000015 ], [ 3.299053000000185, 11.335582000000102 ], [ 3.296564000000103, 11.333722 ], [ 3.289666000000125, 11.327740000000176 ], [ 3.28651, 11.324199000000135 ], [ 3.285025000000132, 11.321389000000124 ], [ 3.280318, 11.318093 ], [ 3.27852200000018, 11.316665 ], [ 3.273234000000116, 11.3078 ], [ 3.269552000000147, 11.302582000000143 ], [ 3.265260000000126, 11.299572000000126 ], [ 3.263180000000148, 11.298277 ], [ 3.260544000000152, 11.296693000000118 ], [ 3.255835000000104, 11.298894000000189 ], [ 3.23545, 11.321491 ], [ 3.222465, 11.335883 ], [ 3.219376, 11.340253 ], [ 3.21694900000017, 11.342713 ], [ 3.210672, 11.34872 ], [ 3.207376000000181, 11.352694 ], [ 3.20079, 11.360364000000175 ], [ 3.18798, 11.379187 ], [ 3.187039, 11.385010000000136 ], [ 3.185689, 11.39013 ], [ 3.179657000000134, 11.39822700000019 ], [ 3.172683, 11.403944000000138 ], [ 3.166016000000184, 11.408137000000181 ], [ 3.160457000000122, 11.413183 ], [ 3.149625, 11.431206 ], [ 3.14718100000016, 11.434639 ], [ 3.145584, 11.437809000000129 ], [ 3.142976, 11.442629000000125 ], [ 3.137645, 11.450738000000172 ], [ 3.130322, 11.460481000000186 ], [ 3.123468000000116, 11.467451 ], [ 3.117457000000172, 11.474297 ], [ 3.113729, 11.478959000000145 ], [ 3.101465000000189, 11.490422 ], [ 3.094056, 11.496965000000159 ], [ 3.092059000000177, 11.498877 ], [ 3.079355, 11.511444000000154 ], [ 3.07249800000011, 11.518554000000108 ], [ 3.060931000000153, 11.530307 ], [ 3.055755000000147, 11.537585 ], [ 3.048874000000126, 11.546084000000121 ], [ 3.042602000000102, 11.551813 ], [ 3.0332140000001, 11.559156 ], [ 3.022962, 11.567874 ], [ 3.014561, 11.574956 ], [ 3.009162000000117, 11.578893000000164 ], [ 2.998514000000171, 11.586075 ], [ 2.994964, 11.588515 ], [ 2.990946000000122, 11.593728000000112 ], [ 2.984895, 11.602937 ], [ 2.976034, 11.612374000000159 ], [ 2.969350000000134, 11.61754000000019 ], [ 2.965099000000123, 11.619968 ], [ 2.961841000000163, 11.621718 ], [ 2.956605, 11.624268000000143 ], [ 2.946659, 11.631462000000113 ], [ 2.944091, 11.633919 ], [ 2.94024700000017, 11.637188000000151 ], [ 2.936414, 11.639763 ], [ 2.932034, 11.641493 ], [ 2.925222, 11.645961 ], [ 2.918454000000168, 11.647789000000103 ], [ 2.914371000000187, 11.648551000000111 ], [ 2.910515, 11.648207 ], [ 2.908045, 11.648536 ], [ 2.912673, 11.653351 ], [ 2.932927, 11.66221400000012 ], [ 2.936392, 11.665338000000133 ], [ 2.940253, 11.676814 ], [ 2.944091, 11.691213000000175 ], [ 2.947479, 11.700251000000151 ], [ 2.953107000000159, 11.707113000000163 ], [ 2.954045000000121, 11.713453000000186 ], [ 2.95647, 11.719316000000163 ], [ 2.958883, 11.726642 ], [ 2.960561000000155, 11.733231 ], [ 2.959792000000107, 11.736633 ], [ 2.961719, 11.742981000000157 ], [ 2.96638, 11.7474 ], [ 2.974747, 11.751849 ], [ 2.981617, 11.758233000000189 ], [ 2.986765, 11.763630000000148 ], [ 2.985748000000115, 11.767276 ], [ 2.992801000000156, 11.781942 ], [ 2.998426000000165, 11.789535 ], [ 3.001794000000132, 11.801495000000159 ], [ 3.004958, 11.80785 ], [ 3.009077000000161, 11.818597000000125 ], [ 3.01299100000017, 11.823985 ], [ 3.013204, 11.828370000000177 ], [ 3.01438322000007, 11.832667107000191 ], [ 3.014426, 11.832823000000189 ], [ 3.014394001000028, 11.833744 ], [ 3.01427800099998, 11.837036 ], [ 3.014357, 11.839094 ], [ 3.014072000000112, 11.843964 ], [ 3.016505000000166, 11.849095999000042 ], [ 3.018683001000113, 11.855200998999976 ], [ 3.017411000000152, 11.85981899899997 ], [ 3.015598, 11.870521 ], [ 3.015785, 11.878316 ], [ 3.012775000999966, 11.883895000000109 ], [ 3.010512001000166, 11.888748 ], [ 3.011956001000101, 11.893874000000153 ], [ 3.01313000000016, 11.901919 ], [ 3.014607001000059, 11.907491 ], [ 3.01823400100011, 11.913404000000128 ], [ 3.019678001000045, 11.91853 ], [ 3.018397, 11.924365 ], [ 3.01907500100009, 11.932651000000135 ], [ 3.020026001000076, 11.937529000000154 ], [ 3.019266001000062, 11.939959000000101 ], [ 3.017752, 11.943843000000129 ], [ 3.018934001000105, 11.95091499900002 ], [ 3.026055001000088, 11.957543999000166 ], [ 3.030484001000104, 11.960499000000141 ], [ 3.031689001000132, 11.964649000000179 ], [ 3.037593, 11.968832999000028 ], [ 3.042537, 11.969113 ], [ 3.049948, 11.970385000000135 ], [ 3.058815001000141, 11.975322 ], [ 3.068398000000172, 11.983671000000186 ], [ 3.074546000999987, 11.988098560000083 ], [ 3.077540001000102, 11.984956000000125 ], [ 3.077568, 11.981303 ], [ 3.079804391000039, 11.976742187000013 ], [ 3.079829, 11.976692 ], [ 3.08601, 11.976981 ], [ 3.092926001000023, 11.978249000000119 ], [ 3.099378001000105, 11.975372000000107 ], [ 3.105800656000099, 11.97009986300003 ], [ 3.105848, 11.970061000000101 ], [ 3.107111658, 11.964763741000127 ], [ 3.107124001000102, 11.964712 ], [ 3.110832000000187, 11.964982000000191 ], [ 3.118154557000082, 11.965118954000161 ], [ 3.12199, 11.961165 ], [ 3.12030500100002, 11.954822 ], [ 3.121328000000176, 11.950200000000109 ], [ 3.12484400000011, 11.942919999000026 ], [ 3.130277, 11.937162999000122 ], [ 3.138447000000156, 11.936002 ], [ 3.149577001000068, 11.935836999 ], [ 3.152021, 11.939751000000115 ], [ 3.156686, 11.944411 ], [ 3.160394, 11.944681000000173 ], [ 3.160438119000105, 11.944631571000116 ], [ 3.163685, 11.941001 ], [ 3.169434, 11.932517 ], [ 3.174156746000165, 11.925525863000075 ], [ 3.184799001000101, 11.920983000000149 ], [ 3.192471, 11.92006199900004 ], [ 3.201893, 11.916472999000121 ], [ 3.21009800000013, 11.910195999000166 ], [ 3.218019, 11.909032 ], [ 3.224183, 11.911509 ], [ 3.228343001000098, 11.917869 ], [ 3.229536001000042, 11.924209 ], [ 3.232765000000143, 11.92204 ], [ 3.232776704000059, 11.922015736000162 ], [ 3.232815000000187, 11.921990000000164 ], [ 3.236328, 11.914708000000189 ], [ 3.241806000000167, 11.909142999000096 ], [ 3.245552000000146, 11.90381 ], [ 3.24778102800002, 11.89925515900012 ], [ 3.252446001000067, 11.900983 ], [ 3.260378000000117, 11.898113 ], [ 3.268305001000101, 11.895974 ], [ 3.269365000000107, 11.897697000000107 ], [ 3.268756000000167, 11.899419 ], [ 3.268743856000071, 11.899451243000044 ], [ 3.26605700000016, 11.906584999000188 ], [ 3.262761000000125, 11.91128 ], [ 3.26398, 11.913723999000013 ], [ 3.268149001000154, 11.918866000000151 ], [ 3.273106, 11.917192999000179 ], [ 3.279807001000165, 11.913584 ], [ 3.286681, 11.928067 ], [ 3.286719529000095, 11.927993831000151 ], [ 3.286731001000021, 11.928018000000122 ], [ 3.283657251000079, 11.933855011000162 ], [ 3.283590933000085, 11.934139672000185 ], [ 3.285594940000067, 11.934057236000115 ], [ 3.291023970000026, 11.931428909000147 ], [ 3.29181790399997, 11.928750993000108 ], [ 3.2964230770001, 11.913180686000089 ], [ 3.302057983, 11.89412880000009 ], [ 3.307631971000092, 11.887660979999964 ], [ 3.317239047000044, 11.886370659000079 ], [ 3.320368714000097, 11.885949609000022 ], [ 3.321867943000086, 11.885747910000134 ], [ 3.325381995000043, 11.887800217000063 ], [ 3.336388111000133, 11.885764121000136 ], [ 3.339380979000111, 11.885210990000132 ], [ 3.340434075000019, 11.885403634000056 ], [ 3.352031946000125, 11.887539864000075 ], [ 3.365399720000084, 11.890006899000184 ], [ 3.370939970000165, 11.891029358000139 ], [ 3.379570962, 11.886721610000052 ], [ 3.383610010999973, 11.886388778000025 ], [ 3.389697074000139, 11.884363175000033 ], [ 3.393610955000042, 11.88306140800006 ], [ 3.403048040000101, 11.877499581000052 ], [ 3.408463982, 11.877169021000043 ], [ 3.408463984134638, 11.87716901986988 ], [ 3.41222000200014, 11.876939773000117 ], [ 3.415230035000036, 11.87776470100016 ], [ 3.418329953000182, 11.87860965800013 ], [ 3.426110983000058, 11.874719621000054 ], [ 3.431941033000157, 11.874999999000181 ], [ 3.441109895000125, 11.876939773000117 ], [ 3.447220087000119, 11.874999999000181 ], [ 3.461390018000088, 11.865280151000093 ], [ 3.472219943000084, 11.864721298000177 ], [ 3.481389045000014, 11.861391067000056 ], [ 3.486670018000098, 11.856940270000109 ], [ 3.488350022626145, 11.853234246442671 ], [ 3.488350027000081, 11.85323423900013 ], [ 3.489439010000069, 11.85083198600006 ], [ 3.492479085000127, 11.845708847000083 ], [ 3.493890046000104, 11.843331338000098 ], [ 3.502701044000105, 11.832368851000183 ], [ 3.509438992000184, 11.82750129700014 ], [ 3.514719010000078, 11.822780609000176 ], [ 3.514924049000058, 11.822521210000104 ], [ 3.521110058000033, 11.81471920000007 ], [ 3.520970666000039, 11.811400853000066 ], [ 3.520829916000139, 11.808050157000139 ], [ 3.519958973000087, 11.803154945000074 ], [ 3.519448041000089, 11.800278663000142 ], [ 3.520279884999979, 11.792779924000115 ], [ 3.522780895000153, 11.787779807 ], [ 3.525310038999976, 11.785831451000092 ], [ 3.52620013100011, 11.785145920000105 ], [ 3.526280887000041, 11.785083724000117 ], [ 3.526391029000081, 11.784998893000136 ], [ 3.530167103000053, 11.782561302000147 ], [ 3.532354171000179, 11.781149066000182 ], [ 3.535001040000054, 11.77943992600018 ], [ 3.541949988000056, 11.778061867000076 ], [ 3.547499896000033, 11.778330804000063 ], [ 3.553149938000161, 11.779356003000032 ], [ 3.554310446000102, 11.778765868000164 ], [ 3.558568002000129, 11.776600838000093 ], [ 3.560646056999985, 11.770159721000141 ], [ 3.559461116000136, 11.765099527000132 ], [ 3.550312995000183, 11.751340866000135 ], [ 3.548418999000148, 11.743761062000033 ], [ 3.549041905000024, 11.741157359000169 ], [ 3.549797058000024, 11.73800087 ], [ 3.550048113000116, 11.737646103000088 ], [ 3.555144071000029, 11.730400086000145 ], [ 3.559410206000166, 11.726692401000037 ], [ 3.568255902000033, 11.719004632000178 ], [ 3.568609001000027, 11.718891143000121 ], [ 3.57111001100003, 11.719722747000162 ], [ 3.577219963000175, 11.716110228000161 ], [ 3.581075195000096, 11.714952138000058 ], [ 3.581389, 11.714722 ], [ 3.581075195000096, 11.714952139000161 ], [ 3.582778931000064, 11.714440346000174 ] ] ] ] } },
{ "type": "Feature", "properties": { "fid": 6, "GID_2": "BEN.1.6_1", "GID_0": "BEN", "COUNTRY": "Benin", "GID_1": "BEN.1_1", "NAME_1": "Alibori", "NL_NAME_1": "NA", "NAME_2": "Ségbana", "VARNAME_2": "NA", "NL_NAME_2": "NA", "TYPE_2": "Commune", "ENGTYPE_2": "Commune", "CC_2": "NA", "HASC_2": "BJ.AL.SE" }, "geometry": { "type": "MultiPolygon", "coordinates": [ [ [ [ 3.550961971000049, 11.247212409000156 ], [ 3.553291082000101, 11.245103835000123 ], [ 3.553704024000183, 11.244729995000114 ], [ 3.5670940870001, 11.232617378000043 ], [ 3.578351402000067, 11.223058191 ], [ 3.580233097000075, 11.221460342000057 ], [ 3.607820036000078, 11.198064803000079 ], [ 3.626012088000039, 11.182701110000153 ], [ 3.627402067000048, 11.181541444000118 ], [ 3.642374039000174, 11.169242858000189 ], [ 3.691904069000032, 11.128158570000096 ], [ 3.699987889000113, 11.128115653 ], [ 3.708462001000157, 11.128143309000166 ], [ 3.712758065000173, 11.127946853000083 ], [ 3.717545987000165, 11.127811432000158 ], [ 3.720177479000142, 11.126641098000164 ], [ 3.720397950000176, 11.126543045000119 ], [ 3.725913048000109, 11.124091149000094 ], [ 3.727463006000107, 11.117725372000166 ], [ 3.723803042000156, 11.105867386000114 ], [ 3.719192028, 11.086663246000114 ], [ 3.720329047000064, 11.074907303000089 ], [ 3.720379114000025, 11.074768066 ], [ 3.723031998000124, 11.066308022000101 ], [ 3.72376203500005, 11.05611324400013 ], [ 3.723803042000156, 11.055550575000041 ], [ 3.721496104000096, 11.042495728000176 ], [ 3.718168973000047, 11.036745072000087 ], [ 3.717271089000178, 11.035196304000181 ], [ 3.717246055000032, 11.034834862000139 ], [ 3.717236042000025, 11.034687043000076 ], [ 3.717133876999981, 11.03153117100004 ], [ 3.716901064000183, 11.024339676000011 ], [ 3.718972921000102, 11.023191452000049 ], [ 3.725336073999983, 11.02252102000017 ], [ 3.727096082000116, 11.021986008000169 ], [ 3.734173060000046, 11.01983642700003 ], [ 3.739093067000056, 11.017430306000165 ], [ 3.745392616000174, 11.014348688999974 ], [ 3.751455068000155, 11.011383056 ], [ 3.754888001000097, 11.005334049 ], [ 3.759521008000149, 10.997170449000123 ], [ 3.766935111000123, 10.960289002000025 ], [ 3.767131090000078, 10.954964637000103 ], [ 3.767201901000021, 10.953001023000184 ], [ 3.767556905000049, 10.950784684000041 ], [ 3.771224976999974, 10.930769921000035 ], [ 3.77117705400002, 10.919041634000109 ], [ 3.769769906000136, 10.905986787000074 ], [ 3.769123078000064, 10.898076059000118 ], [ 3.76553988500018, 10.886656761000154 ], [ 3.762989998000137, 10.878483773000141 ], [ 3.755295993000061, 10.856979370000147 ], [ 3.749528885000018, 10.838597299000071 ], [ 3.749191999000061, 10.837521554000148 ], [ 3.749193907, 10.837391853000156 ], [ 3.749522925000065, 10.825161934000107 ], [ 3.749533893000091, 10.824714660999973 ], [ 3.752223014000094, 10.815880775000039 ], [ 3.754359007000176, 10.813533782000093 ], [ 3.756063939, 10.81165790700004 ], [ 3.757091999000181, 10.80971431800009 ], [ 3.757940054000073, 10.808112145000109 ], [ 3.759521008000149, 10.805128098000068 ], [ 3.762691974000177, 10.798789979000105 ], [ 3.7669849400001, 10.792537689000028 ], [ 3.772195100000033, 10.785154342000112 ], [ 3.772490024000149, 10.784547806000035 ], [ 3.777574062000156, 10.774016380000148 ], [ 3.781665086000032, 10.762964250000152 ], [ 3.785164118000182, 10.753521920000139 ], [ 3.785305024000138, 10.753307343000074 ], [ 3.797512054000094, 10.73518180800005 ], [ 3.805527926000082, 10.728858947000106 ], [ 3.812689065000086, 10.723209382000107 ], [ 3.833105087000149, 10.712312699000108 ], [ 3.84098005300018, 10.704918862 ], [ 3.843950032000123, 10.69294929400013 ], [ 3.844363929, 10.686986923 ], [ 3.845172882000099, 10.678379059000122 ], [ 3.845941068000059, 10.671080589000042 ], [ 3.847019911000018, 10.668922424000073 ], [ 3.848021983000024, 10.667651176000049 ], [ 3.849006892000034, 10.649930001000087 ], [ 3.848838091, 10.649916650000137 ], [ 3.849431039000081, 10.642274857000132 ], [ 3.850500107000073, 10.623065949000079 ], [ 3.851037979000125, 10.613380433000032 ], [ 3.85170102100011, 10.605790138000032 ], [ 3.851296901000069, 10.602466584000013 ], [ 3.851317882000103, 10.601945877000048 ], [ 3.851151942000058, 10.601249695000149 ], [ 3.850975991000155, 10.599809647000029 ], [ 3.848371029000077, 10.588789941000073 ], [ 3.837810576000038, 10.575958122000145 ], [ 3.831779004000111, 10.568629266000016 ], [ 3.83102149400014, 10.566764574000103 ], [ 3.826174974000082, 10.554834367000012 ], [ 3.823299012000177, 10.547071967000079 ], [ 3.82328009600019, 10.547020913000154 ], [ 3.820453881000049, 10.540755272000126 ], [ 3.819996119000166, 10.539736747000177 ], [ 3.819768878000104, 10.539207443000066 ], [ 3.814867975000027, 10.527791977000049 ], [ 3.80616402600009, 10.502999306000106 ], [ 3.801701071000082, 10.487792968000122 ], [ 3.801035882000178, 10.485305787000129 ], [ 3.801038027000061, 10.48518085600017 ], [ 3.802155019000111, 10.455224037 ], [ 3.800618888000145, 10.448310852000077 ], [ 3.799603940000168, 10.444935800000053 ], [ 3.797755957000106, 10.43877983100009 ], [ 3.787142313000174, 10.408616802000097 ], [ 3.786003112000174, 10.405379296000092 ], [ 3.77557301500002, 10.410720826000102 ], [ 3.771973365000122, 10.413646784999969 ], [ 3.771895907999976, 10.413709746000109 ], [ 3.773849978000044, 10.417811980000067 ], [ 3.778058, 10.426646 ], [ 3.779216, 10.447995 ], [ 3.789834, 10.492862999000124 ], [ 3.808751, 10.536614000000156 ], [ 3.813261, 10.55472499900003 ], [ 3.832242, 10.588362999000083 ], [ 3.826353001000143, 10.649392 ], [ 3.822927000000107, 10.688916 ], [ 3.826353, 10.649392 ], [ 3.822225000000117, 10.646644 ], [ 3.815595, 10.648855 ], [ 3.808962000000179, 10.649971 ], [ 3.796787000000165, 10.647825 ], [ 3.783504000000164, 10.645133000000101 ], [ 3.76911, 10.641352 ], [ 3.761362, 10.639735 ], [ 3.752507000000151, 10.638124000000175 ], [ 3.736470000000168, 10.638721 ], [ 3.727067, 10.638751000000184 ], [ 3.712673000000109, 10.634419 ], [ 3.707702, 10.636623000000156 ], [ 3.697199000000182, 10.638298000000191 ], [ 3.683363, 10.635604 ], [ 3.677273000000127, 10.633432 ], [ 3.650718000000154, 10.631323 ], [ 3.638541, 10.628076000000135 ], [ 3.627480000000162, 10.628108000000111 ], [ 3.614754, 10.626502 ], [ 3.605347000000108, 10.624887 ], [ 3.593179, 10.624920000000145 ], [ 3.579897, 10.621673 ], [ 3.568287000000112, 10.623345 ], [ 3.558326, 10.621183 ], [ 3.54616, 10.621761 ], [ 3.534542000000101, 10.620698 ], [ 3.530665000000113, 10.618519 ], [ 3.51734, 10.615858000000117 ], [ 3.501894000000107, 10.613666000000137 ], [ 3.500509, 10.613498000000106 ], [ 3.492161000000181, 10.613427 ], [ 3.486216000000184, 10.610875000000135 ], [ 3.485294000000124, 10.610422000000142 ], [ 3.476441, 10.608802 ], [ 3.474172000000181, 10.608006 ], [ 3.466483, 10.60531 ], [ 3.460943, 10.603367000000105 ], [ 3.449882, 10.603393 ], [ 3.438815, 10.600681 ], [ 3.428853000000174, 10.597968000000151 ], [ 3.422213, 10.596341000000166 ], [ 3.416681, 10.595259000000169 ], [ 3.404517000000112, 10.596926 ], [ 3.396762, 10.590924000000143 ], [ 3.386241000000155, 10.584380000000124 ], [ 3.379055000000164, 10.586036 ], [ 3.3696470000001, 10.582772000000148 ], [ 3.359689, 10.580603 ], [ 3.34752, 10.579533 ], [ 3.340881000000138, 10.577904 ], [ 3.328617, 10.575762000000111 ], [ 3.325391000000138, 10.575198000000171 ], [ 3.318197000000168, 10.57247400000017 ], [ 3.316066, 10.572027000000162 ], [ 3.314119, 10.571618 ], [ 3.310452, 10.570848000000126 ], [ 3.303263000000186, 10.57086100000015 ], [ 3.291647, 10.56924 ], [ 3.281689, 10.567069 ], [ 3.268966000000148, 10.564355 ], [ 3.25789900000018, 10.559996000000183 ], [ 3.251811, 10.55727 ], [ 3.241850000000113, 10.55291 ], [ 3.235763, 10.550183 ], [ 3.229682000000139, 10.550740000000133 ], [ 3.213646, 10.550764000000129 ], [ 3.210321000000135, 10.546392 ], [ 3.207963, 10.545768000000123 ], [ 3.195939000000124, 10.542584 ], [ 3.189859000000126, 10.543055 ], [ 3.188751000000138, 10.543141 ], [ 3.184034000000111, 10.541593 ], [ 3.182673000000136, 10.54114600000014 ], [ 3.175474, 10.53878200000014 ], [ 3.166074, 10.538795000000164 ], [ 3.153937000000155, 10.541000000000167 ], [ 3.142321, 10.541562000000113 ], [ 3.139535, 10.541019000000119 ], [ 3.132372, 10.541028000000153 ], [ 3.125715, 10.538303 ], [ 3.11466600000017, 10.539953 ], [ 3.10448, 10.537895000000105 ], [ 3.10449920800005, 10.537922880999986 ], [ 3.10448, 10.537919000000159 ], [ 3.111823002000108, 10.548577198000032 ], [ 3.109456, 10.55935200000016 ], [ 3.109456, 10.559376 ], [ 3.120654000000172, 10.56177 ], [ 3.131854000000146, 10.567361 ], [ 3.134230000000116, 10.569758 ], [ 3.137288000000183, 10.579749000000106 ], [ 3.137295, 10.59374 ], [ 3.149185, 10.621714 ], [ 3.161071000000106, 10.635698000000161 ], [ 3.184506, 10.663665 ], [ 3.184514984000089, 10.677629007000064 ], [ 3.151556000000141, 10.690712000000133 ], [ 3.149220000000128, 10.691639 ], [ 3.172644318000096, 10.705237701000044 ], [ 3.16113, 10.747192 ], [ 3.16113, 10.747216 ], [ 3.184558903000095, 10.775164990000121 ], [ 3.149267000000123, 10.789167000000134 ], [ 3.149278067000068, 10.789186609000069 ], [ 3.149267000000123, 10.789191000000187 ], [ 3.169803000000172, 10.825578000000121 ], [ 3.172722000000135, 10.830749 ], [ 3.208385172000021, 10.844712719000142 ], [ 3.192968000000178, 10.902172000000178 ], [ 3.192968000000178, 10.902196 ], [ 3.194371324000087, 10.904600566000056 ], [ 3.194385000000182, 10.904624 ], [ 3.195993000000158, 10.907379 ], [ 3.202148000000136, 10.908153 ], [ 3.212259, 10.907005 ], [ 3.217673, 10.908016 ], [ 3.220606, 10.911447 ], [ 3.226490000000183, 10.915627 ], [ 3.231139832000167, 10.920284832000107 ], [ 3.231104, 10.925401000000136 ], [ 3.229576, 10.932453 ], [ 3.23025, 10.937062 ], [ 3.230752, 10.940475 ], [ 3.230921, 10.95168 ], [ 3.23187200000018, 10.956556 ], [ 3.235777000000155, 10.962185 ], [ 3.239434, 10.967813000000149 ], [ 3.243821, 10.974905 ], [ 3.244016000000101, 10.982457000000124 ], [ 3.24569200000019, 10.989531000000113 ], [ 3.243417, 10.997553 ], [ 3.238718000000119, 10.999957000000165 ], [ 3.23472, 11.00772400000011 ], [ 3.231218, 11.015006 ], [ 3.23090400000018, 11.024747000000161 ], [ 3.22888300000011, 11.031796 ], [ 3.223893, 11.040286000000151 ], [ 3.22511, 11.042486 ], [ 3.229508000000124, 11.048118000000159 ], [ 3.232419000000107, 11.054957 ], [ 3.226982, 11.056869000000177 ], [ 3.219309, 11.061201 ], [ 3.220246000000145, 11.06827 ], [ 3.223142000000109, 11.077058000000136 ], [ 3.223814000000118, 11.086804 ], [ 3.226234000000147, 11.093397 ], [ 3.223494, 11.097275 ], [ 3.217553, 11.100645 ], [ 3.214086, 11.102813 ], [ 3.2148, 11.10647 ], [ 3.22244000000012, 11.107010000000173 ], [ 3.224635, 11.110435 ], [ 3.226820000000146, 11.115321 ], [ 3.230363000000182, 11.137752 ], [ 3.231793, 11.144825 ], [ 3.231511000000125, 11.149938 ], [ 3.230852000000141, 11.158127 ], [ 3.230425, 11.163438 ], [ 3.23016, 11.166734 ], [ 3.232579, 11.17357 ], [ 3.237480000000176, 11.17823 ], [ 3.242126, 11.183864 ], [ 3.248754, 11.188536000000113 ], [ 3.25442100000015, 11.189304 ], [ 3.262304000000142, 11.190818 ], [ 3.263542, 11.192523000000108 ], [ 3.264258000000154, 11.19351 ], [ 3.262, 11.199098 ], [ 3.257755000000145, 11.206619000000103 ], [ 3.254962000000148, 11.218290000000138 ], [ 3.252678000000174, 11.227529000000175 ], [ 3.255816000000152, 11.237536 ], [ 3.259689000000151, 11.24828 ], [ 3.260855000000163, 11.258029 ], [ 3.260229, 11.26436 ], [ 3.260061000000178, 11.26606100000015 ], [ 3.257546000000104, 11.272863 ], [ 3.256211000000121, 11.287711000000172 ], [ 3.255835000000104, 11.298894000000189 ], [ 3.260544000000152, 11.296693000000118 ], [ 3.263180000000148, 11.298277 ], [ 3.265260000000126, 11.299572000000126 ], [ 3.269552000000147, 11.302582000000143 ], [ 3.273234000000116, 11.3078 ], [ 3.27852200000018, 11.316665 ], [ 3.280318, 11.318093 ], [ 3.285025000000132, 11.321389000000124 ], [ 3.28651, 11.324199000000135 ], [ 3.289666000000125, 11.327740000000176 ], [ 3.296564000000103, 11.333722 ], [ 3.299053000000185, 11.335582000000102 ], [ 3.302533000000153, 11.33718400000015 ], [ 3.30533000000014, 11.337800000000129 ], [ 3.310532000000137, 11.337773 ], [ 3.312768, 11.338377 ], [ 3.321373, 11.343423 ], [ 3.324034000000154, 11.34389700000014 ], [ 3.32656900000012, 11.343674 ], [ 3.328007, 11.342177000000106 ], [ 3.32892, 11.339001 ], [ 3.330227, 11.337085000000116 ], [ 3.334512, 11.333982000000105 ], [ 3.338477000000182, 11.332678 ], [ 3.343956, 11.332795 ], [ 3.346336000000122, 11.333263000000102 ], [ 3.352329, 11.335615000000189 ], [ 3.355671000000143, 11.337076 ], [ 3.358606000000179, 11.337833 ], [ 3.362180000000137, 11.341522000000111 ], [ 3.363659, 11.344609 ], [ 3.364848, 11.348108 ], [ 3.366562000000158, 11.353284 ], [ 3.367039000000148, 11.357184000000132 ], [ 3.366331, 11.363836 ], [ 3.365855, 11.366327 ], [ 3.36591, 11.370217 ], [ 3.368397, 11.372216 ], [ 3.369912, 11.373637 ], [ 3.377677000000176, 11.37852700000019 ], [ 3.37974800000012, 11.380238000000134 ], [ 3.383072000000141, 11.382532 ], [ 3.383948000000146, 11.383151000000112 ], [ 3.386117, 11.384681 ], [ 3.388757000000169, 11.386127000000158 ], [ 3.394399000000135, 11.391666000000157 ], [ 3.396494000000132, 11.392267000000174 ], [ 3.406049, 11.392472 ], [ 3.409424, 11.392405 ], [ 3.415068, 11.391415000000165 ], [ 3.417878, 11.391476 ], [ 3.420972, 11.391403 ], [ 3.436959000000115, 11.393136 ], [ 3.441599000000167, 11.393097 ], [ 3.448359000000153, 11.392547 ], [ 3.454122, 11.392532 ], [ 3.46466, 11.392758 ], [ 3.47057, 11.392469000000176 ], [ 3.473547000000167, 11.392131 ], [ 3.478864000000101, 11.391527 ], [ 3.503117155000155, 11.331676777000041 ], [ 3.500766038000052, 11.320748330000072 ], [ 3.500668049000183, 11.320182801000101 ], [ 3.496037006999984, 11.292149544999972 ], [ 3.543338061000043, 11.252478601000121 ], [ 3.543678043999989, 11.252228737000053 ], [ 3.549245239000129, 11.248394695000115 ], [ 3.550961971000049, 11.247212409000156 ] ] ] ] } },
{ "type": "Feature", "properties": { "fid": 7, "GID_2": "BEN.2.1_1", "GID_0": "BEN", "COUNTRY": "Benin", "GID_1": "BEN.2_1", "NAME_1": "Atakora", "NL_NAME_1": "NA", "NAME_2": "Boukoumbé", "VARNAME_2": "Boukombé", "NL_NAME_2": "NA", "TYPE_2": "Commune", "ENGTYPE_2": "Commune", "CC_2": "NA", "HASC_2": "BJ.AK.BO" }, "geometry": { "type": "MultiPolygon", "coordinates": [ [ [ [ 1.417439000000172, 10.070063000000118 ], [ 1.419338, 10.063413 ], [ 1.42079200000012, 10.051651000000106 ], [ 1.422627897000041, 10.045780053000044 ], [ 1.422732, 10.045447000000138 ], [ 1.423880000000167, 10.041776000000141 ], [ 1.414497, 10.035261 ], [ 1.406766, 10.028740000000141 ], [ 1.401792000000114, 10.023300000000177 ], [ 1.40352, 10.012801000000138 ], [ 1.400065, 10.005169000000137 ], [ 1.388213000000121, 10.000959000000137 ], [ 1.379839, 9.999533 ], [ 1.37247200000013, 9.993639 ], [ 1.368733, 9.993739000000176 ], [ 1.366372235000028, 9.993397295000022 ], [ 1.366329658000154, 9.995088212000041 ], [ 1.366149000000121, 10.002263 ], [ 1.365115001000106, 10.003276998999979 ], [ 1.364112999000156, 10.012135 ], [ 1.341565001000049, 10.024984 ], [ 1.313663999000028, 10.040878999000086 ], [ 1.310982001000184, 10.042406 ], [ 1.303053357000181, 10.046919109000157 ], [ 1.203182850000189, 10.103766974000052 ], [ 1.157397001000049, 10.129829000000143 ], [ 1.134927001000165, 10.142609000999983 ], [ 1.028614660000073, 10.203026468000019 ], [ 1.001665001000049, 10.218342000000177 ], [ 0.99999, 10.220018001000028 ], [ 0.998681183999963, 10.218054979000158 ], [ 0.996769001000132, 10.215187 ], [ 0.993955, 10.217538999000055 ], [ 0.956403673000182, 10.248909710000021 ], [ 0.954366000000107, 10.25061200000016 ], [ 0.9528110010001, 10.25143199900009 ], [ 0.953016001000037, 10.251986001000091 ], [ 0.937589001000106, 10.263824999000178 ], [ 0.908831422, 10.284768123000163 ], [ 0.911248000000114, 10.290692 ], [ 0.918333000000132, 10.293022000000178 ], [ 0.92143, 10.301788 ], [ 0.928551, 10.302488 ], [ 0.936648000000105, 10.308646 ], [ 0.948014000000171, 10.315962000000184 ], [ 0.957221, 10.3216 ], [ 0.961726000000112, 10.325714 ], [ 0.966368000000159, 10.329954 ], [ 0.970674, 10.333853 ], [ 0.98189600000012, 10.347689 ], [ 0.985008, 10.355913000000157 ], [ 0.988633000000107, 10.365777 ], [ 0.987378, 10.372817 ], [ 0.990840000000105, 10.380068000000165 ], [ 0.992101000000162, 10.382707 ], [ 0.998518000000161, 10.390457 ], [ 1.001419, 10.39975 ], [ 1.00262, 10.403594000000169 ], [ 1.004683000000114, 10.409619 ], [ 1.010637000000145, 10.413554 ], [ 1.013188000000184, 10.4223080000001 ], [ 1.016338, 10.42890100000011 ], [ 1.025061, 10.431807 ], [ 1.034429000000159, 10.43038 ], [ 1.041239000000132, 10.431115000000148 ], [ 1.047031000000118, 10.431740000000161 ], [ 1.057915, 10.436324 ], [ 1.066675, 10.437601 ], [ 1.077595, 10.440555000000131 ], [ 1.08784, 10.436697000000152 ], [ 1.090365, 10.434305000000109 ], [ 1.095353, 10.432238000000154 ], [ 1.10475700000012, 10.429177 ], [ 1.113040000000126, 10.42718 ], [ 1.122969000000126, 10.425217 ], [ 1.139533000000142, 10.421222000000171 ], [ 1.15605, 10.419399000000112 ], [ 1.163794, 10.416844 ], [ 1.169308000000115, 10.415874000000144 ], [ 1.179294, 10.420616000000109 ], [ 1.189864, 10.430447000000129 ], [ 1.195833000000107, 10.433835000000158 ], [ 1.196429, 10.43167300000016 ], [ 1.202958, 10.434529 ], [ 1.209955, 10.441201000000149 ], [ 1.210738, 10.430345 ], [ 1.211404, 10.424922 ], [ 1.20989800000018, 10.418364000000111 ], [ 1.213355, 10.410825 ], [ 1.213986, 10.407033000000126 ], [ 1.210890000000177, 10.399295000000109 ], [ 1.209817, 10.396614000000113 ], [ 1.211744000000124, 10.383606000000157 ], [ 1.213578, 10.374945 ], [ 1.218051000000116, 10.371233000000132 ], [ 1.223073000000113, 10.367534 ], [ 1.230851, 10.363346 ], [ 1.23648, 10.35694 ], [ 1.240497000000119, 10.34886900000015 ], [ 1.240145, 10.339618000000144 ], [ 1.240343000000166, 10.330378000000167 ], [ 1.238284000000135, 10.324722 ], [ 1.235157, 10.31613300000015 ], [ 1.23021800000015, 10.316029 ], [ 1.224787, 10.313197 ], [ 1.216065, 10.31029500000011 ], [ 1.211207000000115, 10.306387 ], [ 1.209700000000112, 10.299829000000102 ], [ 1.206571, 10.292152000000101 ], [ 1.207867, 10.282936000000177 ], [ 1.206967000000134, 10.281377000000134 ], [ 1.20454100000012, 10.277173000000118 ], [ 1.203103000000169, 10.274681000000157 ], [ 1.202846, 10.261082000000101 ], [ 1.205274, 10.250259 ], [ 1.20713000000012, 10.24051 ], [ 1.211741, 10.230277 ], [ 1.220168000000115, 10.221210000000156 ], [ 1.221253000000161, 10.219993 ], [ 1.226354000000185, 10.214272 ], [ 1.235798000000159, 10.209032 ], [ 1.241902, 10.205897 ], [ 1.250178000000176, 10.203896 ], [ 1.259586000000184, 10.200286000000119 ], [ 1.269508, 10.198318 ], [ 1.278927000000124, 10.194163000000117 ], [ 1.287283000000173, 10.188355 ], [ 1.292427000000146, 10.178676 ], [ 1.295377, 10.168949 ], [ 1.299343, 10.163051 ], [ 1.298944, 10.155974000000128 ], [ 1.300167, 10.150018000000102 ], [ 1.304064, 10.147379 ], [ 1.308172000000127, 10.145121000000131 ], [ 1.312967000000185, 10.141583000000139 ], [ 1.314716000000146, 10.136725000000126 ], [ 1.314213000000109, 10.134539000000132 ], [ 1.312076, 10.131776000000116 ], [ 1.308259, 10.130610000000104 ], [ 1.301802000000123, 10.124495 ], [ 1.299152, 10.120091000000173 ], [ 1.295941000000141, 10.116218000000174 ], [ 1.293278, 10.112357 ], [ 1.291702, 10.109061 ], [ 1.288502000000108, 10.104645 ], [ 1.286937000000137, 10.100807000000145 ], [ 1.289154, 10.099766000000159 ], [ 1.294730000000129, 10.095531 ], [ 1.299736, 10.092372000000125 ], [ 1.304786, 10.087039000000118 ], [ 1.309265000000153, 10.082781 ], [ 1.314796000000172, 10.080721000000153 ], [ 1.321982, 10.07815 ], [ 1.327958000000137, 10.080991 ], [ 1.332312000000115, 10.082713000000126 ], [ 1.337203000000159, 10.084988 ], [ 1.342218000000173, 10.081285 ], [ 1.346686, 10.077571000000148 ], [ 1.351175000000183, 10.07276800000011 ], [ 1.355083, 10.069587000000126 ], [ 1.361664, 10.069720000000132 ], [ 1.366226, 10.070639000000142 ], [ 1.372033, 10.083144000000118 ], [ 1.396219000000144, 10.077147 ], [ 1.405998000000125, 10.077195 ], [ 1.415785, 10.075857 ], [ 1.417439000000172, 10.070063000000118 ] ] ] ] } },
{ "type": "Feature", "properties": { "fid": 8, "GID_2": "BEN.2.2_1", "GID_0": "BEN", "COUNTRY": "Benin", "GID_1": "BEN.2_1", "NAME_1": "Atakora", "NL_NAME_1": "NA", "NAME_2": "Cobly", "VARNAME_2": "Cobli|Cobli", "NL_NAME_2": "NA", "TYPE_2": "Commune", "ENGTYPE_2": "Commune", "CC_2": "NA", "HASC_2": "BJ.AK.CB" }, "geometry": { "type": "MultiPolygon", "coordinates": [ [ [ [ 0.998518000000161, 10.390457 ], [ 0.992101000000162, 10.382707 ], [ 0.990840000000105, 10.380068000000165 ], [ 0.987378, 10.372817 ], [ 0.988633000000107, 10.365777 ], [ 0.985008, 10.355913000000157 ], [ 0.98189600000012, 10.347689 ], [ 0.970674, 10.333853 ], [ 0.966368000000159, 10.329954 ], [ 0.961726000000112, 10.325714 ], [ 0.957221, 10.3216 ], [ 0.948014000000171, 10.315962000000184 ], [ 0.936648000000105, 10.308646 ], [ 0.928551, 10.302488 ], [ 0.92143, 10.301788 ], [ 0.918333000000132, 10.293022000000178 ], [ 0.911248000000114, 10.290692 ], [ 0.908831422, 10.284768123000163 ], [ 0.901657, 10.289993 ], [ 0.888980095000022, 10.299225094000064 ], [ 0.885073038000144, 10.302070450000087 ], [ 0.885073038242262, 10.302070450551932 ], [ 0.871573001, 10.311901999000099 ], [ 0.859734, 10.320871000000125 ], [ 0.851533784000083, 10.327741269000057 ], [ 0.846459000000152, 10.331993001000114 ], [ 0.839283, 10.33881 ], [ 0.823496999000156, 10.351007999000103 ], [ 0.779386914000099, 10.381595733000154 ], [ 0.777648588000147, 10.382801160000156 ], [ 0.777346474000183, 10.383010658000103 ], [ 0.774549218000061, 10.384950389000096 ], [ 0.774345001000086, 10.385092000000157 ], [ 0.775062001000094, 10.392985 ], [ 0.775414774000069, 10.39562933000019 ], [ 0.775780000000111, 10.398367001000111 ], [ 0.775717843000166, 10.399547289000111 ], [ 0.775700999000037, 10.399867131000065 ], [ 0.775421, 10.405184 ], [ 0.774702999000056, 10.412001000000146 ], [ 0.775421, 10.419535001000099 ], [ 0.777932999000143, 10.443214 ], [ 0.777527, 10.443503998999972 ], [ 0.778470999000092, 10.444111001000124 ], [ 0.778470999000092, 10.448774999000022 ], [ 0.781340999000065, 10.473890000000154 ], [ 0.781172, 10.474239001000171 ], [ 0.781340999000065, 10.474248000000102 ], [ 0.78241700000018, 10.483576999000093 ], [ 0.783135, 10.494699 ], [ 0.782355996000092, 10.497036734000062 ], [ 0.782100566000111, 10.497803257000157 ], [ 0.782087502000081, 10.49784246300004 ], [ 0.782059001000107, 10.497928 ], [ 0.782417002000159, 10.502592000000163 ], [ 0.782640643000093, 10.504678077 ], [ 0.783193352000069, 10.50983362900007 ], [ 0.783493283000155, 10.512631321000129 ], [ 0.784891415000175, 10.515048408000155 ], [ 0.787173704000111, 10.518994022000129 ], [ 0.787320833000081, 10.519248159000085 ], [ 0.787440001, 10.519454000000167 ], [ 0.78826409800007, 10.522544608000089 ], [ 0.788982476000172, 10.525238728999966 ], [ 0.791745001000038, 10.535598999000115 ], [ 0.79309477400011, 10.538866808000023 ], [ 0.797176358000115, 10.548748351000086 ], [ 0.798562001000107, 10.552103000999978 ], [ 0.80143200100008, 10.558920001000047 ], [ 0.805020001000116, 10.573988999000051 ], [ 0.806454998999982, 10.581163999000012 ], [ 0.807065866000187, 10.589711021000028 ], [ 0.807173000000148, 10.591209999000114 ], [ 0.807890000000157, 10.604842999000084 ], [ 0.807914627000173, 10.605027600000028 ], [ 0.808608001000152, 10.610225000000185 ], [ 0.808156001000043, 10.614590001000124 ], [ 0.808233021000035, 10.615308795999965 ], [ 0.809121, 10.60933 ], [ 0.808233022000138, 10.61530879500009 ], [ 0.809338, 10.625621001000127 ], [ 0.809811001000014, 10.640289 ], [ 0.810138604000031, 10.645690824000098 ], [ 0.829674000000125, 10.642778000000135 ], [ 0.84279400000014, 10.64579 ], [ 0.855315000000132, 10.650963 ], [ 0.861894, 10.651654000000178 ], [ 0.87723700000015, 10.653626 ], [ 0.887075, 10.656020000000126 ], [ 0.892069, 10.653956 ], [ 0.896586, 10.648621 ], [ 0.903850000000148, 10.643345000000124 ], [ 0.906708, 10.638516 ], [ 0.910689, 10.634751000000165 ], [ 0.916816, 10.62895500000019 ], [ 0.924604000000159, 10.624778000000106 ], [ 0.932465, 10.617341 ], [ 0.938068, 10.612572 ], [ 0.940937, 10.607199 ], [ 0.943293000000153, 10.600183 ], [ 0.945087, 10.593699 ], [ 0.955583, 10.591212000000155 ], [ 0.95955, 10.585863 ], [ 0.965774, 10.577845000000138 ], [ 0.970277000000124, 10.573051000000135 ], [ 0.975818000000118, 10.570998 ], [ 0.983154000000127, 10.568837 ], [ 0.984337, 10.568613 ], [ 0.990182, 10.567507 ], [ 1.000737, 10.562301000000105 ], [ 1.008523, 10.558122 ], [ 1.012512000000186, 10.551685000000134 ], [ 1.018722000000139, 10.544209 ], [ 1.024157, 10.538549 ], [ 1.028287000000148, 10.53408700000017 ], [ 1.034973, 10.529882 ], [ 1.041002, 10.530558 ], [ 1.048032000000148, 10.535603 ], [ 1.054217000000165, 10.53939 ], [ 1.056257000000187, 10.53632400000015 ], [ 1.059111, 10.531493000000125 ], [ 1.06136800000013, 10.5288240000001 ], [ 1.065869, 10.524028000000101 ], [ 1.070919, 10.519244 ], [ 1.074930000000109, 10.511719 ], [ 1.077915000000189, 10.50091 ], [ 1.081914, 10.493929000000151 ], [ 1.084266, 10.486911 ], [ 1.087692000000175, 10.481004 ], [ 1.090019000000154, 10.475075000000174 ], [ 1.091786000000184, 10.469675000000109 ], [ 1.089184000000159, 10.463096 ], [ 1.090401000000156, 10.45768500000014 ], [ 1.090508000000113, 10.452793 ], [ 1.090079000000173, 10.447348 ], [ 1.08784, 10.436697000000152 ], [ 1.077595, 10.440555000000131 ], [ 1.066675, 10.437601 ], [ 1.057915, 10.436324 ], [ 1.047031000000118, 10.431740000000161 ], [ 1.041239000000132, 10.431115000000148 ], [ 1.034429000000159, 10.43038 ], [ 1.025061, 10.431807 ], [ 1.016338, 10.42890100000011 ], [ 1.013188000000184, 10.4223080000001 ], [ 1.010637000000145, 10.413554 ], [ 1.004683000000114, 10.409619 ], [ 1.00262, 10.403594000000169 ], [ 1.001419, 10.39975 ], [ 0.998518000000161, 10.390457 ] ] ] ] } },
{ "type": "Feature", "properties": { "fid": 9, "GID_2": "BEN.2.3_1", "GID_0": "BEN", "COUNTRY": "Benin", "GID_1": "BEN.2_1", "NAME_1": "Atakora", "NL_NAME_1": "NA", "NAME_2": "Kérou", "VARNAME_2": "NA", "NL_NAME_2": "NA", "TYPE_2": "Commune", "ENGTYPE_2": "Commune", "CC_2": "NA", "HASC_2": "BJ.AK.KE" }, "geometry": { "type": "MultiPolygon", "coordinates": [ [ [ [ 2.204161000000113, 11.009659 ], [ 2.215815, 11.005095 ], [ 2.219715, 11.003568 ], [ 2.230245, 10.999444 ], [ 2.251336, 10.99083400000012 ], [ 2.292331, 10.985087000000135 ], [ 2.334619, 10.952311 ], [ 2.335586, 10.95134000000013 ], [ 2.332750000000146, 10.948849000000109 ], [ 2.30875900000018, 10.927769000000126 ], [ 2.29169, 10.915079000000162 ], [ 2.274603000000127, 10.905124000000171 ], [ 2.254209, 10.893505000000175 ], [ 2.249894, 10.877069 ], [ 2.241151000000173, 10.861151000000177 ], [ 2.243086, 10.689536 ], [ 2.242618, 10.687952 ], [ 2.243829, 10.54430200000013 ], [ 2.234384, 10.546537000000171 ], [ 2.223324000000105, 10.545295 ], [ 2.212295, 10.547273000000132 ], [ 2.204662000000155, 10.543872 ], [ 2.195871, 10.543713 ], [ 2.188108, 10.547379 ], [ 2.173832000000118, 10.546578000000181 ], [ 2.166260000000136, 10.539914000000181 ], [ 2.150916000000166, 10.537459 ], [ 2.138238000000115, 10.539405000000158 ], [ 2.12617100000017, 10.538096 ], [ 2.113737, 10.526992 ], [ 2.106687, 10.521913 ], [ 2.102891, 10.519178 ], [ 2.088118, 10.515644 ], [ 2.07610300000016, 10.511616 ], [ 2.067842, 10.512551000000144 ], [ 2.047433000000126, 10.516525000000115 ], [ 2.016027, 10.524713 ], [ 1.968948, 10.558445 ], [ 1.921933, 10.53248 ], [ 1.865011, 10.508739 ], [ 1.840922, 10.545963 ], [ 1.865480000000105, 10.606429000000162 ], [ 1.919049, 10.618181000000106 ], [ 1.920721000000185, 10.6214480000001 ], [ 1.92795, 10.632874 ], [ 1.93020300000012, 10.64214 ], [ 1.931918, 10.65414 ], [ 1.93695200000019, 10.667759000000103 ], [ 1.938107, 10.678123 ], [ 1.938705000000141, 10.687399 ], [ 1.939287000000149, 10.693398000000172 ], [ 1.94265, 10.703753000000177 ], [ 1.948182, 10.706454 ], [ 1.954796000000101, 10.704784 ], [ 1.964754, 10.709647 ], [ 1.964792000000102, 10.717287000000169 ], [ 1.967588, 10.724369000000138 ], [ 1.969876000000113, 10.74018500000011 ], [ 1.974347, 10.75108 ], [ 1.977691000000164, 10.757611 ], [ 1.982163000000128, 10.768504 ], [ 1.981639000000143, 10.773965000000146 ], [ 1.981180000000165, 10.777911000000131 ], [ 1.980052000000114, 10.787618 ], [ 1.976222000000121, 10.794186 ], [ 1.971237000000144, 10.790936000000158 ], [ 1.961806000000138, 10.781704000000104 ], [ 1.952417, 10.780659000000128 ], [ 1.94358, 10.779612 ], [ 1.931453000000147, 10.782944 ], [ 1.92044600000014, 10.789546 ], [ 1.91716, 10.79502 ], [ 1.915539, 10.802122 ], [ 1.913915000000145, 10.808679 ], [ 1.90237, 10.81855800000011 ], [ 1.889126, 10.819712 ], [ 1.877552, 10.823585 ], [ 1.865461, 10.83510200000012 ], [ 1.854476000000147, 10.847159000000147 ], [ 1.845131, 10.855934000000161 ], [ 1.83853100000016, 10.861422 ], [ 1.82144, 10.866955 ], [ 1.809306, 10.869738 ], [ 1.805999000000156, 10.870844000000147 ], [ 1.802104000000156, 10.864312 ], [ 1.799869000000115, 10.858318 ], [ 1.791546000000153, 10.849077 ], [ 1.78214700000018, 10.845844 ], [ 1.767234000000144, 10.844271000000106 ], [ 1.756764, 10.848681000000113 ], [ 1.750160000000164, 10.853621 ], [ 1.74301300000019, 10.860745000000179 ], [ 1.733113000000117, 10.869518 ], [ 1.725379, 10.86846 ], [ 1.716546000000164, 10.868495000000109 ], [ 1.704411000000107, 10.871273000000144 ], [ 1.696152, 10.876763000000153 ], [ 1.690651, 10.881698 ], [ 1.686802000000114, 10.885533000000123 ], [ 1.681312, 10.893195000000105 ], [ 1.675263000000143, 10.899221 ], [ 1.67114, 10.903877 ], [ 1.663729000000103, 10.914547 ], [ 1.665418, 10.922726000000125 ], [ 1.670419, 10.930347 ], [ 1.672100000000114, 10.936342 ], [ 1.683153000000175, 10.938482000000135 ], [ 1.688677000000155, 10.93900600000012 ], [ 1.697542, 10.946065000000146 ], [ 1.702575, 10.961325000000102 ], [ 1.705945, 10.974955 ], [ 1.716499000000169, 10.989646 ], [ 1.725586000000135, 11.003215 ], [ 1.725922, 11.004088 ], [ 1.728742000000125, 11.011425 ], [ 1.731540000000166, 11.020145 ], [ 1.734337000000153, 11.028319000000124 ], [ 1.750423, 11.044079 ], [ 1.757095, 11.053875 ], [ 1.766006000000118, 11.070754 ], [ 1.767708, 11.081117 ], [ 1.769415, 11.09257 ], [ 1.769453, 11.101301000000149 ], [ 1.764503000000104, 11.106778000000133 ], [ 1.754564, 11.108458 ], [ 1.751804000000106, 11.109014 ], [ 1.7524, 11.119381 ], [ 1.752978, 11.125381000000175 ], [ 1.751359, 11.134665 ], [ 1.75637, 11.143376000000103 ], [ 1.761383, 11.152633 ], [ 1.764731000000154, 11.16025900000011 ], [ 1.765857, 11.165166 ], [ 1.765353000000118, 11.176628 ], [ 1.771997, 11.179330000000107 ], [ 1.780873, 11.186932 ], [ 1.788606, 11.185808000000179 ], [ 1.799663000000123, 11.186307 ], [ 1.80852, 11.189544 ], [ 1.815715000000125, 11.191695 ], [ 1.82293, 11.19821300000018 ], [ 1.832888, 11.200354 ], [ 1.83734, 11.206882000000178 ], [ 1.837927, 11.214520000000107 ], [ 1.838534, 11.226524000000154 ], [ 1.831936, 11.234739 ], [ 1.832511000000181, 11.239648000000159 ], [ 1.834189, 11.244006000000127 ], [ 1.836978000000101, 11.249452 ], [ 1.840319000000136, 11.254894 ], [ 1.848656000000176, 11.264681000000166 ], [ 1.854190000000131, 11.265748 ], [ 1.85917, 11.266818 ], [ 1.871356, 11.27167500000013 ], [ 1.879679, 11.278187000000173 ], [ 1.883575000000178, 11.283627000000138 ], [ 1.88469600000019, 11.286896 ], [ 1.885284000000183, 11.294534 ], [ 1.88697800000017, 11.302167 ], [ 1.887004, 11.307624 ], [ 1.888142000000187, 11.314713 ], [ 1.890382000000102, 11.320706000000143 ], [ 1.894281, 11.326692000000151 ], [ 1.89596500000016, 11.332142 ], [ 1.897655, 11.338683 ], [ 1.900442, 11.343582 ], [ 1.908784000000139, 11.353368 ], [ 1.915464, 11.362615 ], [ 1.926016, 11.371843000000126 ], [ 1.929935000000114, 11.381649 ], [ 1.938283000000183, 11.392526 ], [ 1.939423, 11.399614 ], [ 1.92874, 11.407977 ], [ 1.933385000000101, 11.409362000000101 ], [ 1.943997000000138, 11.408996000000172 ], [ 1.952137, 11.409088000000168 ], [ 1.961468, 11.412845000000118 ], [ 1.970354, 11.412458 ], [ 1.980711, 11.412817000000132 ], [ 1.989365, 11.411211000000151 ], [ 1.995153, 11.412093 ], [ 1.998539000000108, 11.404665000000136 ], [ 2.190795000000151, 11.035375 ], [ 2.204161000000113, 11.009659 ] ] ] ] } },
{ "type": "Feature", "properties": { "fid": 10, "GID_2": "BEN.2.4_1", "GID_0": "BEN", "COUNTRY": "Benin", "GID_1": "BEN.2_1", "NAME_1": "Atakora", "NL_NAME_1": "NA", "NAME_2": "Kouandé", "VARNAME_2": "NA", "NL_NAME_2": "NA", "TYPE_2": "Commune", "ENGTYPE_2": "Commune", "CC_2": "NA", "HASC_2": "BJ.AK.KO" }, "geometry": { "type": "MultiPolygon", "coordinates": [ [ [ [ 1.448111, 10.04332600000015 ], [ 1.460768000000144, 10.041643 ], [ 1.462952, 10.036724000000106 ], [ 1.472865, 10.037233000000128 ], [ 1.479498, 10.044303000000184 ], [ 1.484472000000153, 10.049195000000111 ], [ 1.491006, 10.04998 ], [ 1.493286, 10.050254000000166 ], [ 1.502634000000114, 10.046945000000107 ], [ 1.508699, 10.049105000000111 ], [ 1.515873, 10.053443 ], [ 1.523625000000152, 10.064327000000162 ], [ 1.533551, 10.068110000000161 ], [ 1.544037000000117, 10.074071 ], [ 1.547944, 10.087153000000171 ], [ 1.555692, 10.096945000000176 ], [ 1.560126, 10.104023 ], [ 1.57512300000019, 10.134863000000109 ], [ 1.577342000000101, 10.139425 ], [ 1.54882, 10.169552 ], [ 1.545575000000156, 10.184844 ], [ 1.543959, 10.194128 ], [ 1.544557000000111, 10.206131 ], [ 1.545706000000166, 10.218132 ], [ 1.547963, 10.231766000000107 ], [ 1.549591, 10.245283000000143 ], [ 1.550824000000148, 10.259041 ], [ 1.548676, 10.273236000000168 ], [ 1.5509330000001, 10.286872 ], [ 1.555407000000116, 10.303771 ], [ 1.559320000000184, 10.317944 ], [ 1.564326000000165, 10.32993 ], [ 1.566021, 10.340293 ], [ 1.571015000000102, 10.349005 ], [ 1.576567000000125, 10.359351 ], [ 1.581, 10.365337 ], [ 1.587647, 10.373497 ], [ 1.590634000000136, 10.376187000000186 ], [ 1.594285, 10.379474 ], [ 1.605344000000116, 10.388163 ], [ 1.613654, 10.398499000000129 ], [ 1.62083500000017, 10.402289 ], [ 1.633523, 10.404422000000125 ], [ 1.633545, 10.409879 ], [ 1.629733000000101, 10.421354 ], [ 1.623709000000133, 10.431201000000158 ], [ 1.618781, 10.439407 ], [ 1.614948, 10.4459710000001 ], [ 1.611651, 10.448712 ], [ 1.619378, 10.450865 ], [ 1.628747, 10.449736 ], [ 1.639782, 10.451875 ], [ 1.647521, 10.456754 ], [ 1.650327000000175, 10.468749 ], [ 1.646513, 10.479679 ], [ 1.64656, 10.491138000000149 ], [ 1.647659, 10.498793 ], [ 1.648831, 10.506956000000116 ], [ 1.64446, 10.51679600000017 ], [ 1.645580000000166, 10.521157 ], [ 1.641774, 10.53427 ], [ 1.638516, 10.546834 ], [ 1.636913000000163, 10.559392000000116 ], [ 1.633661, 10.573594000000128 ], [ 1.626530000000116, 10.583445 ], [ 1.62382, 10.595461 ], [ 1.622772, 10.609109 ], [ 1.627791000000173, 10.622731 ], [ 1.627832000000183, 10.633101 ], [ 1.63229100000018, 10.644542 ], [ 1.635087, 10.653809000000138 ], [ 1.641215000000159, 10.668519000000117 ], [ 1.640709000000186, 10.679981 ], [ 1.638518, 10.683809 ], [ 1.63136500000013, 10.688749 ], [ 1.620910000000151, 10.695884000000149 ], [ 1.607143, 10.703031000000124 ], [ 1.592288, 10.714002000000164 ], [ 1.57467400000013, 10.725527 ], [ 1.567527000000155, 10.7326470000001 ], [ 1.561482, 10.739218 ], [ 1.559438, 10.742022 ], [ 1.558416, 10.743423000000121 ], [ 1.555998000000159, 10.748514 ], [ 1.558777, 10.753962000000115 ], [ 1.567074000000162, 10.758842000000129 ], [ 1.571519, 10.767012 ], [ 1.572662, 10.777375 ], [ 1.571064, 10.792661 ], [ 1.572740000000181, 10.798111000000119 ], [ 1.581579, 10.800261 ], [ 1.581068000000187, 10.811177000000157 ], [ 1.572258, 10.816667000000166 ], [ 1.567310000000134, 10.822142 ], [ 1.564568000000122, 10.827063 ], [ 1.574547000000109, 10.838487 ], [ 1.580668000000117, 10.851561 ], [ 1.586782, 10.862453 ], [ 1.589565000000164, 10.868444000000181 ], [ 1.600067, 10.87168 ], [ 1.612215000000162, 10.872179000000131 ], [ 1.632648, 10.873739 ], [ 1.635396, 10.870455000000106 ], [ 1.650910000000124, 10.884583 ], [ 1.65922, 10.891645 ], [ 1.67114, 10.903877 ], [ 1.675263000000143, 10.899221 ], [ 1.681312, 10.893195000000105 ], [ 1.686802000000114, 10.885533000000123 ], [ 1.690651, 10.881698 ], [ 1.696152, 10.876763000000153 ], [ 1.704411000000107, 10.871273000000144 ], [ 1.716546000000164, 10.868495000000109 ], [ 1.725379, 10.86846 ], [ 1.733113000000117, 10.869518 ], [ 1.74301300000019, 10.860745000000179 ], [ 1.750160000000164, 10.853621 ], [ 1.756764, 10.848681000000113 ], [ 1.767234000000144, 10.844271000000106 ], [ 1.78214700000018, 10.845844 ], [ 1.791546000000153, 10.849077 ], [ 1.799869000000115, 10.858318 ], [ 1.802104000000156, 10.864312 ], [ 1.805999000000156, 10.870844000000147 ], [ 1.809306, 10.869738 ], [ 1.82144, 10.866955 ], [ 1.83853100000016, 10.861422 ], [ 1.845131, 10.855934000000161 ], [ 1.854476000000147, 10.847159000000147 ], [ 1.865461, 10.83510200000012 ], [ 1.877552, 10.823585 ], [ 1.889126, 10.819712 ], [ 1.90237, 10.81855800000011 ], [ 1.913915000000145, 10.808679 ], [ 1.915539, 10.802122 ], [ 1.91716, 10.79502 ], [ 1.92044600000014, 10.789546 ], [ 1.931453000000147, 10.782944 ], [ 1.94358, 10.779612 ], [ 1.952417, 10.780659000000128 ], [ 1.961806000000138, 10.781704000000104 ], [ 1.971237000000144, 10.790936000000158 ], [ 1.976222000000121, 10.794186 ], [ 1.980052000000114, 10.787618 ], [ 1.981180000000165, 10.777911000000131 ], [ 1.981639000000143, 10.773965000000146 ], [ 1.982163000000128, 10.768504 ], [ 1.977691000000164, 10.757611 ], [ 1.974347, 10.75108 ], [ 1.969876000000113, 10.74018500000011 ], [ 1.967588, 10.724369000000138 ], [ 1.964792000000102, 10.717287000000169 ], [ 1.964754, 10.709647 ], [ 1.954796000000101, 10.704784 ], [ 1.948182, 10.706454 ], [ 1.94265, 10.703753000000177 ], [ 1.939287000000149, 10.693398000000172 ], [ 1.938705000000141, 10.687399 ], [ 1.938107, 10.678123 ], [ 1.93695200000019, 10.667759000000103 ], [ 1.931918, 10.65414 ], [ 1.93020300000012, 10.64214 ], [ 1.92795, 10.632874 ], [ 1.920721000000185, 10.6214480000001 ], [ 1.919049, 10.618181000000106 ], [ 1.865480000000105, 10.606429000000162 ], [ 1.840922, 10.545963 ], [ 1.865011, 10.508739 ], [ 1.921933, 10.53248 ], [ 1.968948, 10.558445 ], [ 2.016027, 10.524713 ], [ 2.013825000000111, 10.518407 ], [ 2.010116, 10.513658 ], [ 1.995521000000167, 10.500876000000119 ], [ 1.982524000000183, 10.490844000000152 ], [ 1.97475, 10.495050000000163 ], [ 1.965494, 10.490525 ], [ 1.961597, 10.493172 ], [ 1.953555000000108, 10.482687 ], [ 1.949689000000149, 10.483702 ], [ 1.939910000000168, 10.471351 ], [ 1.937887000000103, 10.468796 ], [ 1.928528, 10.469707 ], [ 1.927712, 10.455008 ], [ 1.920285000000149, 10.441271 ], [ 1.914421000000118, 10.431915 ], [ 1.909667, 10.422035000000108 ], [ 1.905411000000129, 10.414885 ], [ 1.900647000000163, 10.405549000000121 ], [ 1.900329000000113, 10.393579 ], [ 1.903274, 10.383301000000131 ], [ 1.894698000000119, 10.372261 ], [ 1.890533000000119, 10.36767 ], [ 1.887169000000142, 10.363961 ], [ 1.876925, 10.353977 ], [ 1.866197, 10.34072 ], [ 1.85981, 10.330266000000108 ], [ 1.85034, 10.308875 ], [ 1.846223000000123, 10.294657 ], [ 1.843912, 10.272314 ], [ 1.843250000000182, 10.270415000000185 ], [ 1.838191000000108, 10.25589 ], [ 1.832060000000126, 10.232388 ], [ 1.831915, 10.228435 ], [ 1.831701000000123, 10.222591 ], [ 1.83111300000013, 10.219826 ], [ 1.828684, 10.208393000000171 ], [ 1.826732, 10.195847000000185 ], [ 1.826437000000112, 10.18279 ], [ 1.82667, 10.17083 ], [ 1.823062000000107, 10.158796 ], [ 1.817924, 10.140751 ], [ 1.819771000000117, 10.130452000000162 ], [ 1.819445, 10.119026000000133 ], [ 1.817957000000149, 10.110839000000112 ], [ 1.813221000000169, 10.100416000000109 ], [ 1.809539000000143, 10.092188 ], [ 1.801183000000151, 10.08343200000013 ], [ 1.795078, 10.073964000000103 ], [ 1.78864300000015, 10.06622700000014 ], [ 1.782737000000168, 10.059587 ], [ 1.775765, 10.051295 ], [ 1.76807, 10.043366000000105 ], [ 1.766052, 10.042952000000128 ], [ 1.758192000000179, 10.042081000000167 ], [ 1.747855, 10.040937 ], [ 1.731236, 10.027596000000187 ], [ 1.726525, 10.016084000000149 ], [ 1.711910000000103, 10.006012 ], [ 1.673232000000155, 9.964472000000114 ], [ 1.662579000000164, 9.948492 ], [ 1.651064, 9.948268 ], [ 1.638496, 9.945847 ], [ 1.614370000000122, 9.945372000000191 ], [ 1.6015, 9.948621 ], [ 1.598381, 9.949409000000117 ], [ 1.59455400000013, 9.948789000000147 ], [ 1.58304, 9.948562 ], [ 1.568762, 9.949367000000166 ], [ 1.559452000000135, 9.948638 ], [ 1.550251000000173, 9.94247300000012 ], [ 1.542531000000167, 9.944495000000131 ], [ 1.534778000000131, 9.948148 ], [ 1.525906, 9.952865 ], [ 1.520235000000127, 9.961996 ], [ 1.51345700000013, 9.971649000000127 ], [ 1.505658, 9.977475 ], [ 1.50375, 9.977516 ], [ 1.492487, 9.977755000000116 ], [ 1.477660000000185, 9.978545000000111 ], [ 1.463392, 9.978802 ], [ 1.44961700000016, 9.981787000000111 ], [ 1.44132500000012, 9.984882 ], [ 1.430907, 9.984671 ], [ 1.422089000000142, 9.986668 ], [ 1.413797000000102, 9.989762 ], [ 1.40556000000015, 9.99013900000017 ], [ 1.396787, 9.989961 ], [ 1.387969, 9.991957000000127 ], [ 1.380259000000137, 9.99343000000016 ], [ 1.37247200000013, 9.993639 ], [ 1.379839, 9.999533 ], [ 1.388213000000121, 10.000959000000137 ], [ 1.400065, 10.005169000000137 ], [ 1.40352, 10.012801000000138 ], [ 1.401792000000114, 10.023300000000177 ], [ 1.406766, 10.028740000000141 ], [ 1.414497, 10.035261 ], [ 1.423880000000167, 10.041776000000141 ], [ 1.432141000000172, 10.042292 ], [ 1.439859000000126, 10.044993 ], [ 1.448111, 10.04332600000015 ] ] ] ] } },
{ "type": "Feature", "properties": { "fid": 11, "GID_2": "BEN.2.5_1", "GID_0": "BEN", "COUNTRY": "Benin", "GID_1": "BEN.2_1", "NAME_1": "Atakora", "NL_NAME_1": "NA", "NAME_2": "Matéri", "VARNAME_2": "NA", "NL_NAME_2": "NA", "TYPE_2": "Commune", "ENGTYPE_2": "Commune", "CC_2": "NA", "HASC_2": "BJ.AK.MA" }, "geometry": { "type": "MultiPolygon", "coordinates": [ [ [ [ 1.171718, 10.882250000000113 ], [ 1.179973, 10.871864000000187 ], [ 1.189886000000115, 10.862566000000186 ], [ 1.200362, 10.858176 ], [ 1.209177000000182, 10.851608000000169 ], [ 1.219091000000162, 10.84339800000015 ], [ 1.230660000000114, 10.835185 ], [ 1.238917000000129, 10.826981 ], [ 1.246069000000148, 10.818232 ], [ 1.251567000000136, 10.810579 ], [ 1.254856000000132, 10.802386000000183 ], [ 1.255741000000171, 10.791996 ], [ 1.253709, 10.786021 ], [ 1.255903000000103, 10.781105 ], [ 1.259736000000146, 10.783164000000113 ], [ 1.260380000000168, 10.778827 ], [ 1.262111000000175, 10.775058000000172 ], [ 1.267713, 10.770282 ], [ 1.273374, 10.762790000000109 ], [ 1.272941000000117, 10.757343000000105 ], [ 1.270883, 10.750775 ], [ 1.269445000000189, 10.740958 ], [ 1.269122000000152, 10.738321 ], [ 1.268509, 10.733326000000147 ], [ 1.267539, 10.727324 ], [ 1.257787000000178, 10.720594 ], [ 1.258501, 10.712997000000144 ], [ 1.256432000000132, 10.706973000000175 ], [ 1.252141, 10.701989 ], [ 1.244589, 10.695305000000189 ], [ 1.233469000000184, 10.701052000000175 ], [ 1.225191, 10.702507000000139 ], [ 1.21533600000015, 10.700666 ], [ 1.206638000000112, 10.696132 ], [ 1.206862000000172, 10.685807000000182 ], [ 1.205296, 10.681968000000154 ], [ 1.193734000000177, 10.682809000000134 ], [ 1.187702, 10.682137000000125 ], [ 1.176725, 10.681359 ], [ 1.1774640000001, 10.672676000000138 ], [ 1.19042, 10.658271 ], [ 1.176089, 10.621621000000175 ], [ 1.168553, 10.602348000000177 ], [ 1.149889, 10.601407000000108 ], [ 1.135328, 10.603064 ], [ 1.12208900000013, 10.591024 ], [ 1.109698, 10.582347000000141 ], [ 1.082042, 10.562978000000157 ], [ 1.075023000000158, 10.557389000000114 ], [ 1.054217000000165, 10.53939 ], [ 1.048032000000148, 10.535603 ], [ 1.041002, 10.530558 ], [ 1.034973, 10.529882 ], [ 1.028287000000148, 10.53408700000017 ], [ 1.024157, 10.538549 ], [ 1.018722000000139, 10.544209 ], [ 1.012512000000186, 10.551685000000134 ], [ 1.008523, 10.558122 ], [ 1.000737, 10.562301000000105 ], [ 0.990182, 10.567507 ], [ 0.984337, 10.568613 ], [ 0.983154000000127, 10.568837 ], [ 0.975818000000118, 10.570998 ], [ 0.970277000000124, 10.573051000000135 ], [ 0.965774, 10.577845000000138 ], [ 0.95955, 10.585863 ], [ 0.955583, 10.591212000000155 ], [ 0.945087, 10.593699 ], [ 0.943293000000153, 10.600183 ], [ 0.940937, 10.607199 ], [ 0.938068, 10.612572 ], [ 0.932465, 10.617341 ], [ 0.924604000000159, 10.624778000000106 ], [ 0.916816, 10.62895500000019 ], [ 0.910689000093432, 10.634750999911827 ], [ 0.910689, 10.634750999000062 ], [ 0.906708, 10.638515999 ], [ 0.903850000000148, 10.643345000000124 ], [ 0.896586, 10.648620999000116 ], [ 0.892069, 10.653956 ], [ 0.887075, 10.656020000000126 ], [ 0.877237001000083, 10.653626 ], [ 0.861894, 10.651654000000178 ], [ 0.855315000000132, 10.650963 ], [ 0.84279400000014, 10.645789999000044 ], [ 0.829674000000125, 10.642778000000135 ], [ 0.810138604000031, 10.645690824000098 ], [ 0.810758000000135, 10.65590400100001 ], [ 0.811231001000124, 10.663474001 ], [ 0.811482667000121, 10.669012782000095 ], [ 0.811703999000144, 10.673884000000101 ], [ 0.812051000000167, 10.680302000000154 ], [ 0.812650002000169, 10.691390999000077 ], [ 0.813597000000186, 10.697069000000113 ], [ 0.815016000000185, 10.704639000000157 ], [ 0.819748, 10.710789999000042 ], [ 0.823533001000101, 10.719307000000185 ], [ 0.825426001000096, 10.727351000000112 ], [ 0.827276385000062, 10.73207995000007 ], [ 0.829684001000146, 10.738233 ], [ 0.83678100200018, 10.754794 ], [ 0.840567001000181, 10.758578999000122 ], [ 0.841837063000071, 10.760484495000071 ], [ 0.842211850000126, 10.761046795000027 ], [ 0.845297999000081, 10.765677 ], [ 0.851923002000149, 10.775612998999975 ], [ 0.868009999000094, 10.795013001000029 ], [ 0.869430001000183, 10.797852 ], [ 0.873688000000129, 10.806368000000134 ], [ 0.87747299900002, 10.825295000000153 ], [ 0.877371, 10.825325000000134 ], [ 0.879582002000177, 10.837562000999981 ], [ 0.88109755500011, 10.846907215000158 ], [ 0.881399001000148, 10.848766 ], [ 0.883519000000149, 10.856942 ], [ 0.885033, 10.861484000000189 ], [ 0.893586464, 10.875301426000021 ], [ 0.900780000000168, 10.886921999000037 ], [ 0.898054001000105, 10.893885998000087 ], [ 0.895871407000186, 10.899864393000144 ], [ 0.893887869000025, 10.905297551000046 ], [ 0.893230791000178, 10.907097368000052 ], [ 0.891089, 10.912963999000056 ], [ 0.890771514000164, 10.915505286999974 ], [ 0.890717830000028, 10.915934997000022 ], [ 0.890181001000087, 10.920232 ], [ 0.899568, 10.944760999000152 ], [ 0.899690957000189, 10.946665606000124 ], [ 0.899790628000176, 10.948209519000045 ], [ 0.900174000000106, 10.954148001000021 ], [ 0.906533, 10.972923000000151 ], [ 0.912287001000038, 10.996542999000042 ], [ 0.912175531000059, 10.996536979999973 ], [ 0.917907656000125, 11.009318352000093 ], [ 0.921402222000097, 11.017110615000092 ], [ 0.921402233000151, 11.01711063800019 ], [ 0.921563984000159, 11.017471313999977 ], [ 0.939915058000054, 11.030634455000097 ], [ 0.939915992000181, 11.030635125000174 ], [ 0.943574548000186, 11.033259391000058 ], [ 0.944510056000126, 11.033930105000138 ], [ 0.944510283000056, 11.033930268000063 ], [ 0.94451099600002, 11.033930780000105 ], [ 0.947937908000085, 11.035420417000182 ], [ 0.948293839000144, 11.03557512499998 ], [ 0.948876979000033, 11.035828590000108 ], [ 0.950085745000081, 11.036998868000126 ], [ 0.955348806000075, 11.042094347000102 ], [ 0.957807402000071, 11.044474657000023 ], [ 0.958045300000038, 11.044598900000096 ], [ 0.958571, 11.04474629900011 ], [ 0.959279100000174, 11.045009599000082 ], [ 0.958571, 11.044746300000043 ], [ 0.958045299000162, 11.044598900000096 ], [ 0.957807402000071, 11.044474658000127 ], [ 0.962966980000147, 11.04946994800008 ], [ 0.962885798000173, 11.050241471000049 ], [ 0.962724986000183, 11.051769256000057 ], [ 0.965051532000132, 11.052001954000161 ], [ 0.965770721000013, 11.052887916000088 ], [ 0.969918012000051, 11.0580005650001 ], [ 0.970461786000101, 11.060546875000057 ], [ 0.971292972000128, 11.064438820000134 ], [ 0.970433236000076, 11.071658135000177 ], [ 0.970089021000092, 11.074548721000042 ], [ 0.970359744, 11.075670243000104 ], [ 0.971924007000041, 11.082150459000047 ], [ 0.977254986000162, 11.08883953000003 ], [ 0.977909804000149, 11.089598655999964 ], [ 0.978645027000141, 11.090451241000096 ], [ 0.980964841000059, 11.090634347000162 ], [ 0.981670618000123, 11.090689659000077 ], [ 0.98293003200007, 11.089792611000121 ], [ 0.983762648000038, 11.0891995610001 ], [ 0.984239995000166, 11.088859559000014 ], [ 0.989162266000051, 11.080370904000119 ], [ 0.993409217000135, 11.082631112000115 ], [ 0.999154985000189, 11.085689546000026 ], [ 1.009170055000027, 11.085728645000131 ], [ 1.012925503000019, 11.083560740000109 ], [ 1.013134957000148, 11.08343982700012 ], [ 1.013922334000029, 11.082450866000102 ], [ 1.013961648000077, 11.082401472000072 ], [ 1.014351963000138, 11.081911088000027 ], [ 1.015461139000081, 11.080510618000119 ], [ 1.016410946000065, 11.079311371000131 ], [ 1.017896533000112, 11.07508182600003 ], [ 1.02205598300003, 11.06324005100015 ], [ 1.029778004000093, 11.052680969000107 ], [ 1.029783568000028, 11.052677657 ], [ 1.030127167000103, 11.052473070000076 ], [ 1.035143018000042, 11.049481391000029 ], [ 1.043059945000095, 11.049050331999979 ], [ 1.046970963000035, 11.050791740000022 ], [ 1.064913035000075, 11.05877971700005 ], [ 1.065751316000046, 11.058823586000074 ], [ 1.069568992000086, 11.059021951000034 ], [ 1.070399881000185, 11.058129311000073 ], [ 1.074476004000189, 11.053750039000079 ], [ 1.084728002000077, 11.051710127999968 ], [ 1.086168410000084, 11.051031114000125 ], [ 1.091024995000168, 11.048740387 ], [ 1.100129961000164, 11.041640281000184 ], [ 1.102337717000069, 11.039170265000109 ], [ 1.102635292000059, 11.038837461000071 ], [ 1.103059508000172, 11.038363021000066 ], [ 1.109366730000147, 11.031309095000154 ], [ 1.110177637000163, 11.030402185000071 ], [ 1.110513166000146, 11.03086928700003 ], [ 1.111265931000162, 11.031917237000016 ], [ 1.112892335000083, 11.034181409000155 ], [ 1.112904500000127, 11.03416760000016 ], [ 1.113109800000075, 11.034046900000135 ], [ 1.113301600000113, 11.033978400000137 ], [ 1.113492100000087, 11.033938900000066 ], [ 1.113714700000173, 11.033931000000109 ], [ 1.113885, 11.033890200000087 ], [ 1.114051300000142, 11.033794200000159 ], [ 1.114169300000128, 11.033675700000117 ], [ 1.114299399000174, 11.033486100000061 ], [ 1.114430799, 11.033279500000049 ], [ 1.114543500000025, 11.033063600000105 ], [ 1.114599129000112, 11.032934500000067 ], [ 1.114704003000043, 11.032631957000035 ], [ 1.114713000000165, 11.032606000999976 ], [ 1.115115, 11.030489 ], [ 1.11606, 11.028099 ], [ 1.117379000000142, 11.024763 ], [ 1.121231, 11.018209 ], [ 1.122864999000114, 11.007840001000034 ], [ 1.123948001000031, 10.997472 ], [ 1.125025, 10.984921 ], [ 1.126104000000169, 10.973463 ], [ 1.124423999000157, 10.962554 ], [ 1.11393500000014, 10.963122001000045 ], [ 1.112270999000032, 10.959307000000138 ], [ 1.110585, 10.945671001000164 ], [ 1.112770000000182, 10.934756 ], [ 1.119376000000159, 10.926012001000174 ], [ 1.131494000999965, 10.913984 ], [ 1.143068, 10.905775 ], [ 1.160153, 10.893733 ], [ 1.166215, 10.88771400000013 ], [ 1.171718, 10.882250000000113 ] ] ] ] } },
{ "type": "Feature", "properties": { "fid": 12, "GID_2": "BEN.2.6_1", "GID_0": "BEN", "COUNTRY": "Benin", "GID_1": "BEN.2_1", "NAME_1": "Atakora", "NL_NAME_1": "NA", "NAME_2": "Natitingou", "VARNAME_2": "Natingou", "NL_NAME_2": "NA", "TYPE_2": "Commune", "ENGTYPE_2": "Commune", "CC_2": "NA", "HASC_2": "BJ.AK.NA" }, "geometry": { "type": "MultiPolygon", "coordinates": [ [ [ [ 1.545706000000166, 10.218132 ], [ 1.544557000000111, 10.206131 ], [ 1.543959, 10.194128 ], [ 1.545575000000156, 10.184844 ], [ 1.54882, 10.169552 ], [ 1.577342000000101, 10.139425 ], [ 1.57512300000019, 10.134863000000109 ], [ 1.560126, 10.104023 ], [ 1.555692, 10.096945000000176 ], [ 1.547944, 10.087153000000171 ], [ 1.544037000000117, 10.074071 ], [ 1.533551, 10.068110000000161 ], [ 1.523625000000152, 10.064327000000162 ], [ 1.515873, 10.053443 ], [ 1.508699, 10.049105000000111 ], [ 1.502634000000114, 10.046945000000107 ], [ 1.493286, 10.050254000000166 ], [ 1.491006, 10.04998 ], [ 1.484472000000153, 10.049195000000111 ], [ 1.479498, 10.044303000000184 ], [ 1.472865, 10.037233000000128 ], [ 1.462952, 10.036724000000106 ], [ 1.460768000000144, 10.041643 ], [ 1.448111, 10.04332600000015 ], [ 1.439859000000126, 10.044993 ], [ 1.432141000000172, 10.042292 ], [ 1.423880000000167, 10.041776000000141 ], [ 1.422732, 10.045447000000138 ], [ 1.422627897000041, 10.045780053000044 ], [ 1.42079200000012, 10.051651000000106 ], [ 1.419338, 10.063413 ], [ 1.417439000000172, 10.070063000000118 ], [ 1.415785, 10.075857 ], [ 1.405998000000125, 10.077195 ], [ 1.396219000000144, 10.077147 ], [ 1.372033, 10.083144000000118 ], [ 1.366226, 10.070639000000142 ], [ 1.361664, 10.069720000000132 ], [ 1.355083, 10.069587000000126 ], [ 1.351175000000183, 10.07276800000011 ], [ 1.346686, 10.077571000000148 ], [ 1.342218000000173, 10.081285 ], [ 1.337203000000159, 10.084988 ], [ 1.332312000000115, 10.082713000000126 ], [ 1.327958000000137, 10.080991 ], [ 1.321982, 10.07815 ], [ 1.314796000000172, 10.080721000000153 ], [ 1.309265000000153, 10.082781 ], [ 1.304786, 10.087039000000118 ], [ 1.299736, 10.092372000000125 ], [ 1.294730000000129, 10.095531 ], [ 1.289154, 10.099766000000159 ], [ 1.286937000000137, 10.100807000000145 ], [ 1.288502000000108, 10.104645 ], [ 1.291702, 10.109061 ], [ 1.293278, 10.112357 ], [ 1.295941000000141, 10.116218000000174 ], [ 1.299152, 10.120091000000173 ], [ 1.301802000000123, 10.124495 ], [ 1.308259, 10.130610000000104 ], [ 1.312076, 10.131776000000116 ], [ 1.314213000000109, 10.134539000000132 ], [ 1.314716000000146, 10.136725000000126 ], [ 1.312967000000185, 10.141583000000139 ], [ 1.308172000000127, 10.145121000000131 ], [ 1.304064, 10.147379 ], [ 1.300167, 10.150018000000102 ], [ 1.298944, 10.155974000000128 ], [ 1.299343, 10.163051 ], [ 1.295377, 10.168949 ], [ 1.292427000000146, 10.178676 ], [ 1.287283000000173, 10.188355 ], [ 1.278927000000124, 10.194163000000117 ], [ 1.269508, 10.198318 ], [ 1.259586000000184, 10.200286000000119 ], [ 1.250178000000176, 10.203896 ], [ 1.241902, 10.205897 ], [ 1.235798000000159, 10.209032 ], [ 1.226354000000185, 10.214272 ], [ 1.221253000000161, 10.219993 ], [ 1.220168000000115, 10.221210000000156 ], [ 1.211741, 10.230277 ], [ 1.20713000000012, 10.24051 ], [ 1.205274, 10.250259 ], [ 1.202846, 10.261082000000101 ], [ 1.203103000000169, 10.274681000000157 ], [ 1.20454100000012, 10.277173000000118 ], [ 1.206967000000134, 10.281377000000134 ], [ 1.207867, 10.282936000000177 ], [ 1.206571, 10.292152000000101 ], [ 1.209700000000112, 10.299829000000102 ], [ 1.211207000000115, 10.306387 ], [ 1.216065, 10.31029500000011 ], [ 1.224787, 10.313197 ], [ 1.23021800000015, 10.316029 ], [ 1.235157, 10.31613300000015 ], [ 1.238284000000135, 10.324722 ], [ 1.240343000000166, 10.330378000000167 ], [ 1.240145, 10.339618000000144 ], [ 1.240497000000119, 10.34886900000015 ], [ 1.23648, 10.35694 ], [ 1.230851, 10.363346 ], [ 1.223073000000113, 10.367534 ], [ 1.218051000000116, 10.371233000000132 ], [ 1.213578, 10.374945 ], [ 1.211744000000124, 10.383606000000157 ], [ 1.209817, 10.396614000000113 ], [ 1.210890000000177, 10.399295000000109 ], [ 1.213986, 10.407033000000126 ], [ 1.213355, 10.410825 ], [ 1.217932000000189, 10.409099 ], [ 1.231154000000117, 10.407425 ], [ 1.245473, 10.403566000000183 ], [ 1.252638000000104, 10.403546000000119 ], [ 1.350178, 10.398344000000122 ], [ 1.361754, 10.398853 ], [ 1.390444000000173, 10.407490000000109 ], [ 1.410820000000115, 10.401967000000184 ], [ 1.420782, 10.413938 ], [ 1.425561000000187, 10.42162 ], [ 1.432977, 10.43354 ], [ 1.438808, 10.431420000000173 ], [ 1.441740000000152, 10.417141000000186 ], [ 1.442806, 10.406769000000168 ], [ 1.444972, 10.395849 ], [ 1.444922, 10.381661000000122 ], [ 1.452045000000169, 10.369632 ], [ 1.465259000000117, 10.365766 ], [ 1.479569, 10.360258000000101 ], [ 1.49668, 10.36729 ], [ 1.509548000000166, 10.379939000000149 ], [ 1.507836000000111, 10.403265000000147 ], [ 1.505698000000109, 10.421282000000133 ], [ 1.522285000000124, 10.434318000000133 ], [ 1.541598, 10.439157000000137 ], [ 1.560905, 10.442359 ], [ 1.588483000000167, 10.445528 ], [ 1.596757000000139, 10.44658800000019 ], [ 1.605576, 10.446007 ], [ 1.611651, 10.448712 ], [ 1.614948, 10.4459710000001 ], [ 1.618781, 10.439407 ], [ 1.623709000000133, 10.431201000000158 ], [ 1.629733000000101, 10.421354 ], [ 1.633545, 10.409879 ], [ 1.633523, 10.404422000000125 ], [ 1.62083500000017, 10.402289 ], [ 1.613654, 10.398499000000129 ], [ 1.605344000000116, 10.388163 ], [ 1.594285, 10.379474 ], [ 1.590634000000136, 10.376187000000186 ], [ 1.587647, 10.373497 ], [ 1.581, 10.365337 ], [ 1.576567000000125, 10.359351 ], [ 1.571015000000102, 10.349005 ], [ 1.566021, 10.340293 ], [ 1.564326000000165, 10.32993 ], [ 1.559320000000184, 10.317944 ], [ 1.555407000000116, 10.303771 ], [ 1.5509330000001, 10.286872 ], [ 1.548676, 10.273236000000168 ], [ 1.550824000000148, 10.259041 ], [ 1.549591, 10.245283000000143 ], [ 1.547963, 10.231766000000107 ], [ 1.545706000000166, 10.218132 ] ] ] ] } },
{ "type": "Feature", "properties": { "fid": 13, "GID_2": "BEN.2.7_1", "GID_0": "BEN", "COUNTRY": "Benin", "GID_1": "BEN.2_1", "NAME_1": "Atakora", "NL_NAME_1": "NA", "NAME_2": "Péhunco", "VARNAME_2": "Pehonko", "NL_NAME_2": "NA", "TYPE_2": "Commune", "ENGTYPE_2": "Commune", "CC_2": "NA", "HASC_2": "BJ.AK.PE" }, "geometry": { "type": "MultiPolygon", "coordinates": [ [ [ [ 2.07048200000014, 10.047834 ], [ 2.071463000000108, 10.04229 ], [ 2.065154000000177, 10.040959 ], [ 2.060257, 10.038694 ], [ 2.055371, 10.035885000000178 ], [ 2.047762, 10.031938 ], [ 2.036801, 10.031193 ], [ 2.022062, 10.027113 ], [ 2.008826, 10.030675 ], [ 1.998911000000135, 10.032667000000174 ], [ 1.988986000000182, 10.03520200000014 ], [ 1.977881, 10.042066 ], [ 1.965730000000121, 10.046190000000138 ], [ 1.952554, 10.046488000000124 ], [ 1.939482000000112, 10.041349 ], [ 1.926213000000189, 10.046539 ], [ 1.911496, 10.041368000000148 ], [ 1.902129000000173, 10.043366000000105 ], [ 1.87797200000017, 10.043999 ], [ 1.858805, 10.042005 ], [ 1.844417, 10.048257 ], [ 1.835229, 10.041012 ], [ 1.82136800000012, 10.048363000000165 ], [ 1.810471000000177, 10.044347 ], [ 1.796726000000149, 10.045716 ], [ 1.782465, 10.045443000000148 ], [ 1.774796, 10.04475 ], [ 1.76807, 10.043366000000105 ], [ 1.775765, 10.051295 ], [ 1.782737000000168, 10.059587 ], [ 1.78864300000015, 10.06622700000014 ], [ 1.795078, 10.073964000000103 ], [ 1.801183000000151, 10.08343200000013 ], [ 1.809539000000143, 10.092188 ], [ 1.813221000000169, 10.100416000000109 ], [ 1.817957000000149, 10.110839000000112 ], [ 1.819445, 10.119026000000133 ], [ 1.819771000000117, 10.130452000000162 ], [ 1.817924, 10.140751 ], [ 1.823062000000107, 10.158796 ], [ 1.82667, 10.17083 ], [ 1.826437000000112, 10.18279 ], [ 1.826732, 10.195847000000185 ], [ 1.828684, 10.208393000000171 ], [ 1.83111300000013, 10.219826 ], [ 1.831701000000123, 10.222591 ], [ 1.831915, 10.228435 ], [ 1.832060000000126, 10.232388 ], [ 1.838191000000108, 10.25589 ], [ 1.843250000000182, 10.270415000000185 ], [ 1.843912, 10.272314 ], [ 1.846223000000123, 10.294657 ], [ 1.85034, 10.308875 ], [ 1.85981, 10.330266000000108 ], [ 1.866197, 10.34072 ], [ 1.876925, 10.353977 ], [ 1.887169000000142, 10.363961 ], [ 1.890533000000119, 10.36767 ], [ 1.894698000000119, 10.372261 ], [ 1.903274, 10.383301000000131 ], [ 1.900329000000113, 10.393579 ], [ 1.900647000000163, 10.405549000000121 ], [ 1.905411000000129, 10.414885 ], [ 1.909667, 10.422035000000108 ], [ 1.914421000000118, 10.431915 ], [ 1.920285000000149, 10.441271 ], [ 1.927712, 10.455008 ], [ 1.928528, 10.469707 ], [ 1.937887000000103, 10.468796 ], [ 1.939910000000168, 10.471351 ], [ 1.949689000000149, 10.483702 ], [ 1.953555000000108, 10.482687 ], [ 1.961597, 10.493172 ], [ 1.965494, 10.490525 ], [ 1.97475, 10.495050000000163 ], [ 1.982524000000183, 10.490844000000152 ], [ 1.995521000000167, 10.500876000000119 ], [ 2.010116, 10.513658 ], [ 2.013825000000111, 10.518407 ], [ 2.016027, 10.524713 ], [ 2.047433000000126, 10.516525000000115 ], [ 2.067842, 10.512551000000144 ], [ 2.07610300000016, 10.511616 ], [ 2.088118, 10.515644 ], [ 2.102891, 10.519178 ], [ 2.106687, 10.521913 ], [ 2.113737, 10.526992 ], [ 2.12617100000017, 10.538096 ], [ 2.138238000000115, 10.539405000000158 ], [ 2.150916000000166, 10.537459 ], [ 2.166260000000136, 10.539914000000181 ], [ 2.173832000000118, 10.546578000000181 ], [ 2.188108, 10.547379 ], [ 2.195871, 10.543713 ], [ 2.204662000000155, 10.543872 ], [ 2.212295, 10.547273000000132 ], [ 2.223324000000105, 10.545295 ], [ 2.234384, 10.546537000000171 ], [ 2.243829, 10.54430200000013 ], [ 2.243897, 10.536305 ], [ 2.244142, 10.533628 ], [ 2.192875000000129, 10.475849 ], [ 2.171598, 10.451860000000124 ], [ 2.161846000000139, 10.433256 ], [ 2.155455000000188, 10.407596000000183 ], [ 2.153058000000101, 10.379217 ], [ 2.15144800000013, 10.360161 ], [ 2.164189, 10.349913000000186 ], [ 2.179102, 10.342950000000144 ], [ 2.190683000000149, 10.339774 ], [ 2.199548000000163, 10.332217 ], [ 2.221758, 10.30733 ], [ 2.239100000000121, 10.271507 ], [ 2.24145, 10.252081 ], [ 2.250291, 10.178966 ], [ 2.26138, 10.167611 ], [ 2.261050000000125, 10.149192000000141 ], [ 2.260999, 10.146358000000134 ], [ 2.240427000000125, 10.105876000000137 ], [ 2.222338, 10.096497 ], [ 2.211455000000171, 10.092765000000156 ], [ 2.197132000000124, 10.088642 ], [ 2.173533, 10.083549 ], [ 2.152107000000115, 10.081741 ], [ 2.135061000000121, 10.082149000000186 ], [ 2.126945, 10.08107 ], [ 2.115849, 10.078722000000141 ], [ 2.111455, 10.078141 ], [ 2.085198, 10.062667 ], [ 2.080308000000116, 10.057738000000143 ], [ 2.07048200000014, 10.047834 ] ] ] ] } },
{ "type": "Feature", "properties": { "fid": 14, "GID_2": "BEN.2.8_1", "GID_0": "BEN", "COUNTRY": "Benin", "GID_1": "BEN.2_1", "NAME_1": "Atakora", "NL_NAME_1": "NA", "NAME_2": "Tanguiéta", "VARNAME_2": "NA", "NL_NAME_2": "NA", "TYPE_2": "Commune", "ENGTYPE_2": "Commune", "CC_2": "NA", "HASC_2": "BJ.AK.TA" }, "geometry": { "type": "MultiPolygon", "coordinates": [ [ [ [ 1.109698, 10.582347000000141 ], [ 1.12208900000013, 10.591024 ], [ 1.135328, 10.603064 ], [ 1.149889, 10.601407000000108 ], [ 1.168553, 10.602348000000177 ], [ 1.176089, 10.621621000000175 ], [ 1.19042, 10.658271 ], [ 1.1774640000001, 10.672676000000138 ], [ 1.176725, 10.681359 ], [ 1.187702, 10.682137000000125 ], [ 1.193734000000177, 10.682809000000134 ], [ 1.205296, 10.681968000000154 ], [ 1.206862000000172, 10.685807000000182 ], [ 1.206638000000112, 10.696132 ], [ 1.21533600000015, 10.700666 ], [ 1.225191, 10.702507000000139 ], [ 1.233469000000184, 10.701052000000175 ], [ 1.244589, 10.695305000000189 ], [ 1.252141, 10.701989 ], [ 1.256432000000132, 10.706973000000175 ], [ 1.258501, 10.712997000000144 ], [ 1.257787000000178, 10.720594 ], [ 1.267539, 10.727324 ], [ 1.268509, 10.733326000000147 ], [ 1.269122000000152, 10.738321 ], [ 1.269445000000189, 10.740958 ], [ 1.270883, 10.750775 ], [ 1.272941000000117, 10.757343000000105 ], [ 1.273374, 10.762790000000109 ], [ 1.267713, 10.770282 ], [ 1.262111000000175, 10.775058000000172 ], [ 1.260380000000168, 10.778827 ], [ 1.259736000000146, 10.783164000000113 ], [ 1.255903000000103, 10.781105 ], [ 1.253709, 10.786021 ], [ 1.255741000000171, 10.791996 ], [ 1.254855999000029, 10.802386001000116 ], [ 1.251567000000136, 10.810579001000121 ], [ 1.246069000000148, 10.818232 ], [ 1.238917000000129, 10.826981 ], [ 1.230660000000114, 10.835185001000127 ], [ 1.219090999000059, 10.843398001000082 ], [ 1.209177000000182, 10.851608001000102 ], [ 1.200362, 10.858176001000118 ], [ 1.189886000000115, 10.862566001000118 ], [ 1.179973, 10.871864000000187 ], [ 1.171717999000123, 10.882250000000113 ], [ 1.166215, 10.88771400000013 ], [ 1.160152999000161, 10.893733001000157 ], [ 1.143067999000152, 10.905775 ], [ 1.131494, 10.913984 ], [ 1.119375999000113, 10.926012 ], [ 1.112770000000182, 10.934756 ], [ 1.110584999000139, 10.945671 ], [ 1.112271, 10.959307000000138 ], [ 1.113934999000037, 10.963122000000112 ], [ 1.124423999000157, 10.962554001000115 ], [ 1.126103999000065, 10.973463 ], [ 1.125025, 10.984921000999975 ], [ 1.123948, 10.997472 ], [ 1.122864999000114, 11.007840000000158 ], [ 1.12123099900009, 11.018209001000173 ], [ 1.117379000000142, 11.024763001000167 ], [ 1.116059999000186, 11.028099001000101 ], [ 1.115115, 11.030489 ], [ 1.114712999000119, 11.032606000000101 ], [ 1.114599129000112, 11.032934500000067 ], [ 1.114543499000092, 11.033063600000105 ], [ 1.114430799, 11.033279500000049 ], [ 1.114299399000174, 11.033486101000165 ], [ 1.114169300000128, 11.033675700000117 ], [ 1.114051300000142, 11.033794200000159 ], [ 1.113885, 11.033890200000087 ], [ 1.113714700000173, 11.033931001000042 ], [ 1.113492099000155, 11.033938900000066 ], [ 1.113301600000113, 11.033978401000013 ], [ 1.113109799000142, 11.034046900000135 ], [ 1.112904499000024, 11.034167601000036 ], [ 1.112892335000083, 11.034181409000155 ], [ 1.113378167000121, 11.034857751000118 ], [ 1.113752064000096, 11.035378163000019 ], [ 1.115779041, 11.038199425000073 ], [ 1.115929007000148, 11.03841304700012 ], [ 1.1159697760001, 11.038471223000158 ], [ 1.115262985000129, 11.041231155999981 ], [ 1.10989201100017, 11.046270371000105 ], [ 1.099614976999987, 11.056580544000099 ], [ 1.099749208, 11.060312271000043 ], [ 1.099830031000067, 11.062560082000118 ], [ 1.097710013000153, 11.064720155000032 ], [ 1.093520044000115, 11.068980218000036 ], [ 1.096515058000136, 11.078418732000102 ], [ 1.095785974000023, 11.079939843999966 ], [ 1.092998982000154, 11.085769655000149 ], [ 1.091557860000137, 11.086676599000043 ], [ 1.088222578, 11.088774712000031 ], [ 1.086464047999982, 11.089880944000072 ], [ 1.086459993000119, 11.091114044000108 ], [ 1.086458878000087, 11.091454234000025 ], [ 1.086454988000128, 11.092640876000189 ], [ 1.090157031000103, 11.0997819910001 ], [ 1.087749958000188, 11.10204410700004 ], [ 1.084550024000066, 11.105051040000092 ], [ 1.086619019000125, 11.113340378000089 ], [ 1.085620163999977, 11.114582063000057 ], [ 1.083112001000018, 11.117699624000181 ], [ 1.081870913000046, 11.117986679000012 ], [ 1.07822001, 11.11882972900014 ], [ 1.073766946000148, 11.125939369999969 ], [ 1.067234992000067, 11.128911018 ], [ 1.066722156000083, 11.127718926000171 ], [ 1.066542030000107, 11.127300263000052 ], [ 1.067108751000035, 11.125955583000177 ], [ 1.068186043000139, 11.123399735000078 ], [ 1.064744103000123, 11.118837537000104 ], [ 1.064707994000059, 11.118789674000141 ], [ 1.060047031000124, 11.119689941000104 ], [ 1.058145743000068, 11.121105888000102 ], [ 1.053277968000089, 11.124731066000038 ], [ 1.053226580000057, 11.124796521 ], [ 1.053083026000081, 11.124979371000052 ], [ 1.050938964000181, 11.127710342000171 ], [ 1.052871274000154, 11.129872563000106 ], [ 1.053208947000144, 11.130250414000159 ], [ 1.054473424000037, 11.131665339999984 ], [ 1.054648041000178, 11.131860733999986 ], [ 1.0545750120001, 11.132153848000087 ], [ 1.054531112000177, 11.132330050000121 ], [ 1.054424681000171, 11.132757223 ], [ 1.052760004000049, 11.13943862900004 ], [ 1.055541039000161, 11.14313125700005 ], [ 1.056626612, 11.143698076000135 ], [ 1.059805760000188, 11.145358030000182 ], [ 1.06042504300018, 11.145681382000078 ], [ 1.062543272000028, 11.145655633 ], [ 1.091401100000098, 11.145310402000121 ], [ 1.09209978500013, 11.145572664000156 ], [ 1.094038011000066, 11.146301271000141 ], [ 1.096987008000099, 11.147401811000066 ], [ 1.110764146000122, 11.164942742000051 ], [ 1.111830950000126, 11.166300776000128 ], [ 1.118335961000184, 11.171610833000102 ], [ 1.125319004, 11.173240663000115 ], [ 1.141157031000148, 11.173740387000066 ], [ 1.144232511000041, 11.168556213000159 ], [ 1.14701199600006, 11.163870811000095 ], [ 1.149711435000086, 11.161936192000155 ], [ 1.150513051000132, 11.161361695000096 ], [ 1.151373983000155, 11.161326410000129 ], [ 1.155869007999968, 11.161141397 ], [ 1.159026981000068, 11.163581848000035 ], [ 1.159645915000112, 11.164056778000088 ], [ 1.160053014000141, 11.164369584000042 ], [ 1.155143977000137, 11.169880869000167 ], [ 1.152642727000114, 11.172944069000096 ], [ 1.150467037000055, 11.175608637000153 ], [ 1.15254795400017, 11.181369782000104 ], [ 1.149729012000023, 11.18894100100016 ], [ 1.150481701000047, 11.191511154000068 ], [ 1.152492999000174, 11.198378563000119 ], [ 1.149814136000145, 11.201630505000082 ], [ 1.148520946000076, 11.203200341000127 ], [ 1.151336740000147, 11.207284939000033 ], [ 1.151533962000144, 11.207571030000167 ], [ 1.151531793000061, 11.207574342999976 ], [ 1.151177254000118, 11.208116032000135 ], [ 1.150225044000024, 11.209570885000176 ], [ 1.149428009000076, 11.210788727000022 ], [ 1.150165833000187, 11.211765628000137 ], [ 1.150413878000165, 11.212094047000051 ], [ 1.154176831000029, 11.217076302000066 ], [ 1.15569102600017, 11.219080926000174 ], [ 1.155838252000137, 11.220114710000075 ], [ 1.15638005600016, 11.223919869000099 ], [ 1.153568983000184, 11.227588654000158 ], [ 1.143306016000054, 11.231240274000129 ], [ 1.136297941000066, 11.236961367 ], [ 1.132180435000123, 11.245288214000027 ], [ 1.131369926000104, 11.246927308000068 ], [ 1.130468926000162, 11.248749403000147 ], [ 1.129029035000144, 11.25166130000008 ], [ 1.129245996000066, 11.256490709000104 ], [ 1.131768377000128, 11.259803352000176 ], [ 1.132625644000086, 11.260929198000099 ], [ 1.134926797000162, 11.263951301000077 ], [ 1.136440993, 11.265939712000034 ], [ 1.138722777000169, 11.267731665999975 ], [ 1.139982858000053, 11.268721425000081 ], [ 1.142017961000136, 11.270319939 ], [ 1.142374516000075, 11.270349504000023 ], [ 1.147842527000137, 11.270798684000113 ], [ 1.152740002000087, 11.268050193000136 ], [ 1.155220915000086, 11.265532770000107 ], [ 1.159520029000021, 11.261170389000029 ], [ 1.168612958000153, 11.26074123300009 ], [ 1.170780663000187, 11.261175589000118 ], [ 1.173696040000095, 11.261759759000142 ], [ 1.176761031000126, 11.262371065000082 ], [ 1.179422737000095, 11.261960983999984 ], [ 1.181190014000038, 11.261689188000048 ], [ 1.183777928000097, 11.259754182 ], [ 1.185160041000131, 11.258720398000094 ], [ 1.190984963000176, 11.258501052999975 ], [ 1.198436023000113, 11.260590554000146 ], [ 1.206125973999974, 11.260841371000026 ], [ 1.211958051000181, 11.258330345000047 ], [ 1.215004802000124, 11.258850097000106 ], [ 1.222902057999988, 11.260198593000098 ], [ 1.228032947000088, 11.259288788000049 ], [ 1.231948137000188, 11.25663948100015 ], [ 1.242056012000148, 11.249800684000149 ], [ 1.24487006600009, 11.247898101000033 ], [ 1.248342036000111, 11.245551109000189 ], [ 1.252070308000043, 11.245320321000065 ], [ 1.25340914700007, 11.24675846100007 ], [ 1.254635415999985, 11.248076259000015 ], [ 1.259390744000029, 11.253186519999986 ], [ 1.260434985000188, 11.254308701000014 ], [ 1.265779715000065, 11.25650655600009 ], [ 1.266126155000165, 11.256649018000132 ], [ 1.27393496100018, 11.259860992000142 ], [ 1.274403261000032, 11.260744726999974 ], [ 1.275365920000183, 11.262561370000128 ], [ 1.276010988999985, 11.263778689000048 ], [ 1.27625298300012, 11.264240265000012 ], [ 1.273432969000055, 11.273658753 ], [ 1.274106026000027, 11.283320426000159 ], [ 1.272081850000063, 11.287146569000129 ], [ 1.270825981000144, 11.289520264000146 ], [ 1.270475746000045, 11.289552689000061 ], [ 1.265930056000172, 11.289971354000158 ], [ 1.263602972000172, 11.288351059000092 ], [ 1.263742923000109, 11.28688812300004 ], [ 1.263844968000114, 11.285820962000116 ], [ 1.269454003000135, 11.280091286000129 ], [ 1.268037081000159, 11.278214454000135 ], [ 1.267383477000067, 11.277348818000064 ], [ 1.26666605500003, 11.276398659000051 ], [ 1.26177096300006, 11.277079583000102 ], [ 1.261036039000146, 11.277897835000147 ], [ 1.258265972, 11.280982019000021 ], [ 1.254750014000081, 11.289939881000123 ], [ 1.254956006000043, 11.297988891000159 ], [ 1.253668904000165, 11.302287102000093 ], [ 1.253041982000127, 11.304380418000051 ], [ 1.252132059000076, 11.3074111950001 ], [ 1.252371310000058, 11.309823036000068 ], [ 1.252588033000166, 11.312007905000144 ], [ 1.254538774000025, 11.31603050200016 ], [ 1.255601049000063, 11.318221092000044 ], [ 1.259088040000165, 11.320989609000037 ], [ 1.260254980000127, 11.321033478000061 ], [ 1.263033269, 11.321136788000047 ], [ 1.265846013000044, 11.321241378000025 ], [ 1.268028974000117, 11.320226670000068 ], [ 1.274713992000045, 11.317119600000012 ], [ 1.27959501800018, 11.313011170000095 ], [ 1.282889008000041, 11.310238838000032 ], [ 1.290390014000025, 11.293238642000119 ], [ 1.299734472000125, 11.292112352 ], [ 1.301580070000057, 11.291890145000025 ], [ 1.302173495000034, 11.294318200000077 ], [ 1.302587967000022, 11.296016564000126 ], [ 1.303657651000094, 11.300399781000124 ], [ 1.307372974000089, 11.300987719000091 ], [ 1.307384722000165, 11.300989577000109 ], [ 1.307400107000092, 11.300992013000098 ], [ 1.308080553000082, 11.301099778000037 ], [ 1.311579942000037, 11.299269676000165 ], [ 1.313023567000187, 11.296116828000038 ], [ 1.314628957000139, 11.292610169000113 ], [ 1.317171691, 11.291948319000028 ], [ 1.325120329000072, 11.289879800000051 ], [ 1.326584814, 11.290913582000144 ], [ 1.326750993000189, 11.291030885000168 ], [ 1.327288985000109, 11.292206765000117 ], [ 1.329177085000026, 11.296333329000106 ], [ 1.33138501500008, 11.301158905000079 ], [ 1.336165919000052, 11.30400110100004 ], [ 1.338368057000025, 11.305310250000105 ], [ 1.338854672000025, 11.305837293000081 ], [ 1.339038134000134, 11.306035996000105 ], [ 1.34092497600011, 11.308078767000097 ], [ 1.340919972000052, 11.309866905999968 ], [ 1.340916036000067, 11.311289787000021 ], [ 1.334736942000063, 11.319540979000067 ], [ 1.331797003000077, 11.323460579000027 ], [ 1.33192515200011, 11.328256607000014 ], [ 1.332012056, 11.331510544000025 ], [ 1.326411962000122, 11.334719657000107 ], [ 1.322933155000158, 11.343171686000176 ], [ 1.320549965000112, 11.348961830000178 ], [ 1.320740699000112, 11.349646569000072 ], [ 1.321702957000127, 11.353100776000133 ], [ 1.319381953000118, 11.356800079000038 ], [ 1.317957998000168, 11.35906982500012 ], [ 1.32004797400009, 11.362759591000042 ], [ 1.323307992000139, 11.363682747000041 ], [ 1.325834084000064, 11.363395693000086 ], [ 1.335199952000153, 11.362331392000044 ], [ 1.336949233000041, 11.362860575000013 ], [ 1.338753938000082, 11.363406526000176 ], [ 1.340556025000069, 11.363951683999971 ], [ 1.341097629999979, 11.364387909000129 ], [ 1.344196837000027, 11.366884101000039 ], [ 1.344279885000162, 11.366950991000067 ], [ 1.344163298000183, 11.367744447000177 ], [ 1.344051433000061, 11.368505414000026 ], [ 1.34356999400012, 11.371780396000077 ], [ 1.35193800900015, 11.381448747000036 ], [ 1.351463079000098, 11.384336471999973 ], [ 1.350991964000116, 11.387201309000147 ], [ 1.351948739000136, 11.388306618 ], [ 1.353780032000031, 11.390421867000157 ], [ 1.356811047000122, 11.39020061500014 ], [ 1.358250976000136, 11.387379647000159 ], [ 1.35938894700007, 11.385149955000031 ], [ 1.35964449700009, 11.385104131000162 ], [ 1.359952688000078, 11.385048866000147 ], [ 1.361951232000081, 11.384690286000136 ], [ 1.371348011000123, 11.389549652000028 ], [ 1.372663975000137, 11.390230178000024 ], [ 1.37496590700016, 11.396686553000166 ], [ 1.375210046, 11.397371293000162 ], [ 1.384358785000188, 11.398836121000045 ], [ 1.385154740000019, 11.398963563000109 ], [ 1.387524364000171, 11.399342970000134 ], [ 1.388260245000026, 11.399460794000106 ], [ 1.389561534000165, 11.401264191 ], [ 1.390588044000026, 11.402689934000136 ], [ 1.389878988000135, 11.406590462000111 ], [ 1.38980424500005, 11.406625749000057 ], [ 1.385380030000022, 11.408720971000093 ], [ 1.384889602000158, 11.408951760000093 ], [ 1.383576988000073, 11.409568788000115 ], [ 1.383272408000096, 11.412222862000021 ], [ 1.382863998000062, 11.415781975000073 ], [ 1.381665069000064, 11.41876343600012 ], [ 1.381043912000109, 11.42030811300009 ], [ 1.379816055, 11.423361778000071 ], [ 1.384436011000162, 11.4422311780001 ], [ 1.388548662000176, 11.44454399500006 ], [ 1.390173589000085, 11.445457800000099 ], [ 1.391896988000099, 11.446426981000059 ], [ 1.393596448000039, 11.4473827 ], [ 1.393999510000185, 11.44760936900019 ], [ 1.395546265000178, 11.448479212000109 ], [ 1.400056243000108, 11.451015472 ], [ 1.40330099900018, 11.452839852000182 ], [ 1.403893178000089, 11.453026326000156 ], [ 1.404085397000074, 11.453086855000095 ], [ 1.405130925000094, 11.453415421000102 ], [ 1.407343487000162, 11.454110739000043 ], [ 1.407727003000105, 11.454231262000178 ], [ 1.409685845000183, 11.453407189000131 ], [ 1.41072721300003, 11.452969091000114 ], [ 1.412909150000132, 11.452051163000021 ], [ 1.414263009000024, 11.451481819000151 ], [ 1.415434210000171, 11.45170388300005 ], [ 1.419157027000097, 11.452409744000079 ], [ 1.421612263000043, 11.455211641 ], [ 1.421645045000105, 11.455248833999974 ], [ 1.421658743000137, 11.455264459000148 ], [ 1.421837010000047, 11.455467783000074 ], [ 1.422181010000088, 11.455860139000038 ], [ 1.422975182000073, 11.458227157000124 ], [ 1.42565703300005, 11.46622085600012 ], [ 1.431018949000133, 11.46623039200017 ], [ 1.434504032000063, 11.472210885000038 ], [ 1.439467347000175, 11.473648774000083 ], [ 1.439911903000166, 11.473777563000169 ], [ 1.439961374000063, 11.47379189500009 ], [ 1.440096974000085, 11.473831178000069 ], [ 1.440535068000145, 11.47360038700009 ], [ 1.441759420000153, 11.472954980000054 ], [ 1.442134334000116, 11.472757348000016 ], [ 1.443132996000145, 11.472230911999986 ], [ 1.446179987000107, 11.464880944000072 ], [ 1.449363709000068, 11.463521958000058 ], [ 1.451547980000043, 11.462590219000163 ], [ 1.456169962000047, 11.463088035000169 ], [ 1.460173965000138, 11.463520050999989 ], [ 1.461307618000035, 11.463963786000022 ], [ 1.464012413000091, 11.465022499000156 ], [ 1.467860938000115, 11.466528893000088 ], [ 1.467862040000057, 11.466527173000145 ], [ 1.468937868000069, 11.464848855000184 ], [ 1.475814818000117, 11.454120637000187 ], [ 1.479526638000095, 11.454514503000098 ], [ 1.480240582000022, 11.45459079699998 ], [ 1.481581498000082, 11.455639113000018 ], [ 1.492318324000109, 11.464033067000173 ], [ 1.493751192, 11.465153272000066 ], [ 1.494680047000031, 11.465879442000073 ], [ 1.501207948000058, 11.466348649000111 ], [ 1.502121963000093, 11.465245954000068 ], [ 1.50257377700018, 11.464700871 ], [ 1.506036248000044, 11.460523642000169 ], [ 1.509387969000159, 11.456480027000168 ], [ 1.513061760000141, 11.455648423000127 ], [ 1.518483997000146, 11.454421996000121 ], [ 1.523856043000023, 11.449831964000168 ], [ 1.531787038000118, 11.447311401000036 ], [ 1.535014968000041, 11.447593814000072 ], [ 1.537150025000187, 11.447780611000155 ], [ 1.541342974000145, 11.450551988000029 ], [ 1.546923039000035, 11.460208893000129 ], [ 1.548368810000056, 11.464241029000164 ], [ 1.550409137000031, 11.469931192000161 ], [ 1.550409911999964, 11.469933351000066 ], [ 1.550412652000034, 11.46994099200009 ], [ 1.550634979000051, 11.47056102800002 ], [ 1.552409674000046, 11.471002859000066 ], [ 1.553549138000051, 11.47128654200003 ], [ 1.554365991, 11.471489906000158 ], [ 1.556072234000055, 11.470314027000086 ], [ 1.556699990000141, 11.469881058000055 ], [ 1.55747532800018, 11.468088150000085 ], [ 1.559978008000087, 11.462301255000057 ], [ 1.566704485000059, 11.458019042000046 ], [ 1.567913056000123, 11.457249641000089 ], [ 1.568132836000188, 11.452550559000088 ], [ 1.568146154000033, 11.452265800000077 ], [ 1.56816101000004, 11.451948165000033 ], [ 1.568397043000118, 11.446901321000041 ], [ 1.569725871000117, 11.446056368000029 ], [ 1.572362185000088, 11.444379807000132 ], [ 1.574811569000076, 11.444038647000184 ], [ 1.575498104000133, 11.443943024000134 ], [ 1.578894017000152, 11.443470955000066 ], [ 1.579486166000038, 11.44172908000013 ], [ 1.580301047000034, 11.439332009000111 ], [ 1.579807549000066, 11.438531926000053 ], [ 1.574483990000033, 11.42990112300015 ], [ 1.576040148, 11.429529190000039 ], [ 1.583114981000165, 11.427840234000087 ], [ 1.584919651000121, 11.426065711000035 ], [ 1.58764624600002, 11.423384667000107 ], [ 1.58928704200008, 11.421771048999972 ], [ 1.589884043000154, 11.421178818000101 ], [ 1.589907515000164, 11.421098362 ], [ 1.590249929000095, 11.419924666000099 ], [ 1.590415152000162, 11.419358331000012 ], [ 1.590513110000074, 11.419022561000133 ], [ 1.590571178000118, 11.418823520000103 ], [ 1.59063056500014, 11.418619960000115 ], [ 1.590823055000044, 11.417960168000093 ], [ 1.590791270000182, 11.417551193000065 ], [ 1.589949131000026, 11.406715393000013 ], [ 1.589679003000072, 11.403239250000127 ], [ 1.59155774200002, 11.400340081000138 ], [ 1.592951655000149, 11.398189544000104 ], [ 1.595412641, 11.396938238000132 ], [ 1.599717021000174, 11.394749642000022 ], [ 1.607092022000131, 11.394396781000069 ], [ 1.613705991000188, 11.394080161000147 ], [ 1.618639945000041, 11.391389848000074 ], [ 1.620470047000083, 11.390399934000015 ], [ 1.625131009000086, 11.390871049 ], [ 1.626668904000041, 11.391724108000176 ], [ 1.627113343000133, 11.391970635000064 ], [ 1.628859997000063, 11.392939568000031 ], [ 1.635381606000124, 11.399390139000047 ], [ 1.637472988000127, 11.401458740000066 ], [ 1.638752779000072, 11.401679947000162 ], [ 1.638790461000156, 11.401686461000168 ], [ 1.638813734000053, 11.401690484000028 ], [ 1.640494942000089, 11.4019813540001 ], [ 1.641744494000079, 11.402198791999979 ], [ 1.642831683000054, 11.402388573000167 ], [ 1.648900031000153, 11.39663982400009 ], [ 1.658463955000116, 11.395731927000043 ], [ 1.663123130000031, 11.396431925000059 ], [ 1.664142966000043, 11.397017479 ], [ 1.670342158000153, 11.400577639000062 ], [ 1.670346976000189, 11.400580406000188 ], [ 1.670632862000048, 11.40087816200014 ], [ 1.676859168000078, 11.40736296100016 ], [ 1.68335552800005, 11.414129027000058 ], [ 1.683385967000163, 11.414160729 ], [ 1.685045362000039, 11.414251329000081 ], [ 1.68566759600003, 11.414285024000094 ], [ 1.685667829000124, 11.414285037000184 ], [ 1.687581419000026, 11.414388658000121 ], [ 1.692950010000061, 11.409339907000117 ], [ 1.693187228000113, 11.409291572000143 ], [ 1.69318785400003, 11.409291445 ], [ 1.698204042999976, 11.408269374000099 ], [ 1.699713348999978, 11.407961847000138 ], [ 1.700279354000031, 11.40829658500013 ], [ 1.703207968000072, 11.41003132000003 ], [ 1.70739698400007, 11.415329935000159 ], [ 1.709875583000098, 11.420398712000065 ], [ 1.711014920000139, 11.422728668000104 ], [ 1.71414494600009, 11.429129601000056 ], [ 1.715666174000035, 11.429451944 ], [ 1.715751065, 11.429469940999979 ], [ 1.715759968000157, 11.429471828999965 ], [ 1.717406989000096, 11.429821014000026 ], [ 1.717407994999974, 11.429819578000036 ], [ 1.719850788000031, 11.426334633000124 ], [ 1.722077013000103, 11.423158646000161 ], [ 1.724336863000076, 11.423375129000021 ], [ 1.724825561000159, 11.423422024999979 ], [ 1.72482637000013, 11.423422103000178 ], [ 1.729305982000085, 11.423851966000143 ], [ 1.733736992000047, 11.421792030000063 ], [ 1.733737568000095, 11.421791131000077 ], [ 1.735248934000083, 11.419432327000095 ], [ 1.736538053000061, 11.417420387000107 ], [ 1.736594748000073, 11.417404550000128 ], [ 1.736594775000185, 11.417404542000099 ], [ 1.736698508000131, 11.4173755650001 ], [ 1.73980402900014, 11.416501999000104 ], [ 1.740632535000088, 11.416876794000132 ], [ 1.741861270000072, 11.417432119000182 ], [ 1.741864471000099, 11.417433567000103 ], [ 1.747961043000032, 11.420188904000099 ], [ 1.747997888000157, 11.420160251000141 ], [ 1.748217185000101, 11.419989710000152 ], [ 1.748217592, 11.419989393000037 ], [ 1.748225926000032, 11.419982906000087 ], [ 1.752393961000166, 11.416741371000057 ], [ 1.755656959000135, 11.417201042000158 ], [ 1.757674948000044, 11.420854351000173 ], [ 1.757674989000122, 11.420854426000062 ], [ 1.757682443000022, 11.420867919000045 ], [ 1.758451408000155, 11.422260063000124 ], [ 1.758452057000113, 11.422261239000022 ], [ 1.762350440000034, 11.422434807 ], [ 1.762774332000106, 11.422453627000152 ], [ 1.762774830000126, 11.42245365000008 ], [ 1.763451847000113, 11.422483708000073 ], [ 1.763811046000058, 11.422499655000081 ], [ 1.763811111000166, 11.422499658000163 ], [ 1.764271672000177, 11.422347819000095 ], [ 1.765212832000032, 11.422037536000119 ], [ 1.766510010000104, 11.421609880000062 ], [ 1.76944470400008, 11.420646668000131 ], [ 1.773606419999965, 11.419281007 ], [ 1.773606577000066, 11.419281124000122 ], [ 1.775674344000038, 11.420817376000059 ], [ 1.775784580999982, 11.420899245000157 ], [ 1.775784865000048, 11.420899458000065 ], [ 1.777052162000189, 11.421840632000169 ], [ 1.777333872000042, 11.422049848000029 ], [ 1.777336002000027, 11.422051429000078 ], [ 1.780738114000144, 11.421916007999982 ], [ 1.78141662000013, 11.421888778000039 ], [ 1.782230846000175, 11.421856102 ], [ 1.783161998000139, 11.421818734000112 ], [ 1.784925460000011, 11.423076631000185 ], [ 1.785055534000151, 11.423169441000027 ], [ 1.785055819000092, 11.423169643000051 ], [ 1.787358047000112, 11.424812315999986 ], [ 1.7927593, 11.425914765000186 ], [ 1.793319928000017, 11.426029076000134 ], [ 1.793320110000082, 11.42602911400013 ], [ 1.79528498600007, 11.426429748999965 ], [ 1.797844053000176, 11.431719780000094 ], [ 1.799846499000125, 11.433498782000186 ], [ 1.799846764000051, 11.433499017000145 ], [ 1.799848199999985, 11.433500290000154 ], [ 1.802505016999987, 11.435860634000051 ], [ 1.80540416100007, 11.436288535000187 ], [ 1.805890798000121, 11.436360359999981 ], [ 1.807168006999973, 11.43654918600015 ], [ 1.810561920000055, 11.435687675 ], [ 1.813547374000166, 11.434929848000138 ], [ 1.815551073000108, 11.43442138100005 ], [ 1.821622809000132, 11.432880595000086 ], [ 1.821623565000039, 11.432880402000023 ], [ 1.825373292000052, 11.433672906000027 ], [ 1.826407077000056, 11.43389166500009 ], [ 1.82640749799998, 11.433891754 ], [ 1.82815154300016, 11.434260809000079 ], [ 1.828153967000162, 11.434261323000158 ], [ 1.835612058000038, 11.438170432 ], [ 1.841670037000085, 11.444377901000166 ], [ 1.845630123000035, 11.444609640000067 ], [ 1.845630170000106, 11.444609642000046 ], [ 1.845661888000052, 11.444516298000167 ], [ 1.84659588300002, 11.441767693000031 ], [ 1.847257838000132, 11.43981916700011 ], [ 1.847736953000094, 11.438408851000133 ], [ 1.848947048000127, 11.438542367000139 ], [ 1.850360196000167, 11.438698531000114 ], [ 1.85193300300017, 11.438872339000113 ], [ 1.855534690000184, 11.440379239000094 ], [ 1.860491000000138, 11.439923 ], [ 1.86963, 11.439055001000099 ], [ 1.880228999000167, 11.439909001000046 ], [ 1.88697, 11.433170000000189 ], [ 1.896889999000052, 11.428904000000159 ], [ 1.903870999000162, 11.422655001000123 ], [ 1.911081999000146, 11.41787 ], [ 1.917833999000152, 11.41015700000014 ], [ 1.924043, 11.406578000000138 ], [ 1.92874, 11.407977 ], [ 1.939422999000101, 11.399614 ], [ 1.938283000000183, 11.392526001000022 ], [ 1.929935000000114, 11.381649 ], [ 1.926016, 11.371843000000126 ], [ 1.915464, 11.362615 ], [ 1.908783999000093, 11.353368001000149 ], [ 1.900442, 11.343582 ], [ 1.897655, 11.338683001000106 ], [ 1.89596500000016, 11.332142 ], [ 1.894281, 11.326692000000151 ], [ 1.890382000000102, 11.320706000000143 ], [ 1.888142000000187, 11.314713001000143 ], [ 1.887004, 11.307624 ], [ 1.886977999000067, 11.302167 ], [ 1.88528399900008, 11.294534 ], [ 1.884695999000087, 11.286896 ], [ 1.883575000000178, 11.28362700100007 ], [ 1.879679, 11.278187001000049 ], [ 1.871355999000173, 11.271675001 ], [ 1.85916999900013, 11.266818001000161 ], [ 1.854190000000131, 11.265748 ], [ 1.848655999000073, 11.264681000000166 ], [ 1.840319000000136, 11.254894 ], [ 1.836977999, 11.249452 ], [ 1.834188999000162, 11.244006000000127 ], [ 1.832510999000078, 11.239648001000091 ], [ 1.831936, 11.23473900100015 ], [ 1.838533999000163, 11.226524001000087 ], [ 1.837927, 11.214520000000107 ], [ 1.83734, 11.206882000000178 ], [ 1.832888, 11.200354001000164 ], [ 1.82293, 11.198213001000113 ], [ 1.815715000000125, 11.191695001000085 ], [ 1.80852, 11.189544 ], [ 1.799663000000123, 11.186307 ], [ 1.788606, 11.185808001000055 ], [ 1.780872999, 11.186932 ], [ 1.771996999000123, 11.179330001000039 ], [ 1.765353000000118, 11.176628 ], [ 1.765856999000164, 11.165166 ], [ 1.764731000000154, 11.160259000999986 ], [ 1.761383, 11.15263300099997 ], [ 1.75637, 11.143376000000103 ], [ 1.751359, 11.134665 ], [ 1.752978, 11.125381000000175 ], [ 1.752399999000147, 11.119381001000136 ], [ 1.751804000000106, 11.109014 ], [ 1.75456399900014, 11.108458 ], [ 1.764503000000104, 11.106778000000133 ], [ 1.769453, 11.101301000000149 ], [ 1.769415, 11.09257000100007 ], [ 1.767707998999981, 11.081117 ], [ 1.766006000000118, 11.070754 ], [ 1.757094999000117, 11.053875001000165 ], [ 1.750423, 11.044079 ], [ 1.73433699900005, 11.028319000000124 ], [ 1.731540000000166, 11.020145 ], [ 1.728741999000022, 11.011425001000191 ], [ 1.725922, 11.004088001000127 ], [ 1.725585999000032, 11.003215001000171 ], [ 1.716498999000123, 10.989646 ], [ 1.70594499900011, 10.974955001000183 ], [ 1.702574999000149, 10.961325001000034 ], [ 1.697541999000123, 10.946065000000146 ], [ 1.688677000000155, 10.93900600000012 ], [ 1.683153000000175, 10.938482000000135 ], [ 1.672100000000114, 10.936342001000071 ], [ 1.670419, 10.930347 ], [ 1.665417999000113, 10.922726001000058 ], [ 1.66372899900017, 10.914547 ], [ 1.67114, 10.903877 ], [ 1.659219999000129, 10.891645001000029 ], [ 1.650909999000021, 10.884583001000124 ], [ 1.635396, 10.870455000000106 ], [ 1.632648, 10.87373900100016 ], [ 1.612215000000162, 10.872179001 ], [ 1.600067, 10.87168 ], [ 1.589565000000164, 10.868444000000181 ], [ 1.586782, 10.862453001000176 ], [ 1.58066799900007, 10.851561 ], [ 1.574546999, 10.838487 ], [ 1.564568000000122, 10.827063 ], [ 1.567309999000031, 10.822142001000088 ], [ 1.572258, 10.816667000000166 ], [ 1.581068000000187, 10.811177001000033 ], [ 1.581579, 10.800261001000138 ], [ 1.572740000000181, 10.798111001000052 ], [ 1.571064, 10.792661 ], [ 1.572662, 10.777375 ], [ 1.571518999000148, 10.767012001000126 ], [ 1.567073999000058, 10.758842000000129 ], [ 1.558777, 10.753962001000048 ], [ 1.555997999000056, 10.748514 ], [ 1.55841599900009, 10.743423000000121 ], [ 1.540466, 10.726742000000172 ], [ 1.532019000000105, 10.720243001000085 ], [ 1.526949, 10.716342001000044 ], [ 1.499520999000026, 10.695237 ], [ 1.459333, 10.661838001000035 ], [ 1.449171999000043, 10.653392000999986 ], [ 1.429193000000112, 10.634073000000171 ], [ 1.414307000000179, 10.619676 ], [ 1.392186, 10.60174000000012 ], [ 1.365102000000149, 10.583272 ], [ 1.349619000000189, 10.570225000000107 ], [ 1.330823, 10.555003 ], [ 1.317547000000104, 10.541403000000116 ], [ 1.313126, 10.537676 ], [ 1.309464000000105, 10.534588 ], [ 1.302068, 10.528352 ], [ 1.286045, 10.51694 ], [ 1.266355000000146, 10.500275000000101 ], [ 1.25066500000014, 10.484303 ], [ 1.237402, 10.472882 ], [ 1.22469000000018, 10.460914000000173 ], [ 1.212543000000153, 10.453854 ], [ 1.209955, 10.441201000000149 ], [ 1.202958, 10.434529 ], [ 1.196429, 10.43167300000016 ], [ 1.195833000000107, 10.433835000000158 ], [ 1.189864, 10.430447000000129 ], [ 1.179294, 10.420616000000109 ], [ 1.169308000000115, 10.415874000000144 ], [ 1.163794, 10.416844 ], [ 1.15605, 10.419399000000112 ], [ 1.139533000000142, 10.421222000000171 ], [ 1.122969000000126, 10.425217 ], [ 1.113040000000126, 10.42718 ], [ 1.10475700000012, 10.429177 ], [ 1.095353, 10.432238000000154 ], [ 1.090365, 10.434305000000109 ], [ 1.08784, 10.436697000000152 ], [ 1.090079000000173, 10.447348 ], [ 1.090508000000113, 10.452793 ], [ 1.090401000000156, 10.45768500000014 ], [ 1.089184000000159, 10.463096 ], [ 1.091786000000184, 10.469675000000109 ], [ 1.090019000000154, 10.475075000000174 ], [ 1.087692000000175, 10.481004 ], [ 1.084266, 10.486911 ], [ 1.081914, 10.493929000000151 ], [ 1.077915000000189, 10.50091 ], [ 1.074930000000109, 10.511719 ], [ 1.070919, 10.519244 ], [ 1.065869, 10.524028000000101 ], [ 1.06136800000013, 10.5288240000001 ], [ 1.059111, 10.531493000000125 ], [ 1.056257000000187, 10.53632400000015 ], [ 1.054217000000165, 10.53939 ], [ 1.075023000000158, 10.557389000000114 ], [ 1.082042, 10.562978000000157 ], [ 1.109698, 10.582347000000141 ] ] ] ] } },
{ "type": "Feature", "properties": { "fid": 15, "GID_2": "BEN.2.9_1", "GID_0": "BEN", "COUNTRY": "Benin", "GID_1": "BEN.2_1", "NAME_1": "Atakora", "NL_NAME_1": "NA", "NAME_2": "Toucountouna", "VARNAME_2": "Tchoukoutouna", "NL_NAME_2": "NA", "TYPE_2": "Commune", "ENGTYPE_2": "Commune", "CC_2": "NA", "HASC_2": "BJ.AK.TO" }, "geometry": { "type": "MultiPolygon", "coordinates": [ [ [ [ 1.432977, 10.43354 ], [ 1.425561000000187, 10.42162 ], [ 1.420782, 10.413938 ], [ 1.410820000000115, 10.401967000000184 ], [ 1.390444000000173, 10.407490000000109 ], [ 1.361754, 10.398853 ], [ 1.350178, 10.398344000000122 ], [ 1.252638000000104, 10.403546000000119 ], [ 1.245473, 10.403566000000183 ], [ 1.231154000000117, 10.407425 ], [ 1.217932000000189, 10.409099 ], [ 1.213355, 10.410825 ], [ 1.20989800000018, 10.418364000000111 ], [ 1.211404, 10.424922 ], [ 1.210738, 10.430345 ], [ 1.209955, 10.441201000000149 ], [ 1.212543000000153, 10.453854 ], [ 1.22469000000018, 10.460914000000173 ], [ 1.237402, 10.472882 ], [ 1.25066500000014, 10.484303 ], [ 1.266355000000146, 10.500275000000101 ], [ 1.286045, 10.51694 ], [ 1.302068, 10.528352 ], [ 1.309464000000105, 10.534588 ], [ 1.313126, 10.537676 ], [ 1.317547000000104, 10.541403000000116 ], [ 1.330823, 10.555003 ], [ 1.349619000000189, 10.570225000000107 ], [ 1.365102000000149, 10.583272 ], [ 1.392186, 10.60174000000012 ], [ 1.414307000000179, 10.619676 ], [ 1.429193000000112, 10.634073000000171 ], [ 1.449172, 10.65339200000011 ], [ 1.459333, 10.661838000000103 ], [ 1.499521, 10.695237 ], [ 1.526949, 10.716342000000168 ], [ 1.532019000000105, 10.720243000000153 ], [ 1.540466, 10.726742000000172 ], [ 1.558416, 10.743423000000121 ], [ 1.559438, 10.742022 ], [ 1.561482, 10.739218 ], [ 1.567527000000155, 10.7326470000001 ], [ 1.57467400000013, 10.725527 ], [ 1.592288, 10.714002000000164 ], [ 1.607143, 10.703031000000124 ], [ 1.620910000000151, 10.695884000000149 ], [ 1.63136500000013, 10.688749 ], [ 1.638518, 10.683809 ], [ 1.640709000000186, 10.679981 ], [ 1.641215000000159, 10.668519000000117 ], [ 1.635087, 10.653809000000138 ], [ 1.63229100000018, 10.644542 ], [ 1.627832000000183, 10.633101 ], [ 1.627791000000173, 10.622731 ], [ 1.622772, 10.609109 ], [ 1.62382, 10.595461 ], [ 1.626530000000116, 10.583445 ], [ 1.633661, 10.573594000000128 ], [ 1.636913000000163, 10.559392000000116 ], [ 1.638516, 10.546834 ], [ 1.641774, 10.53427 ], [ 1.645580000000166, 10.521157 ], [ 1.64446, 10.51679600000017 ], [ 1.648831, 10.506956000000116 ], [ 1.647659, 10.498793 ], [ 1.64656, 10.491138000000149 ], [ 1.646513, 10.479679 ], [ 1.650327000000175, 10.468749 ], [ 1.647521, 10.456754 ], [ 1.639782, 10.451875 ], [ 1.628747, 10.449736 ], [ 1.619378, 10.450865 ], [ 1.611651, 10.448712 ], [ 1.605576, 10.446007 ], [ 1.596757000000139, 10.44658800000019 ], [ 1.588483000000167, 10.445528 ], [ 1.560905, 10.442359 ], [ 1.541598, 10.439157000000137 ], [ 1.522285000000124, 10.434318000000133 ], [ 1.505698000000109, 10.421282000000133 ], [ 1.507836000000111, 10.403265000000147 ], [ 1.509548000000166, 10.379939000000149 ], [ 1.49668, 10.36729 ], [ 1.479569, 10.360258000000101 ], [ 1.465259000000117, 10.365766 ], [ 1.452045000000169, 10.369632 ], [ 1.444922, 10.381661000000122 ], [ 1.444972, 10.395849 ], [ 1.442806, 10.406769000000168 ], [ 1.441740000000152, 10.417141000000186 ], [ 1.438808, 10.431420000000173 ], [ 1.432977, 10.43354 ] ] ] ] } },
{ "type": "Feature", "properties": { "fid": 16, "GID_2": "BEN.3.1_1", "GID_0": "BEN", "COUNTRY": "Benin", "GID_1": "BEN.3_1", "NAME_1": "Atlantique", "NL_NAME_1": "NA", "NAME_2": "Abomey-Calavi", "VARNAME_2": "NA", "NL_NAME_2": "NA", "TYPE_2": "Commune", "ENGTYPE_2": "Commune", "CC_2": "NA", "HASC_2": "BJ.AQ.AC" }, "geometry": { "type": "MultiPolygon", "coordinates": [ [ [ [ 2.370076, 6.416715000000181 ], [ 2.369681000000128, 6.411575000000141 ], [ 2.369433000000186, 6.408338000000185 ], [ 2.364852, 6.408910000000105 ], [ 2.363326, 6.394819 ], [ 2.363402000000178, 6.386064 ], [ 2.363589, 6.364738000000159 ], [ 2.363721791000103, 6.349582195000153 ], [ 2.363472938000029, 6.349582195000153 ], [ 2.363472938000029, 6.349860192000165 ], [ 2.362878085000091, 6.349860192000165 ], [ 2.362360954, 6.349860192000165 ], [ 2.362360954, 6.349582195000153 ], [ 2.361804962000178, 6.349582195000153 ], [ 2.361804962000178, 6.349860192000165 ], [ 2.3606948850001, 6.349860192000165 ], [ 2.3606948850001, 6.350138188000074 ], [ 2.360138893999988, 6.350138188000074 ], [ 2.360138893999988, 6.349860192000165 ], [ 2.358195066000121, 6.349860192000165 ], [ 2.358195066000121, 6.350138188000074 ], [ 2.357081891000121, 6.350138188000074 ], [ 2.357081891000121, 6.349860192000165 ], [ 2.355973004000134, 6.349860192000165 ], [ 2.355973004000134, 6.350138188000074 ], [ 2.354027986000119, 6.350138188000074 ], [ 2.354027986000119, 6.350416184000153 ], [ 2.35374999000004, 6.350416184000153 ], [ 2.35374999000004, 6.350138188000074 ], [ 2.353193999000155, 6.350138188000074 ], [ 2.353193999000155, 6.350416184000153 ], [ 2.352638006000063, 6.350416184000153 ], [ 2.352638006000063, 6.350138188000074 ], [ 2.345694065000089, 6.350138188000074 ], [ 2.345694065000089, 6.350416184000153 ], [ 2.344305992000045, 6.350416184000153 ], [ 2.344305992000045, 6.350138188000074 ], [ 2.343749999000124, 6.350138188000074 ], [ 2.343749999000124, 6.349860192000165 ], [ 2.343471051000165, 6.349860192000165 ], [ 2.343471051000165, 6.349582195000153 ], [ 2.342082978000178, 6.349582195000153 ], [ 2.342082978000178, 6.349860192000165 ], [ 2.341526985000087, 6.349860192000165 ], [ 2.341526985000087, 6.350138188000074 ], [ 2.340416908000122, 6.350138188000074 ], [ 2.340416908000122, 6.349860192000165 ], [ 2.339582921000158, 6.349860192000165 ], [ 2.339582921000158, 6.349582195000153 ], [ 2.336805106000099, 6.349582195000153 ], [ 2.336805106000099, 6.349860192000165 ], [ 2.335417033000056, 6.349860192000165 ], [ 2.335417033000056, 6.349582195000153 ], [ 2.334861040000021, 6.349582195000153 ], [ 2.334861040000021, 6.349860192000165 ], [ 2.334027051000021, 6.349860192000165 ], [ 2.334027051000021, 6.349582195000153 ], [ 2.333194972000172, 6.349582195000153 ], [ 2.333194972000172, 6.349306107000075 ], [ 2.332360983000171, 6.349306107000075 ], [ 2.332360983000171, 6.349028111000166 ], [ 2.32958197500011, 6.349028111000166 ], [ 2.32958197500011, 6.348750115000087 ], [ 2.329307079999978, 6.348750115000087 ], [ 2.329303980000077, 6.348472118000075 ], [ 2.328471897999975, 6.348472118000075 ], [ 2.328471897999975, 6.348194122000166 ], [ 2.32791590700009, 6.348194122000166 ], [ 2.32791590700009, 6.348472118000075 ], [ 2.325972081000032, 6.348472118000075 ], [ 2.325972081000032, 6.348194122000166 ], [ 2.324584007999988, 6.348194122000166 ], [ 2.324584007999988, 6.347916127000133 ], [ 2.324028015000124, 6.347916127000133 ], [ 2.324028015000124, 6.348194122000166 ], [ 2.322083951000025, 6.348194122000166 ], [ 2.322083951000025, 6.347916127000133 ], [ 2.320971966000116, 6.347916127000133 ], [ 2.320971966000116, 6.347638131000053 ], [ 2.320693969000104, 6.347638131000053 ], [ 2.320693969000104, 6.347916127000133 ], [ 2.319027900000037, 6.347916127000133 ], [ 2.319027900000037, 6.347638131000053 ], [ 2.316806079000116, 6.347638131000053 ], [ 2.316806079000116, 6.347362041000167 ], [ 2.314861060000055, 6.347362041000167 ], [ 2.314861060000055, 6.347638131000053 ], [ 2.313749075000146, 6.347638131000053 ], [ 2.313749075000146, 6.347362041000167 ], [ 2.310972928000012, 6.347362041000167 ], [ 2.310972928000012, 6.347638131000053 ], [ 2.30819511500016, 6.347638131000053 ], [ 2.30819511500016, 6.347362041000167 ], [ 2.305973054000049, 6.347362041000167 ], [ 2.305973054000049, 6.347084045000031 ], [ 2.305417060000082, 6.347084045000031 ], [ 2.305417060000082, 6.346806050000055 ], [ 2.30486106900014, 6.346806050000055 ], [ 2.30486106900014, 6.346528054000146 ], [ 2.304028988000141, 6.346528054000146 ], [ 2.304028988000141, 6.346250058000066 ], [ 2.303472996000153, 6.346250058000066 ], [ 2.303472996000153, 6.345972061000055 ], [ 2.302917003000061, 6.345972061000055 ], [ 2.302917003000061, 6.346250058000066 ], [ 2.302638055000102, 6.346250058000066 ], [ 2.302638055000102, 6.346528054000146 ], [ 2.301528930000075, 6.346528054000146 ], [ 2.301528930000075, 6.346250058000066 ], [ 2.300137998000082, 6.346250058000066 ], [ 2.300137998000082, 6.346528054000146 ], [ 2.29986, 6.346528054000146 ], [ 2.29986, 6.346806050000055 ], [ 2.299305916000151, 6.346806050000055 ], [ 2.299305916000151, 6.346528054000146 ], [ 2.299027921000175, 6.346528054000146 ], [ 2.299027921000175, 6.346250058000066 ], [ 2.296250105000183, 6.346250058000066 ], [ 2.296250105000183, 6.345972061000055 ], [ 2.295137883000166, 6.345972061000055 ], [ 2.295137883000166, 6.345694065000146 ], [ 2.294306039999981, 6.345694065000146 ], [ 2.294306039999981, 6.345972061000055 ], [ 2.293750048000163, 6.345972061000055 ], [ 2.293750048000163, 6.345694065000146 ], [ 2.291527987000109, 6.345694065000146 ], [ 2.291527987000109, 6.345416069000066 ], [ 2.290417909999974, 6.345416069000066 ], [ 2.290417909999974, 6.345139981000159 ], [ 2.290139914000065, 6.345139981000159 ], [ 2.290139914000065, 6.345416069000066 ], [ 2.289583920999974, 6.345416069000066 ], [ 2.289583920999974, 6.345139981000159 ], [ 2.286526918000106, 6.345139981000159 ], [ 2.286526918000106, 6.344861984000147 ], [ 2.285417080000116, 6.344861984000147 ], [ 2.285417080000116, 6.344583988000068 ], [ 2.28402710000006, 6.344583988000068 ], [ 2.28402710000006, 6.344861984000147 ], [ 2.281805039000119, 6.344861984000147 ], [ 2.281805039000119, 6.344583988000068 ], [ 2.278194904000088, 6.344583988000068 ], [ 2.278194904000088, 6.344861984000147 ], [ 2.277916909000112, 6.344861984000147 ], [ 2.277916909000112, 6.344583988000068 ], [ 2.277074321000043, 6.344583988000068 ], [ 2.277062755000145, 6.344583988000068 ], [ 2.277067, 6.344776000000138 ], [ 2.276949, 6.355852000000141 ], [ 2.275826769, 6.357654888000127 ], [ 2.275569, 6.358069 ], [ 2.272666, 6.360291 ], [ 2.266578, 6.36141 ], [ 2.258134, 6.361151000000177 ], [ 2.24706, 6.361035000000186 ], [ 2.239314, 6.36382 ], [ 2.234062, 6.368538000000115 ], [ 2.230615000000114, 6.375882000000104 ], [ 2.227859000000137, 6.382533 ], [ 2.223654, 6.388808 ], [ 2.223028000000113, 6.389742 ], [ 2.222756000000174, 6.392788 ], [ 2.219995000000154, 6.396947 ], [ 2.21378, 6.404298 ], [ 2.213783, 6.405821000000117 ], [ 2.214900000000114, 6.411495000000116 ], [ 2.216288, 6.413568 ], [ 2.220032, 6.41716 ], [ 2.225443, 6.424348 ], [ 2.227396, 6.432374000000152 ], [ 2.226589, 6.44539 ], [ 2.223973000000115, 6.453286 ], [ 2.223009000000161, 6.455780000000175 ], [ 2.223148, 6.455918 ], [ 2.223981, 6.457717 ], [ 2.226895000000127, 6.46131000000014 ], [ 2.227173, 6.462279 ], [ 2.2271760000001, 6.463802000000101 ], [ 2.226073000000156, 6.466019000000188 ], [ 2.222899, 6.471563 ], [ 2.223604, 6.478761 ], [ 2.225549000000171, 6.482218000000103 ], [ 2.227047, 6.484704 ], [ 2.227215000000172, 6.484984000000168 ], [ 2.228745000000117, 6.489134000000149 ], [ 2.230968000000189, 6.494113 ], [ 2.231802, 6.495773 ], [ 2.23218, 6.496202 ], [ 2.23582400000015, 6.500333 ], [ 2.241786000000161, 6.505444000000125 ], [ 2.242897, 6.506837000000132 ], [ 2.246086000000105, 6.510834 ], [ 2.246470000000102, 6.511681000000181 ], [ 2.248032, 6.515122000000133 ], [ 2.251087, 6.520792000000142 ], [ 2.252759, 6.526742000000183 ], [ 2.254572, 6.533937 ], [ 2.257495000000176, 6.543068000000119 ], [ 2.257912, 6.543898 ], [ 2.259294000000125, 6.542926 ], [ 2.260265, 6.544032000000129 ], [ 2.267471000000114, 6.548586000000114 ], [ 2.27523500000018, 6.555631 ], [ 2.282996, 6.56046 ], [ 2.289231, 6.564047 ], [ 2.294497000000149, 6.567221000000131 ], [ 2.30364, 6.571771000000183 ], [ 2.312492993000149, 6.576302009000187 ], [ 2.313339, 6.576735 ], [ 2.318471000000102, 6.582816 ], [ 2.321251000000132, 6.589040000000125 ], [ 2.321958000000166, 6.597346 ], [ 2.322036, 6.599969 ], [ 2.322253, 6.607313 ], [ 2.322677000000169, 6.612296000000185 ], [ 2.32546, 6.620182 ], [ 2.327403, 6.622808 ], [ 2.332807, 6.626258 ], [ 2.336551, 6.629712 ], [ 2.340439, 6.636765 ], [ 2.340433608000126, 6.637060000000133 ], [ 2.340328, 6.642838 ], [ 2.335749, 6.64491100000015 ], [ 2.333964, 6.654893 ], [ 2.33188100000018, 6.666533000000186 ], [ 2.329695000000129, 6.672474 ], [ 2.329662, 6.681129000000112 ], [ 2.329248378000102, 6.682757421000076 ], [ 2.329170999000041, 6.683062724000024 ], [ 2.329004486000031, 6.68371850800014 ], [ 2.32823500000012, 6.686749 ], [ 2.332767115000024, 6.690277214000105 ], [ 2.334168, 6.691368000000125 ], [ 2.337729000000138, 6.694140000000175 ], [ 2.339011, 6.694880000000126 ], [ 2.341993000000173, 6.696598000000165 ], [ 2.340574000000174, 6.699197 ], [ 2.340909000000181, 6.699602 ], [ 2.341043, 6.699754000000155 ], [ 2.341099, 6.699825000000146 ], [ 2.341115000000173, 6.699851 ], [ 2.343022, 6.700891 ], [ 2.346223, 6.701645 ], [ 2.348671, 6.701833 ], [ 2.350742, 6.702021000000116 ], [ 2.353378, 6.702021000000116 ], [ 2.355073, 6.703151 ], [ 2.354470000000106, 6.702316 ], [ 2.3689940000001, 6.696959000000163 ], [ 2.377765000000181, 6.693748 ], [ 2.381564, 6.690516000000173 ], [ 2.385532000000126, 6.689342000000181 ], [ 2.38698, 6.688913 ], [ 2.398406, 6.68794 ], [ 2.406031, 6.68729 ], [ 2.415116000000125, 6.686516000000154 ], [ 2.419651, 6.686129000000108 ], [ 2.423402, 6.685809 ], [ 2.42754900000017, 6.685456 ], [ 2.428582000000176, 6.68235 ], [ 2.42942, 6.680451000000119 ], [ 2.429412000000127, 6.679082 ], [ 2.429926, 6.67533 ], [ 2.434242, 6.67132700000019 ], [ 2.431879, 6.669172 ], [ 2.430417000000148, 6.666649000000177 ], [ 2.430753, 6.662128 ], [ 2.428745000000163, 6.658885000000112 ], [ 2.422024, 6.653502 ], [ 2.420565000000124, 6.65134 ], [ 2.421175000000176, 6.647412 ], [ 2.421437, 6.645731000000126 ], [ 2.41942100000017, 6.641223000000139 ], [ 2.419405, 6.63838 ], [ 2.419385, 6.635077 ], [ 2.418705, 6.631393 ], [ 2.420865000000106, 6.631985000000157 ], [ 2.421681, 6.631842 ], [ 2.421678, 6.629953 ], [ 2.418904, 6.626775 ], [ 2.417505, 6.618886 ], [ 2.416395, 6.617227000000128 ], [ 2.411264, 6.611838000000148 ], [ 2.40973, 6.605611 ], [ 2.406955, 6.602156 ], [ 2.405987, 6.599389 ], [ 2.404729, 6.595792000000131 ], [ 2.406519, 6.590666 ], [ 2.407755000000179, 6.585126000000116 ], [ 2.405259, 6.582777 ], [ 2.401933, 6.58043 ], [ 2.399436, 6.577528 ], [ 2.398602, 6.575453 ], [ 2.398599, 6.573930000000132 ], [ 2.400804, 6.568527000000188 ], [ 2.401764, 6.563817 ], [ 2.403968, 6.557998000000111 ], [ 2.405896, 6.552595 ], [ 2.407408, 6.546777 ], [ 2.408352, 6.532792 ], [ 2.407791000000145, 6.52864 ], [ 2.407765, 6.527911000000131 ], [ 2.407499000000143, 6.520334 ], [ 2.406804, 6.518951 ], [ 2.406386, 6.517567 ], [ 2.407069, 6.512167 ], [ 2.406925, 6.509398 ], [ 2.404975, 6.502341 ], [ 2.402333000000112, 6.49584 ], [ 2.400384000000145, 6.489475000000141 ], [ 2.39937, 6.487504000000115 ], [ 2.399237, 6.487247000000139 ], [ 2.397466000000122, 6.483805000000132 ], [ 2.393025, 6.477169000000117 ], [ 2.389534, 6.472092000000146 ], [ 2.386086000000148, 6.467077000000188 ], [ 2.38427600000017, 6.461127 ], [ 2.381076, 6.45255 ], [ 2.377043000000128, 6.441898000000151 ], [ 2.374397, 6.43332 ], [ 2.372171, 6.427095000000179 ], [ 2.370363, 6.421976 ], [ 2.370135, 6.417802 ], [ 2.370076, 6.416715000000181 ] ] ] ] } },
{ "type": "Feature", "properties": { "fid": 17, "GID_2": "BEN.3.2_1", "GID_0": "BEN", "COUNTRY": "Benin", "GID_1": "BEN.3_1", "NAME_1": "Atlantique", "NL_NAME_1": "NA", "NAME_2": "Allada", "VARNAME_2": "NA", "NL_NAME_2": "NA", "TYPE_2": "Commune", "ENGTYPE_2": "Commune", "CC_2": "NA", "HASC_2": "BJ.AQ.AL" }, "geometry": { "type": "MultiPolygon", "coordinates": [ [ [ [ 2.058117, 6.588055000000168 ], [ 2.051467000000116, 6.584746000000109 ], [ 2.043852000000129, 6.583792 ], [ 2.035134, 6.584917 ], [ 2.02946, 6.586037 ], [ 2.022542000000158, 6.587435 ], [ 2.017828406000035, 6.585216697000078 ], [ 2.017810934000011, 6.585236366000174 ], [ 2.01769400000012, 6.585368 ], [ 2.017012, 6.586782 ], [ 2.015487000000121, 6.589942000000178 ], [ 2.005546, 6.603806 ], [ 2.000855, 6.611707000000138 ], [ 1.996714000000111, 6.618500000000154 ], [ 1.992159000000129, 6.62529300000017 ], [ 1.989670000000103, 6.62668200000013 ], [ 1.988565000000165, 6.629521 ], [ 1.988231, 6.630182 ], [ 1.988079, 6.630472 ], [ 1.987209, 6.632921000000181 ], [ 1.993291, 6.638858 ], [ 1.995238, 6.64411500000017 ], [ 1.996412000000134, 6.648129 ], [ 1.996492, 6.648404000000141 ], [ 1.996503, 6.648495 ], [ 1.997054000000162, 6.652972 ], [ 1.997892, 6.657262000000117 ], [ 1.999145000000169, 6.660997 ], [ 2.000546, 6.6652610000001 ], [ 2.001372, 6.667776000000174 ], [ 1.999257000000171, 6.679546 ], [ 2.005113000000108, 6.679270000000145 ], [ 2.009617000000105, 6.683214000000135 ], [ 2.013362, 6.682742000000133 ], [ 2.021217000000149, 6.690435 ], [ 2.020737, 6.690818 ], [ 2.026186, 6.701583000000142 ], [ 2.026378000000136, 6.701962 ], [ 2.03548, 6.699411 ], [ 2.035765, 6.704117 ], [ 2.03576900000013, 6.706332000000145 ], [ 2.035779000000105, 6.711455000000171 ], [ 2.035784000000149, 6.714639 ], [ 2.035789, 6.717269 ], [ 2.035527, 6.725438 ], [ 2.038721000000123, 6.730831 ], [ 2.055601, 6.727474 ], [ 2.062938000000145, 6.727597000000117 ], [ 2.075534000000175, 6.727571000000125 ], [ 2.086792000000116, 6.729349000000127 ], [ 2.08938, 6.729758 ], [ 2.105152929999974, 6.733948091000116 ], [ 2.10542, 6.734019 ], [ 2.106967000000168, 6.73443 ], [ 2.110434000000168, 6.737884 ], [ 2.114593000000184, 6.74147500000015 ], [ 2.118473, 6.743682000000149 ], [ 2.123599000000183, 6.746579 ], [ 2.12457, 6.747269000000131 ], [ 2.125817, 6.748408 ], [ 2.126233000000127, 6.748788 ], [ 2.130114000000106, 6.751411000000189 ], [ 2.131501, 6.75293100000016 ], [ 2.133997, 6.755418 ], [ 2.141762, 6.763293 ], [ 2.144117000000165, 6.765639 ], [ 2.146061, 6.767576 ], [ 2.153414, 6.776699000000121 ], [ 2.15785000000011, 6.780566 ], [ 2.158966, 6.780821000000117 ], [ 2.166851000000179, 6.782624000000112 ], [ 2.169116, 6.782255000000134 ], [ 2.174600000000112, 6.781363 ], [ 2.192725000000166, 6.776895 ], [ 2.193992, 6.776565 ], [ 2.201303, 6.774663 ], [ 2.210351000000173, 6.774066 ], [ 2.21431200000012, 6.773805000000152 ], [ 2.223725, 6.773786 ], [ 2.228017, 6.774608000000171 ], [ 2.230174717000182, 6.775398289000066 ], [ 2.22753100000017, 6.770557000000167 ], [ 2.223825025000053, 6.763769469000181 ], [ 2.223691, 6.763524000000189 ], [ 2.220751000000178, 6.758139000000142 ], [ 2.219789499000115, 6.756378182000105 ], [ 2.216856000000121, 6.751006 ], [ 2.214658000000156, 6.747999000000107 ], [ 2.209323, 6.740699 ], [ 2.207176000000175, 6.736363000000154 ], [ 2.209897, 6.732588 ], [ 2.212153, 6.728123000000153 ], [ 2.213694063000105, 6.726132583000037 ], [ 2.21371, 6.726112000000171 ], [ 2.21407727400009, 6.725144547000184 ], [ 2.21535, 6.721792000000164 ], [ 2.215369, 6.716925000000174 ], [ 2.21268, 6.713128 ], [ 2.21269500000011, 6.709342000000163 ], [ 2.214335000000119, 6.705020000000104 ], [ 2.216521000000114, 6.69962 ], [ 2.216882000000169, 6.6971640000001 ], [ 2.216383, 6.695732 ], [ 2.217205, 6.689902000000188 ], [ 2.215939000000105, 6.678691000000185 ], [ 2.215794000000187, 6.675091 ], [ 2.216480000000104, 6.671629000000109 ], [ 2.218273000000124, 6.667858 ], [ 2.221860000000106, 6.661788000000115 ], [ 2.22525700000017, 6.657393000000127 ], [ 2.228075000000104, 6.653746000000183 ], [ 2.23844, 6.645141000000137 ], [ 2.245079000000146, 6.641943 ], [ 2.248674, 6.640275 ], [ 2.253238000000181, 6.637773000000152 ], [ 2.255309000000125, 6.635277 ], [ 2.256553, 6.634029000000169 ], [ 2.260701, 6.631390000000124 ], [ 2.260753, 6.631226 ], [ 2.26166400000011, 6.628342 ], [ 2.259715, 6.621977 ], [ 2.255141, 6.618803000000185 ], [ 2.244058, 6.61356400000011 ], [ 2.238797, 6.613021000000117 ], [ 2.232845, 6.612756 ], [ 2.227168000000177, 6.611937000000125 ], [ 2.220247, 6.611536000000171 ], [ 2.208627000000149, 6.615436000000102 ], [ 2.203095000000189, 6.618493000000115 ], [ 2.202266000000179, 6.618910000000142 ], [ 2.193919992000076, 6.620456721000153 ], [ 2.19244, 6.620731 ], [ 2.188567, 6.621707000000129 ], [ 2.186215000000118, 6.622127 ], [ 2.173616, 6.620353 ], [ 2.165722, 6.618293 ], [ 2.155611000000135, 6.614299000000187 ], [ 2.150458, 6.613089 ], [ 2.150348, 6.613063 ], [ 2.136921, 6.612537 ], [ 2.128202000000158, 6.613385 ], [ 2.123023000000103, 6.614161000000138 ], [ 2.119761, 6.614649 ], [ 2.114362, 6.614244 ], [ 2.104258000000186, 6.614819 ], [ 2.103514, 6.614519 ], [ 2.0947010000001, 6.610962000000143 ], [ 2.089989000000116, 6.608203000000117 ], [ 2.081120000000112, 6.602545 ], [ 2.073915000000113, 6.598267 ], [ 2.058117, 6.588055000000168 ] ] ] ] } },
{ "type": "Feature", "properties": { "fid": 18, "GID_2": "BEN.3.3_1", "GID_0": "BEN", "COUNTRY": "Benin", "GID_1": "BEN.3_1", "NAME_1": "Atlantique", "NL_NAME_1": "NA", "NAME_2": "Kpomassè", "VARNAME_2": "NA", "NL_NAME_2": "NA", "TYPE_2": "Commune", "ENGTYPE_2": "Commune", "CC_2": "NA", "HASC_2": "BJ.AQ.KP" }, "geometry": { "type": "MultiPolygon", "coordinates": [ [ [ [ 2.074825, 6.384215000000154 ], [ 2.074695, 6.384169 ], [ 2.074697000000185, 6.384152 ], [ 2.077396, 6.380764000000113 ], [ 2.077983, 6.378624000000116 ], [ 2.078568000000189, 6.376494 ], [ 2.078898000000152, 6.375293 ], [ 2.0791660000001, 6.374488 ], [ 2.079139000000168, 6.374413 ], [ 2.079183000000114, 6.374253000000124 ], [ 2.078107, 6.37141 ], [ 2.077400000000182, 6.369541 ], [ 2.075952, 6.365714 ], [ 2.074399, 6.361610000000155 ], [ 2.074337, 6.361414 ], [ 2.074315000000183, 6.361388 ], [ 2.073066, 6.359729000000129 ], [ 2.071785, 6.358179000000121 ], [ 2.071157, 6.357292 ], [ 2.070240000000183, 6.356309000000124 ], [ 2.069182, 6.35503000000017 ], [ 2.064911000000166, 6.35184 ], [ 2.064709000000107, 6.351688 ], [ 2.063972, 6.35105 ], [ 2.062296000000117, 6.349886 ], [ 2.057539, 6.346332 ], [ 2.057124000000101, 6.346056 ], [ 2.0570570000001, 6.346033 ], [ 2.056757000000118, 6.345931000000121 ], [ 2.056669000000113, 6.345867000000169 ], [ 2.0562240000001, 6.34575 ], [ 2.053748, 6.344908 ], [ 2.053111000000115, 6.344692000000123 ], [ 2.052312, 6.344336000000169 ], [ 2.051860000000147, 6.344266 ], [ 2.044537000000162, 6.342926 ], [ 2.042120000000182, 6.342483000000129 ], [ 2.042300135000062, 6.342302953000058 ], [ 2.040645, 6.342213000000186 ], [ 2.029531, 6.342545 ], [ 2.025697, 6.34265900000014 ], [ 2.020992000000149, 6.34336 ], [ 2.012278, 6.346978 ], [ 2.00619, 6.348513 ], [ 1.997184, 6.343686 ], [ 1.990671000000134, 6.339546 ], [ 1.985133, 6.339003000000162 ], [ 1.979738, 6.340814 ], [ 1.974760000000117, 6.343593000000112 ], [ 1.967428, 6.345685 ], [ 1.966761000000133, 6.345867000000169 ], [ 1.962936, 6.34760800000015 ], [ 1.962939000000119, 6.347622 ], [ 1.962989000000164, 6.347815 ], [ 1.9628340000001, 6.353353000000141 ], [ 1.962428000000102, 6.358332000000189 ], [ 1.962373000000184, 6.358412 ], [ 1.96005, 6.361829000000171 ], [ 1.955532, 6.362536 ], [ 1.954089, 6.368595 ], [ 1.947651000000121, 6.369298000000128 ], [ 1.945153000000175, 6.376297000000136 ], [ 1.944016, 6.379985 ], [ 1.943145000000129, 6.382393 ], [ 1.942539, 6.384199 ], [ 1.942797, 6.387024 ], [ 1.94279100000017, 6.389999 ], [ 1.943155000000104, 6.39419 ], [ 1.943020000000104, 6.396129 ], [ 1.943025000000148, 6.398897 ], [ 1.943305, 6.400835 ], [ 1.943515, 6.401918000000137 ], [ 1.946266, 6.414403 ], [ 1.949012, 6.437335 ], [ 1.948863000000188, 6.437391000000105 ], [ 1.948971, 6.438131 ], [ 1.949642, 6.443301 ], [ 1.95311, 6.449806 ], [ 1.955090881999979, 6.453358789000106 ], [ 1.955212, 6.45336900000018 ], [ 1.962541, 6.46705500000013 ], [ 1.962706, 6.467363 ], [ 1.962548, 6.467486 ], [ 1.9707, 6.482399000000157 ], [ 1.974061000000177, 6.488796 ], [ 1.975455, 6.491598 ], [ 1.976741, 6.494257000000175 ], [ 1.977815000000135, 6.495695000000126 ], [ 1.981176, 6.502056000000152 ], [ 1.981962, 6.503601 ], [ 1.98243, 6.507363000000112 ], [ 1.982577000000106, 6.507305 ], [ 1.985473000000127, 6.52844400000015 ], [ 1.985514000000137, 6.528745000000185 ], [ 1.985697000000187, 6.530077000000119 ], [ 1.986565, 6.536417 ], [ 1.982956, 6.566067 ], [ 1.98202, 6.566006000000129 ], [ 1.981948000000102, 6.566751000000124 ], [ 1.981953, 6.569659 ], [ 1.981782, 6.574783 ], [ 1.980689, 6.58285700000016 ], [ 1.980104000000154, 6.587882 ], [ 1.979303000000129, 6.593659 ], [ 1.978719000000126, 6.598109 ], [ 1.977488, 6.603455000000167 ], [ 1.977229000000136, 6.60708000000011 ], [ 1.979168000000129, 6.613109000000122 ], [ 1.979210012000067, 6.613240333000078 ], [ 1.979203429000165, 6.613249474000042 ], [ 1.979225, 6.613335000000177 ], [ 1.979144000000133, 6.613332000000128 ], [ 1.979119, 6.613366 ], [ 1.980362000000184, 6.619794 ], [ 1.983147, 6.627338 ], [ 1.985008000000164, 6.629926000000182 ], [ 1.986959000000127, 6.6326 ], [ 1.986958, 6.632558000000131 ], [ 1.987043000000142, 6.632672000000184 ], [ 1.987121, 6.632802 ], [ 1.987168, 6.632849 ], [ 1.987158, 6.632873 ], [ 1.987209, 6.632921000000181 ], [ 1.988079, 6.630472 ], [ 1.988231, 6.630182 ], [ 1.988565000000165, 6.629521 ], [ 1.989670000000103, 6.62668200000013 ], [ 1.992159000000129, 6.62529300000017 ], [ 1.996714000000111, 6.618500000000154 ], [ 2.000855, 6.611707000000138 ], [ 2.005546, 6.603806 ], [ 2.015487000000121, 6.589942000000178 ], [ 2.017012, 6.586782 ], [ 2.01769400000012, 6.585368 ], [ 2.017810934000011, 6.585236366000174 ], [ 2.017828406000035, 6.585216697000078 ], [ 2.022252000000151, 6.580237 ], [ 2.024461000000144, 6.576909 ], [ 2.027222000000108, 6.572889000000146 ], [ 2.030396, 6.567898000000184 ], [ 2.034262000000183, 6.562076 ], [ 2.042820000000177, 6.549322000000132 ], [ 2.046546, 6.542669000000103 ], [ 2.049583, 6.538232000000164 ], [ 2.055519, 6.529360000000111 ], [ 2.059332, 6.523568000000125 ], [ 2.061178, 6.520764 ], [ 2.061947, 6.519634 ], [ 2.065043, 6.515080000000182 ], [ 2.070150000000183, 6.506902 ], [ 2.074155, 6.502048000000173 ], [ 2.076501, 6.498167 ], [ 2.078977000000123, 6.494574000000114 ], [ 2.081471, 6.490957000000151 ], [ 2.083542000000136, 6.48763 ], [ 2.085749000000135, 6.48375 ], [ 2.086758000000145, 6.482653 ], [ 2.087407, 6.481946000000107 ], [ 2.087960000000123, 6.48153 ], [ 2.086984, 6.477655 ], [ 2.086559, 6.472119 ], [ 2.087656, 6.466717 ], [ 2.087655573000063, 6.466473802000166 ], [ 2.087639, 6.457026 ], [ 2.086245000000133, 6.452045 ], [ 2.077923000000112, 6.442371 ], [ 2.06808000000018, 6.434084 ], [ 2.060729000000151, 6.425931000000105 ], [ 2.058642000000134, 6.419843000000185 ], [ 2.05973500000016, 6.412365000000136 ], [ 2.062486, 6.402530000000127 ], [ 2.066625, 6.395184 ], [ 2.06938700000012, 6.391579 ], [ 2.074081, 6.384924 ], [ 2.074386989000175, 6.384539994000079 ], [ 2.074825, 6.384215000000154 ] ] ] ] } },
{ "type": "Feature", "properties": { "fid": 19, "GID_2": "BEN.3.4_1", "GID_0": "BEN", "COUNTRY": "Benin", "GID_1": "BEN.3_1", "NAME_1": "Atlantique", "NL_NAME_1": "NA", "NAME_2": "Ouidah", "VARNAME_2": "NA", "NL_NAME_2": "NA", "TYPE_2": "Commune", "ENGTYPE_2": "Commune", "CC_2": "NA", "HASC_2": "BJ.AQ.OU" }, "geometry": { "type": "MultiPolygon", "coordinates": [ [ [ [ 1.974483220000138, 6.302361012000063 ], [ 1.974583983, 6.302431365000132 ], [ 1.974583983, 6.302361012000063 ], [ 1.974483220000138, 6.302361012000063 ] ] ], [ [ [ 2.140137910000078, 6.330695152000033 ], [ 2.140137910000078, 6.330417157 ], [ 2.138750075000075, 6.330417157 ], [ 2.138750075000075, 6.330139161000091 ], [ 2.138472080000099, 6.330139161000091 ], [ 2.138472080000099, 6.330417157 ], [ 2.135416031000091, 6.330417157 ], [ 2.135416031000091, 6.330139161000091 ], [ 2.134583950000092, 6.330139161000091 ], [ 2.134583950000092, 6.329861163000032 ], [ 2.132083893000072, 6.329861163000032 ], [ 2.132083893000072, 6.329583168 ], [ 2.131527902000187, 6.329583168 ], [ 2.131527902000187, 6.32930517200009 ], [ 2.130971908, 6.32930517200009 ], [ 2.130971908, 6.329027176000011 ], [ 2.129862071000105, 6.329027176000011 ], [ 2.129862071000105, 6.32930517200009 ], [ 2.129306078000013, 6.32930517200009 ], [ 2.129306078000013, 6.329583168 ], [ 2.129028082000104, 6.329583168 ], [ 2.129028082000104, 6.329861163000032 ], [ 2.128750086000025, 6.329861163000032 ], [ 2.128750086000025, 6.329583168 ], [ 2.128192901000034, 6.329583168 ], [ 2.128192901000034, 6.32930517200009 ], [ 2.127918005000026, 6.32930517200009 ], [ 2.127918005000026, 6.329027176000011 ], [ 2.127362014000141, 6.329027176000011 ], [ 2.127362014000141, 6.328751088000104 ], [ 2.125416993000044, 6.328751088000104 ], [ 2.125416993000044, 6.328473091000092 ], [ 2.122638940000115, 6.328473091000092 ], [ 2.122638940000115, 6.328195095000183 ], [ 2.120695114000057, 6.328195095000183 ], [ 2.120695114000057, 6.328473091000092 ], [ 2.119304896000131, 6.328473091000092 ], [ 2.119304896000131, 6.328195095000183 ], [ 2.119026899000119, 6.328195095000183 ], [ 2.119026899000119, 6.327639104000127 ], [ 2.118751048000149, 6.327639104000127 ], [ 2.118751048000149, 6.327361106000183 ], [ 2.117917061000128, 6.327361106000183 ], [ 2.117917061000128, 6.327639104000127 ], [ 2.117361068000037, 6.327639104000127 ], [ 2.117361068000037, 6.327361106000183 ], [ 2.116250991000129, 6.327361106000183 ], [ 2.116250991000129, 6.327082158000053 ], [ 2.11236000100007, 6.327082158000053 ], [ 2.11236000100007, 6.326807022000025 ], [ 2.112083911000127, 6.326807022000025 ], [ 2.112083911000127, 6.327082158000053 ], [ 2.110971928000083, 6.327082158000053 ], [ 2.110971928000083, 6.326807022000025 ], [ 2.110137939000083, 6.326807022000025 ], [ 2.110137939000083, 6.326529027 ], [ 2.10985994400005, 6.326529027 ], [ 2.10985994400005, 6.326251031000083 ], [ 2.10902810000016, 6.326251031000083 ], [ 2.10902810000016, 6.326529027 ], [ 2.108472109000104, 6.326529027 ], [ 2.108472109000104, 6.326251031000083 ], [ 2.107637882000063, 6.326251031000083 ], [ 2.107637882000063, 6.325973034000128 ], [ 2.105416060000096, 6.325973034000128 ], [ 2.105416060000096, 6.325694085 ], [ 2.103193998999984, 6.325694085 ], [ 2.103193998999984, 6.325416088000054 ], [ 2.102639913000189, 6.325416088000054 ], [ 2.102639913000189, 6.325138092000145 ], [ 2.102083922000077, 6.325138092000145 ], [ 2.102083922000077, 6.325416088000054 ], [ 2.101805926000168, 6.325416088000054 ], [ 2.101805926000168, 6.325138092000145 ], [ 2.099304914000186, 6.325138092000145 ], [ 2.099304914000186, 6.324860096 ], [ 2.099026918999982, 6.324860096 ], [ 2.099026918999982, 6.324584961000085 ], [ 2.098195075000092, 6.324584961000085 ], [ 2.098195075000092, 6.32430601100009 ], [ 2.097639084000036, 6.32430601100009 ], [ 2.097639084000036, 6.324584961000085 ], [ 2.097083093000094, 6.324584961000085 ], [ 2.097083093000094, 6.32430601100009 ], [ 2.096249104000094, 6.32430601100009 ], [ 2.096249104000094, 6.324028015000181 ], [ 2.09347295800012, 6.324028015000181 ], [ 2.09347295800012, 6.323750019000101 ], [ 2.09125089700018, 6.323750019000101 ], [ 2.09125089700018, 6.323472024000125 ], [ 2.090416908000179, 6.323472024000125 ], [ 2.090416908000179, 6.323194028000046 ], [ 2.088751077000097, 6.323194028000046 ], [ 2.088751077000097, 6.322916030000101 ], [ 2.087359905000142, 6.322916030000101 ], [ 2.087359905000142, 6.322638035000125 ], [ 2.085972070000139, 6.322638035000125 ], [ 2.085972070000139, 6.322360039000046 ], [ 2.085138083000118, 6.322360039000046 ], [ 2.085138083000118, 6.322083951000081 ], [ 2.084306002000119, 6.322083951000081 ], [ 2.084306002000119, 6.321805953000023 ], [ 2.083472013000119, 6.321805953000023 ], [ 2.083472013000119, 6.321527958000047 ], [ 2.081527949000019, 6.321527958000047 ], [ 2.081527949000019, 6.321249962000138 ], [ 2.080415964000167, 6.321249962000138 ], [ 2.080415964000167, 6.320971966 ], [ 2.078193903000056, 6.320971966 ], [ 2.078193903000056, 6.320693971000026 ], [ 2.077362061000144, 6.320693971000026 ], [ 2.077362061000144, 6.320415973000138 ], [ 2.077084065000065, 6.320415973000138 ], [ 2.077084065000065, 6.320137978000105 ], [ 2.075139999000157, 6.320137978000105 ], [ 2.075139999000157, 6.319859982000025 ], [ 2.07430601100009, 6.319859982000025 ], [ 2.07430601100009, 6.319583894000118 ], [ 2.073749065000186, 6.319583894000118 ], [ 2.073749065000186, 6.319305896 ], [ 2.073195934000125, 6.319305896 ], [ 2.073195934000125, 6.319583894000118 ], [ 2.071805001000087, 6.319583894000118 ], [ 2.071805001000087, 6.319305896 ], [ 2.071249007000063, 6.319305896 ], [ 2.071249007000063, 6.319027901000027 ], [ 2.069026948000158, 6.319027901000027 ], [ 2.069026948000158, 6.318749905000118 ], [ 2.068195104000097, 6.318749905000118 ], [ 2.068195104000097, 6.318471909000039 ], [ 2.065417051000168, 6.318471909000039 ], [ 2.065417051000168, 6.318193914 ], [ 2.064861060000112, 6.318193914 ], [ 2.064861060000112, 6.317915916000118 ], [ 2.062083005000034, 6.317915916000118 ], [ 2.062083005000034, 6.31763982800004 ], [ 2.061804057000188, 6.31763982800004 ], [ 2.061804057000188, 6.317361832000131 ], [ 2.060415982, 6.317361832000131 ], [ 2.060415982, 6.317083837000098 ], [ 2.05958199500003, 6.317083837000098 ], [ 2.05958199500003, 6.31680583900004 ], [ 2.057915925000032, 6.31680583900004 ], [ 2.057915925000032, 6.316527843000131 ], [ 2.056806088000087, 6.316527843000131 ], [ 2.056806088000087, 6.316249848000098 ], [ 2.054860114000064, 6.316249848000098 ], [ 2.054860114000064, 6.315971852000189 ], [ 2.054028035000044, 6.315971852000189 ], [ 2.054028035000044, 6.315693856000109 ], [ 2.049583912000116, 6.315693856000109 ], [ 2.049583912000116, 6.315417766 ], [ 2.049027921, 6.315417766 ], [ 2.049027921, 6.31513977100019 ], [ 2.048749923000116, 6.31513977100019 ], [ 2.048749923000116, 6.314861775000111 ], [ 2.048471927000037, 6.314861775000111 ], [ 2.048471927000037, 6.314583779000031 ], [ 2.047362090000149, 6.314583779000031 ], [ 2.047362090000149, 6.31430578200019 ], [ 2.046248913000113, 6.31430578200019 ], [ 2.046248913000113, 6.314583779000031 ], [ 2.045970917000034, 6.314583779000031 ], [ 2.045970917000034, 6.31430578200019 ], [ 2.044861078000167, 6.31430578200019 ], [ 2.044861078000167, 6.314027786000111 ], [ 2.044583083000134, 6.314027786000111 ], [ 2.044583083000134, 6.313749791000134 ], [ 2.044305087000055, 6.313749791000134 ], [ 2.044305087000055, 6.313470840000036 ], [ 2.044027089000167, 6.313470840000036 ], [ 2.044027089000167, 6.313749791000134 ], [ 2.043473006000056, 6.313749791000134 ], [ 2.043473006000056, 6.314027786000111 ], [ 2.043195010000147, 6.314027786000111 ], [ 2.043195010000147, 6.31430578200019 ], [ 2.042917012000032, 6.31430578200019 ], [ 2.042917012000032, 6.314027786000111 ], [ 2.041249036000067, 6.314027786000111 ], [ 2.041249036000067, 6.313749791000134 ], [ 2.040694953000127, 6.313749791000134 ], [ 2.040694953000127, 6.313470840000036 ], [ 2.039860964000127, 6.313470840000036 ], [ 2.039860964000127, 6.31319284500006 ], [ 2.039582968000047, 6.31319284500006 ], [ 2.039582968000047, 6.312918187000037 ], [ 2.03847289100014, 6.312918187000037 ], [ 2.03847289100014, 6.312640191000128 ], [ 2.036804915000175, 6.312640191000128 ], [ 2.036804915000175, 6.31236219300007 ], [ 2.035139084999969, 6.31236219300007 ], [ 2.035139084999969, 6.312640191000128 ], [ 2.034581899000045, 6.312640191000128 ], [ 2.034581899000045, 6.312918187000037 ], [ 2.034029008000061, 6.312918187000037 ], [ 2.034029008000061, 6.312640191000128 ], [ 2.032360077000078, 6.312640191000128 ], [ 2.032360077000078, 6.31236219300007 ], [ 2.032082082000102, 6.31236219300007 ], [ 2.032082082000102, 6.312082768000096 ], [ 2.031250000000171, 6.312082768000096 ], [ 2.031250000000171, 6.311804772000016 ], [ 2.03041601100017, 6.311804772000016 ], [ 2.03041601100017, 6.311526776000107 ], [ 2.029860020000115, 6.311526776000107 ], [ 2.029860020000115, 6.311248779000152 ], [ 2.028193950000059, 6.311248779000152 ], [ 2.028193950000059, 6.310970783000016 ], [ 2.027637959000174, 6.310970783000016 ], [ 2.027637959000174, 6.311248779000152 ], [ 2.026806117000092, 6.311248779000152 ], [ 2.026806117000092, 6.310970783000016 ], [ 2.025971890000108, 6.310970783000016 ], [ 2.025971890000108, 6.310695172000067 ], [ 2.025693893000096, 6.310695172000067 ], [ 2.025693893000096, 6.310970783000016 ], [ 2.025137901000107, 6.310970783000016 ], [ 2.025137901000107, 6.310695172000067 ], [ 2.024584055000105, 6.310695172000067 ], [ 2.024584055000105, 6.310970783000016 ], [ 2.023194075, 6.310970783000016 ], [ 2.023194075, 6.310695172000067 ], [ 2.022361994000164, 6.310692787000107 ], [ 2.022361994000164, 6.310417175000055 ], [ 2.021528005, 6.310417175000055 ], [ 2.021528005, 6.310139179000146 ], [ 2.021250009000084, 6.310139179000146 ], [ 2.021250009000084, 6.309861183000066 ], [ 2.020417928000086, 6.309861183000066 ], [ 2.020417928000086, 6.30958318800009 ], [ 2.019304991000126, 6.30958318800009 ], [ 2.019304991000126, 6.309861183000066 ], [ 2.018748999000138, 6.309861183000066 ], [ 2.018748999000138, 6.30958318800009 ], [ 2.018194914, 6.30958318800009 ], [ 2.018194914, 6.309305192000181 ], [ 2.017082929000082, 6.309305192000181 ], [ 2.017082929000082, 6.30958318800009 ], [ 2.016526938000027, 6.30958318800009 ], [ 2.016526938000027, 6.309305192000181 ], [ 2.015417099000103, 6.309305192000181 ], [ 2.015417099000103, 6.309027195000169 ], [ 2.013473035, 6.309027195000169 ], [ 2.013473035, 6.30874919900009 ], [ 2.012361050000152, 6.30874919900009 ], [ 2.012361050000152, 6.309027195000169 ], [ 2.011250973000188, 6.309027195000169 ], [ 2.011250973000188, 6.30874919900009 ], [ 2.010972977000108, 6.30874919900009 ], [ 2.010972977000108, 6.308471203000181 ], [ 2.010416984000017, 6.308471203000181 ], [ 2.010416984000017, 6.308195115000046 ], [ 2.009028912000133, 6.308195115000046 ], [ 2.009028912000133, 6.307917118000091 ], [ 2.00735998100015, 6.307917118000091 ], [ 2.00735998100015, 6.307639122000182 ], [ 2.006807090000109, 6.307639122000182 ], [ 2.006803990000037, 6.307361126000046 ], [ 2.006529092000051, 6.307361126000046 ], [ 2.006529092000051, 6.307639122000182 ], [ 2.005971908000106, 6.307639122000182 ], [ 2.005971908000106, 6.307361126000046 ], [ 2.005137920000038, 6.307361126000046 ], [ 2.005137920000038, 6.30708313100007 ], [ 2.004859924000129, 6.30708313100007 ], [ 2.004859924000129, 6.306805135000161 ], [ 2.003194093000047, 6.306805135000161 ], [ 2.003194093000047, 6.30708313100007 ], [ 2.001806021000164, 6.30708313100007 ], [ 2.001806021000164, 6.306805135000161 ], [ 2.000694036000084, 6.306805135000161 ], [ 2.000694036000084, 6.306527137000103 ], [ 2.000416040000175, 6.306527137000103 ], [ 2.000416040000175, 6.306251049000139 ], [ 1.999861955000029, 6.306251049000139 ], [ 1.996806026000058, 6.306251049000139 ], [ 1.996806026000058, 6.305973054000162 ], [ 1.996250032999967, 6.305973054000162 ], [ 1.996250032999967, 6.305695058000083 ], [ 1.995972037000058, 6.305695058000083 ], [ 1.995972037000058, 6.305417060000138 ], [ 1.995694042000082, 6.305417060000138 ], [ 1.995694042000082, 6.305139065000162 ], [ 1.994027971000151, 6.305139065000162 ], [ 1.994027971000151, 6.304861069000083 ], [ 1.989472032000037, 6.304861069000083 ], [ 1.989305020000074, 6.304861069000083 ], [ 1.989305020000074, 6.304583073000174 ], [ 1.986526967000032, 6.304583073000174 ], [ 1.986526967000032, 6.30430507799997 ], [ 1.985973001000161, 6.30430507799997 ], [ 1.985973001000161, 6.304028988000084 ], [ 1.98541700800007, 6.304027080000083 ], [ 1.98541700800007, 6.303750992000175 ], [ 1.984305023, 6.303750992000175 ], [ 1.984305023, 6.303472996000039 ], [ 1.982360959000118, 6.303472996000039 ], [ 1.982360959000118, 6.303195001000063 ], [ 1.97874999000004, 6.303195001000063 ], [ 1.97874999000004, 6.302917003000175 ], [ 1.976250053000058, 6.302917003000175 ], [ 1.976250053000058, 6.302639008000142 ], [ 1.974881381000102, 6.302639008000142 ], [ 1.975238, 6.302888000000166 ], [ 1.97732, 6.3051 ], [ 1.978497098000048, 6.306805135000161 ], [ 1.98097300500018, 6.306805135000161 ], [ 1.98097300500018, 6.30708313100007 ], [ 1.982360959000118, 6.30708313100007 ], [ 1.982360959000118, 6.306805135000161 ], [ 1.984305023, 6.306805135000161 ], [ 1.984305023, 6.30708313100007 ], [ 1.984583021000105, 6.30708313100007 ], [ 1.984583021000105, 6.307361126000046 ], [ 1.987972020000086, 6.307361126000046 ], [ 1.989861011000187, 6.307361126000046 ], [ 1.989861011000187, 6.30708313100007 ], [ 1.990695000000187, 6.30708313100007 ], [ 1.990695000000187, 6.307361126000046 ], [ 1.991248966000171, 6.307361126000046 ], [ 1.991248966000171, 6.307639122000182 ], [ 1.992640019000078, 6.307639122000182 ], [ 1.992640019000078, 6.307917118000091 ], [ 1.992918014000054, 6.307917118000091 ], [ 1.992918014000054, 6.308195115000046 ], [ 1.9931930300001, 6.308195115000046 ], [ 1.9931930300001, 6.309027195000169 ], [ 1.993471027000112, 6.309027195000169 ], [ 1.993471027000112, 6.30958318800009 ], [ 1.99513995600006, 6.30958318800009 ], [ 1.99513995600006, 6.309861183000066 ], [ 1.996806026000058, 6.309861183000066 ], [ 1.996806026000058, 6.30958318800009 ], [ 1.997362017000171, 6.30958318800009 ], [ 1.997362017000171, 6.309861183000066 ], [ 1.99764001300008, 6.309861183000066 ], [ 1.99764001300008, 6.310139179000146 ], [ 1.998471975000143, 6.310139179000146 ], [ 1.998471975000143, 6.310417175000055 ], [ 1.999027968000064, 6.310417175000055 ], [ 1.999027968000064, 6.310692787000107 ], [ 2.000138045000142, 6.310692787000107 ], [ 2.000694036000084, 6.310692787000107 ], [ 2.000694036000084, 6.310970783000016 ], [ 2.001250029000175, 6.310970783000016 ], [ 2.001250029000175, 6.310692787000107 ], [ 2.00208401600014, 6.310692787000107 ], [ 2.00208401600014, 6.310139179000146 ], [ 2.002360106000083, 6.310139179000146 ], [ 2.002360106000083, 6.309861183000066 ], [ 2.002638102000162, 6.309861183000066 ], [ 2.002638102000162, 6.30958318800009 ], [ 2.002916098000071, 6.30958318800009 ], [ 2.002916098000071, 6.309861183000066 ], [ 2.003194093000047, 6.309861183000066 ], [ 2.003194093000047, 6.310139179000146 ], [ 2.003472089000127, 6.310139179000146 ], [ 2.003472089000127, 6.310692787000107 ], [ 2.003194093000047, 6.310695172000067 ], [ 2.003194093000047, 6.311804772000016 ], [ 2.002638102000162, 6.311804772000016 ], [ 2.002638102000162, 6.312082768000096 ], [ 2.000416040000175, 6.312082768000096 ], [ 2.000416040000175, 6.311804772000016 ], [ 2.000138045000142, 6.311804772000016 ], [ 2.000138045000142, 6.311526776000107 ], [ 1.999999046000141, 6.311526776000107 ], [ 1.999861955000029, 6.311526776000107 ], [ 1.999861955000029, 6.311804772000016 ], [ 1.998749972000155, 6.311804772000016 ], [ 1.998749972000155, 6.311526776000107 ], [ 1.998193979000064, 6.311526776000107 ], [ 1.998193979000064, 6.311248779000152 ], [ 1.997362017000171, 6.311248779000152 ], [ 1.997362017000171, 6.310970783000016 ], [ 1.994861960000151, 6.310970783000016 ], [ 1.994861960000151, 6.310695172000067 ], [ 1.9931930300001, 6.310692787000107 ], [ 1.9931930300001, 6.310417175000055 ], [ 1.992640019000078, 6.310417175000055 ], [ 1.992640019000078, 6.310139179000146 ], [ 1.992360950000148, 6.310139179000146 ], [ 1.992360950000148, 6.30958318800009 ], [ 1.992082952999965, 6.30958318800009 ], [ 1.992082952999965, 6.309305192000181 ], [ 1.990970970000092, 6.309305192000181 ], [ 1.990970970000092, 6.30958318800009 ], [ 1.990695000000187, 6.30958318800009 ], [ 1.990695000000187, 6.309861183000066 ], [ 1.990417004000108, 6.309861183000066 ], [ 1.990417004000108, 6.310139179000146 ], [ 1.989583015000107, 6.310139179000146 ], [ 1.989583015000107, 6.309861183000066 ], [ 1.989305020000074, 6.309861183000066 ], [ 1.989305020000074, 6.30958318800009 ], [ 1.988473058000181, 6.30958318800009 ], [ 1.988473058000181, 6.309305192000181 ], [ 1.987638950000076, 6.309305192000181 ], [ 1.987638950000076, 6.30958318800009 ], [ 1.986323953000067, 6.30958318800009 ], [ 1.985139012, 6.30958318800009 ], [ 1.985139012, 6.309305192000181 ], [ 1.984861017000185, 6.309305192000181 ], [ 1.984861017000185, 6.309027195000169 ], [ 1.983194946000083, 6.309027195000169 ], [ 1.983194946000083, 6.309305192000181 ], [ 1.982916951000107, 6.309305192000181 ], [ 1.982916951000107, 6.30958318800009 ], [ 1.982360959000118, 6.30958318800009 ], [ 1.982360959000118, 6.309861183000066 ], [ 1.981806994000181, 6.309861183000066 ], [ 1.981806994000181, 6.310139179000146 ], [ 1.981648458000052, 6.310139179000146 ], [ 1.981459227000073, 6.311248779000152 ], [ 1.983194946000083, 6.311248779000152 ], [ 1.983194946000083, 6.310970783000016 ], [ 1.984583021000105, 6.310970783000016 ], [ 1.984583021000105, 6.310692787000107 ], [ 1.985352992000117, 6.310692787000107 ], [ 1.98541700800007, 6.310417175000055 ], [ 1.985556007000127, 6.310417175000055 ], [ 1.986526967000032, 6.310417175000055 ], [ 1.986526967000032, 6.310692787000107 ], [ 1.987082958000087, 6.310692787000107 ], [ 1.987082958000087, 6.310970783000016 ], [ 1.987638950000076, 6.310970783000016 ], [ 1.987638950000076, 6.311248779000152 ], [ 1.987916947000087, 6.311248779000152 ], [ 1.987916947000087, 6.31236219300007 ], [ 1.988749026999983, 6.31236219300007 ], [ 1.988749026999983, 6.312640191000128 ], [ 1.990417004000108, 6.312640191000128 ], [ 1.990417004000108, 6.312918187000037 ], [ 1.990970970000092, 6.312918187000037 ], [ 1.990970970000092, 6.31319284500006 ], [ 1.991248966000171, 6.31319284500006 ], [ 1.991248966000171, 6.313470840000036 ], [ 1.991804957000056, 6.313470840000036 ], [ 1.991804957000056, 6.313749791000134 ], [ 1.992082952999965, 6.313749791000134 ], [ 1.992082952999965, 6.314027786000111 ], [ 1.992360950000148, 6.314027786000111 ], [ 1.992360950000148, 6.31430578200019 ], [ 1.992918014000054, 6.31430578200019 ], [ 1.992918014000054, 6.314583779000031 ], [ 1.993471027000112, 6.314583779000031 ], [ 1.993471027000112, 6.314861775000111 ], [ 1.993749023000021, 6.314861775000111 ], [ 1.993749023000021, 6.31513977100019 ], [ 1.994027971000151, 6.31513977100019 ], [ 1.994027971000151, 6.315693856000109 ], [ 1.994305969000095, 6.315693856000109 ], [ 1.994305969000095, 6.316527843000131 ], [ 1.994583965000174, 6.316527843000131 ], [ 1.994583965000174, 6.31680583900004 ], [ 1.99513995600006, 6.31680583900004 ], [ 1.99513995600006, 6.317083837000098 ], [ 1.995694042000082, 6.317083837000098 ], [ 1.995694042000082, 6.317361832000131 ], [ 1.998193979000064, 6.317361832000131 ], [ 1.998193979000064, 6.31763982800004 ], [ 1.998471975000143, 6.31763982800004 ], [ 1.998471975000143, 6.317915916000118 ], [ 1.998193979000064, 6.317915916000118 ], [ 1.998193979000064, 6.318193914 ], [ 1.997915983000155, 6.318193914 ], [ 1.997915983000155, 6.318471909000039 ], [ 1.997084022000138, 6.318471909000039 ], [ 1.997084022000138, 6.318193914 ], [ 1.995694042000082, 6.318193914 ], [ 1.995694042000082, 6.317915916000118 ], [ 1.994861960000151, 6.317915916000118 ], [ 1.994861960000151, 6.31763982800004 ], [ 1.994583965000174, 6.31763982800004 ], [ 1.994583965000174, 6.317361832000131 ], [ 1.994305969000095, 6.317361832000131 ], [ 1.994305969000095, 6.317083837000098 ], [ 1.994027971000151, 6.317083837000098 ], [ 1.994027971000151, 6.31680583900004 ], [ 1.993749023000021, 6.31680583900004 ], [ 1.993749023000021, 6.316527843000131 ], [ 1.993471027000112, 6.316527843000131 ], [ 1.993471027000112, 6.315971852000189 ], [ 1.992640019000078, 6.315971852000189 ], [ 1.992640019000078, 6.316249848000098 ], [ 1.992082952999965, 6.316249848000098 ], [ 1.992082952999965, 6.315971852000189 ], [ 1.990970970000092, 6.315971852000189 ], [ 1.990970970000092, 6.315693856000109 ], [ 1.990695000000187, 6.315693856000109 ], [ 1.990695000000187, 6.315417766 ], [ 1.990970970000092, 6.315417766 ], [ 1.990970970000092, 6.31513977100019 ], [ 1.991804957000056, 6.31513977100019 ], [ 1.991804957000056, 6.314583779000031 ], [ 1.991526960999977, 6.314583779000031 ], [ 1.991526960999977, 6.31430578200019 ], [ 1.991248966000171, 6.31430578200019 ], [ 1.991248966000171, 6.314027786000111 ], [ 1.990695000000187, 6.314027786000111 ], [ 1.990695000000187, 6.313749791000134 ], [ 1.990139007000096, 6.313749791000134 ], [ 1.990139007000096, 6.313470840000036 ], [ 1.988749026999983, 6.313470840000036 ], [ 1.988749026999983, 6.31319284500006 ], [ 1.987638950000076, 6.31319284500006 ], [ 1.987638950000076, 6.312918187000037 ], [ 1.987360954000167, 6.312918187000037 ], [ 1.987360954000167, 6.31236219300007 ], [ 1.987082958000087, 6.31236219300007 ], [ 1.987082958000087, 6.311526776000107 ], [ 1.98625099700007, 6.311526776000107 ], [ 1.986248969000087, 6.311248779000152 ], [ 1.98541700800007, 6.311248779000152 ], [ 1.98541700800007, 6.311526776000107 ], [ 1.984583021000105, 6.311526776000107 ], [ 1.984583021000105, 6.311804772000016 ], [ 1.98427274800008, 6.311805 ], [ 1.983195, 6.311805 ], [ 1.983195, 6.312083000000143 ], [ 1.981316960000129, 6.312083000000143 ], [ 1.981216000000131, 6.312675 ], [ 1.981150000000184, 6.315373 ], [ 1.981146, 6.315388 ], [ 1.979818432000116, 6.31731244600013 ], [ 1.97981911, 6.317328710000027 ], [ 1.978539000000126, 6.319201 ], [ 1.978497, 6.319228000000123 ], [ 1.977069, 6.32014 ], [ 1.975487, 6.321153 ], [ 1.973829107000086, 6.322445660000085 ], [ 1.973590000000115, 6.322609000000114 ], [ 1.971040000000187, 6.324232000000109 ], [ 1.969606000000169, 6.325886 ], [ 1.969755, 6.326866000000109 ], [ 1.970249448000118, 6.32686699900006 ], [ 1.968243, 6.329951000000108 ], [ 1.965227, 6.332731 ], [ 1.959811000000116, 6.330499000000145 ], [ 1.959825, 6.330629 ], [ 1.960393000000124, 6.330856 ], [ 1.959899000000121, 6.331351 ], [ 1.959987000000126, 6.332207 ], [ 1.960885000000133, 6.339651000000117 ], [ 1.962936, 6.34760800000015 ], [ 1.966761000000133, 6.345867000000169 ], [ 1.967428, 6.345685 ], [ 1.974760000000117, 6.343593000000112 ], [ 1.979738, 6.340814 ], [ 1.985133, 6.339003000000162 ], [ 1.990671000000134, 6.339546 ], [ 1.997184, 6.343686 ], [ 2.00619, 6.348513 ], [ 2.012278, 6.346978 ], [ 2.020992000000149, 6.34336 ], [ 2.025697, 6.34265900000014 ], [ 2.029531, 6.342545 ], [ 2.040645, 6.342213000000186 ], [ 2.042300135000062, 6.342302953000058 ], [ 2.042120000000182, 6.342483000000129 ], [ 2.044537000000162, 6.342926 ], [ 2.051860000000147, 6.344266 ], [ 2.052312, 6.344336000000169 ], [ 2.053111000000115, 6.344692000000123 ], [ 2.053748, 6.344908 ], [ 2.0562240000001, 6.34575 ], [ 2.056669000000113, 6.345867000000169 ], [ 2.056757000000118, 6.345931000000121 ], [ 2.0570570000001, 6.346033 ], [ 2.057124000000101, 6.346056 ], [ 2.057539, 6.346332 ], [ 2.062296000000117, 6.349886 ], [ 2.063972, 6.35105 ], [ 2.064709000000107, 6.351688 ], [ 2.064911000000166, 6.35184 ], [ 2.069182, 6.35503000000017 ], [ 2.070240000000183, 6.356309000000124 ], [ 2.071157, 6.357292 ], [ 2.071785, 6.358179000000121 ], [ 2.073066, 6.359729000000129 ], [ 2.074315000000183, 6.361388 ], [ 2.074337, 6.361414 ], [ 2.074399, 6.361610000000155 ], [ 2.075952, 6.365714 ], [ 2.077400000000182, 6.369541 ], [ 2.078107, 6.37141 ], [ 2.079183000000114, 6.374253000000124 ], [ 2.079139000000168, 6.374413 ], [ 2.0791660000001, 6.374488 ], [ 2.078898000000152, 6.375293 ], [ 2.078568000000189, 6.376494 ], [ 2.077983, 6.378624000000116 ], [ 2.077396, 6.380764000000113 ], [ 2.074697000000185, 6.384152 ], [ 2.074695, 6.384169 ], [ 2.074825, 6.384215000000154 ], [ 2.074386989000175, 6.384539994000079 ], [ 2.074081, 6.384924 ], [ 2.06938700000012, 6.391579 ], [ 2.066625, 6.395184 ], [ 2.062486, 6.402530000000127 ], [ 2.05973500000016, 6.412365000000136 ], [ 2.058642000000134, 6.419843000000185 ], [ 2.060729000000151, 6.425931000000105 ], [ 2.06808000000018, 6.434084 ], [ 2.077923000000112, 6.442371 ], [ 2.086245000000133, 6.452045 ], [ 2.087639, 6.457026 ], [ 2.087655573000063, 6.466473802000166 ], [ 2.087656, 6.466717 ], [ 2.086559, 6.472119 ], [ 2.086984, 6.477655 ], [ 2.087960000000123, 6.48153 ], [ 2.088653, 6.482082 ], [ 2.092398000000173, 6.486366 ], [ 2.099044000000106, 6.48732200000012 ], [ 2.10291100000012, 6.482607 ], [ 2.102627, 6.478731 ], [ 2.103867, 6.475683000000117 ], [ 2.106764, 6.470139 ], [ 2.108976, 6.46875 ], [ 2.114926, 6.467769 ], [ 2.117922000000135, 6.467573000000186 ], [ 2.12586, 6.467054 ], [ 2.134164000000169, 6.46634500000016 ], [ 2.141778000000102, 6.466745 ], [ 2.153684, 6.467828000000111 ], [ 2.156973, 6.467517000000157 ], [ 2.161157000000173, 6.467121 ], [ 2.166960000000131, 6.461294 ], [ 2.169579000000113, 6.455474 ], [ 2.174455645000137, 6.446023764000131 ], [ 2.175372, 6.444248 ], [ 2.178825, 6.439949000000183 ], [ 2.18158700000015, 6.43634400000019 ], [ 2.186016000000166, 6.436335000000156 ], [ 2.193499, 6.440889 ], [ 2.201813000000186, 6.445994000000155 ], [ 2.209685, 6.450697 ], [ 2.210127000000114, 6.450961 ], [ 2.216084, 6.453302000000122 ], [ 2.223009000000161, 6.455780000000175 ], [ 2.223973000000115, 6.453286 ], [ 2.226589, 6.44539 ], [ 2.227396, 6.432374000000152 ], [ 2.225443, 6.424348 ], [ 2.220032, 6.41716 ], [ 2.216288, 6.413568 ], [ 2.214900000000114, 6.411495000000116 ], [ 2.213783, 6.405821000000117 ], [ 2.21378, 6.404298 ], [ 2.219995000000154, 6.396947 ], [ 2.222756000000174, 6.392788 ], [ 2.223028000000113, 6.389742 ], [ 2.223654, 6.388808 ], [ 2.227859000000137, 6.382533 ], [ 2.230615000000114, 6.375882000000104 ], [ 2.234062, 6.368538000000115 ], [ 2.239314, 6.36382 ], [ 2.24706, 6.361035000000186 ], [ 2.258134, 6.361151000000177 ], [ 2.266578, 6.36141 ], [ 2.272666, 6.360291 ], [ 2.275569, 6.358069 ], [ 2.275826769, 6.357654888000127 ], [ 2.276949, 6.355852000000141 ], [ 2.277067, 6.344776000000138 ], [ 2.277062754000042, 6.344583988000068 ], [ 2.27541589700013, 6.344583988000068 ], [ 2.27541589700013, 6.344305992000159 ], [ 2.274307012000122, 6.344305992000159 ], [ 2.274307012000122, 6.344027997000126 ], [ 2.272360086000162, 6.344027997000126 ], [ 2.272360086000162, 6.344305992000159 ], [ 2.271250009000028, 6.344305992000159 ], [ 2.271250009000028, 6.344027997000126 ], [ 2.269305945000156, 6.344027997000126 ], [ 2.269305945000156, 6.343750001000046 ], [ 2.268193961000122, 6.343750001000046 ], [ 2.268193961000122, 6.344027997000126 ], [ 2.267640115000177, 6.344027997000126 ], [ 2.267640115000177, 6.344305992000159 ], [ 2.265971899000135, 6.344305992000159 ], [ 2.265971899000135, 6.344027997000126 ], [ 2.264306069000156, 6.344027997000126 ], [ 2.264306069000156, 6.343750001000046 ], [ 2.263472080000156, 6.343750001000046 ], [ 2.263472080000156, 6.344027997000126 ], [ 2.261527061000095, 6.344027997000126 ], [ 2.261527061000095, 6.344305992000159 ], [ 2.257638931000088, 6.344305992000159 ], [ 2.257638931000088, 6.344027997000126 ], [ 2.254026890000091, 6.344027997000126 ], [ 2.254026890000091, 6.343750001000046 ], [ 2.253473044000089, 6.343750001000046 ], [ 2.251805068000124, 6.343750001000046 ], [ 2.251805068000124, 6.343472004000091 ], [ 2.250972986000022, 6.343472004000091 ], [ 2.250972986000022, 6.343750001000046 ], [ 2.250138997000022, 6.343750001000046 ], [ 2.250138997000022, 6.343472004000091 ], [ 2.249028921000161, 6.343472004000091 ], [ 2.249028921000161, 6.343194008000182 ], [ 2.247915983000098, 6.343194008000182 ], [ 2.247915983000098, 6.343472004000091 ], [ 2.24597191700002, 6.343472004000091 ], [ 2.24597191700002, 6.343194008000182 ], [ 2.245693922000044, 6.343194008000182 ], [ 2.245693922000044, 6.342916012000046 ], [ 2.245415926000135, 6.342916012000046 ], [ 2.245415926000135, 6.342639924000139 ], [ 2.244859935000022, 6.342639924000139 ], [ 2.244859935000022, 6.342361927000127 ], [ 2.240972043000056, 6.342361927000127 ], [ 2.240972043000056, 6.342083931000047 ], [ 2.240139961000125, 6.342083931000047 ], [ 2.240138054000056, 6.341805935000139 ], [ 2.239305972000125, 6.341805935000139 ], [ 2.239305972000125, 6.341527940000162 ], [ 2.239027977000148, 6.341527940000162 ], [ 2.239027977000148, 6.341805935000139 ], [ 2.238471985000103, 6.341805935000139 ], [ 2.238471985000103, 6.341527940000162 ], [ 2.236527920000128, 6.341527940000162 ], [ 2.236527920000128, 6.341805935000139 ], [ 2.235692978000145, 6.341805935000139 ], [ 2.235692978000145, 6.341527940000162 ], [ 2.235140085000126, 6.341527940000162 ], [ 2.235140085000126, 6.341805935000139 ], [ 2.234582901000067, 6.341805935000139 ], [ 2.234582901000067, 6.341527940000162 ], [ 2.233748912000067, 6.341527940000162 ], [ 2.233748912000067, 6.341249942000047 ], [ 2.233470916000158, 6.341249942000047 ], [ 2.233470916000158, 6.340971946000138 ], [ 2.22986102200008, 6.340971946000138 ], [ 2.22986102200008, 6.340692998000179 ], [ 2.228749037000171, 6.340692998000179 ], [ 2.228749037000171, 6.340417863000027 ], [ 2.227638960000036, 6.340417863000027 ], [ 2.227638960000036, 6.340692998000179 ], [ 2.227360965000059, 6.340692998000179 ], [ 2.227360965000059, 6.340971946000138 ], [ 2.227082967000172, 6.340971946000138 ], [ 2.227082967000172, 6.340692998000179 ], [ 2.225972890000037, 6.340692998000179 ], [ 2.225972890000037, 6.340417863000027 ], [ 2.225138903000072, 6.340415 ], [ 2.225138903000072, 6.340139867000119 ], [ 2.22375106800007, 6.340139867000119 ], [ 2.22375106800007, 6.33986186900006 ], [ 2.220972061000111, 6.33986186900006 ], [ 2.220972061000111, 6.339583874000084 ], [ 2.218749999000067, 6.339583874000084 ], [ 2.218749999000067, 6.339304923000157 ], [ 2.214584111000022, 6.339304923000157 ], [ 2.214584111000022, 6.33902692800018 ], [ 2.212640048000026, 6.33902692800018 ], [ 2.212640048000026, 6.338748932000101 ], [ 2.212362052000117, 6.338748932000101 ], [ 2.212362052000117, 6.33902692800018 ], [ 2.212084054000172, 6.33902692800018 ], [ 2.212084054000172, 6.339583874000084 ], [ 2.211806059000025, 6.339583874000084 ], [ 2.211806059000025, 6.33986186900006 ], [ 2.211528063000117, 6.33986186900006 ], [ 2.211528063000117, 6.339583874000084 ], [ 2.210972070000025, 6.339583874000084 ], [ 2.210972070000025, 6.339304923000157 ], [ 2.210694074000116, 6.339304923000157 ], [ 2.210694074000116, 6.338748932000101 ], [ 2.207917929000189, 6.338748932000101 ], [ 2.207917929000189, 6.338470935999965 ], [ 2.206526994000114, 6.338470935999965 ], [ 2.206526994000114, 6.338748932000101 ], [ 2.205416917000036, 6.338748932000101 ], [ 2.205416917000036, 6.338470935999965 ], [ 2.204582930000186, 6.338470935999965 ], [ 2.204582930000186, 6.338192941000159 ], [ 2.203195095000012, 6.338192941000159 ], [ 2.203195095000012, 6.337916851000045 ], [ 2.202361106000069, 6.337916851000045 ], [ 2.202361106000069, 6.337638855000137 ], [ 2.19958305300014, 6.337638855000137 ], [ 2.19958305300014, 6.337916851000045 ], [ 2.198750972000141, 6.337916851000045 ], [ 2.198750972000141, 6.337638855000137 ], [ 2.197360992000029, 6.337638855000137 ], [ 2.197360992000029, 6.337360859000057 ], [ 2.196805001000143, 6.337360859000057 ], [ 2.196805001000143, 6.337082864000081 ], [ 2.196250915000121, 6.337082864000081 ], [ 2.196250915000121, 6.336804865999966 ], [ 2.194581986000173, 6.336804865999966 ], [ 2.194581986000173, 6.33652687100016 ], [ 2.193749905000118, 6.33652687100016 ], [ 2.193749905000118, 6.336248875000081 ], [ 2.189306022000039, 6.336248875000081 ], [ 2.189306022000039, 6.335972787000173 ], [ 2.188472033000096, 6.335972787000173 ], [ 2.188472033000096, 6.336248875000081 ], [ 2.187083960000052, 6.336248875000081 ], [ 2.187083960000052, 6.335972787000173 ], [ 2.185971975000143, 6.335972787000173 ], [ 2.185971975000143, 6.335694789000058 ], [ 2.184861898000065, 6.335694789000058 ], [ 2.184861898000065, 6.335972787000173 ], [ 2.184027910000168, 6.335972787000173 ], [ 2.184027910000168, 6.335694789000058 ], [ 2.182918072000177, 6.335694789000058 ], [ 2.182918072000177, 6.335416794000082 ], [ 2.180139065000162, 6.335416794000082 ], [ 2.180139065000162, 6.335138798000173 ], [ 2.176527023000119, 6.335138798000173 ], [ 2.176527023000119, 6.334860802000094 ], [ 2.175972939000076, 6.334860802000094 ], [ 2.175972939000076, 6.334582807000061 ], [ 2.17458295900002, 6.334582807000061 ], [ 2.17458295900002, 6.334860802000094 ], [ 2.174304961000075, 6.334860802000094 ], [ 2.174304961000075, 6.334582807000061 ], [ 2.174026966000099, 6.334582807000061 ], [ 2.174026966000099, 6.334304809000173 ], [ 2.170973063000133, 6.334304809000173 ], [ 2.170973063000133, 6.334582807000061 ], [ 2.169861078000054, 6.334582807000061 ], [ 2.169861078000054, 6.334304809000173 ], [ 2.169583082000145, 6.334304809000173 ], [ 2.169583082000145, 6.334026813000094 ], [ 2.169028997, 6.334026813000094 ], [ 2.169028997, 6.33375120300019 ], [ 2.168195010000034, 6.33375120300019 ], [ 2.168195010000034, 6.334026813000094 ], [ 2.16736006800005, 6.334026813000094 ], [ 2.16736006800005, 6.33375120300019 ], [ 2.166806937, 6.333748818000061 ], [ 2.166806937, 6.333473205000075 ], [ 2.165693998000052, 6.333473205000075 ], [ 2.165693998000052, 6.333195209 ], [ 2.164027930000032, 6.333195209 ], [ 2.164027930000032, 6.33291721400019 ], [ 2.162084103000041, 6.33291721400019 ], [ 2.162084103000041, 6.332639218000111 ], [ 2.161250115000144, 6.332639218000111 ], [ 2.161250115000144, 6.33291721400019 ], [ 2.160415888000102, 6.33291721400019 ], [ 2.160415888000102, 6.332639218000111 ], [ 2.158194064000156, 6.332639218000111 ], [ 2.158194064000156, 6.33291721400019 ], [ 2.157639980000113, 6.33291721400019 ], [ 2.157639980000113, 6.332639218000111 ], [ 2.156527996000136, 6.332639218000111 ], [ 2.156527996000136, 6.332361222000031 ], [ 2.15625, 6.332361222000031 ], [ 2.15625, 6.332639218000111 ], [ 2.155139923000149, 6.332639218000111 ], [ 2.155139923000149, 6.332361222000031 ], [ 2.154304982000042, 6.332361222000031 ], [ 2.154304982000042, 6.33208322500019 ], [ 2.153748988000075, 6.33208322500019 ], [ 2.153748988000075, 6.331805229000111 ], [ 2.153470993000042, 6.331805229000111 ], [ 2.153470993000042, 6.33208322500019 ], [ 2.151248931000055, 6.33208322500019 ], [ 2.151248931000055, 6.331805229000111 ], [ 2.149305105000167, 6.331805229000111 ], [ 2.149305105000167, 6.33208322500019 ], [ 2.149027109000087, 6.33208322500019 ], [ 2.149027109000087, 6.332361222000031 ], [ 2.148749114000111, 6.332361222000031 ], [ 2.148749114000111, 6.33208322500019 ], [ 2.148195028000089, 6.33208322500019 ], [ 2.148195028000089, 6.331805229000111 ], [ 2.14791703200018, 6.331805229000111 ], [ 2.14791703200018, 6.331527234000134 ], [ 2.14625096400016, 6.331527234000134 ], [ 2.14625096400016, 6.331251145000124 ], [ 2.14513897900008, 6.331251145000124 ], [ 2.14513897900008, 6.331527234000134 ], [ 2.143472909000081, 6.331527234000134 ], [ 2.143472909000081, 6.331251145000124 ], [ 2.14263892200006, 6.331251145000124 ], [ 2.14263892200006, 6.330973148000112 ], [ 2.141807079000102, 6.330973148000112 ], [ 2.14180398100018, 6.330695152000033 ], [ 2.141746437000052, 6.330695152000033 ], [ 2.140137910000078, 6.330695152000033 ] ] ] ] } },
{ "type": "Feature", "properties": { "fid": 20, "GID_2": "BEN.3.5_1", "GID_0": "BEN", "COUNTRY": "Benin", "GID_1": "BEN.3_1", "NAME_1": "Atlantique", "NL_NAME_1": "NA", "NAME_2": "Sô-Ava", "VARNAME_2": "NA", "NL_NAME_2": "NA", "TYPE_2": "Commune", "ENGTYPE_2": "Commune", "CC_2": "NA", "HASC_2": "BJ.AQ.SA" }, "geometry": { "type": "MultiPolygon", "coordinates": [ [ [ [ 2.47765, 6.439421 ], [ 2.476974, 6.438510000000122 ], [ 2.473504, 6.432841 ], [ 2.468506, 6.424683 ], [ 2.466953000000103, 6.421744000000103 ], [ 2.456026000000179, 6.408276 ], [ 2.448635, 6.39916600000015 ], [ 2.448589420000189, 6.399169246000099 ], [ 2.435239000000138, 6.40012 ], [ 2.400901, 6.40441 ], [ 2.399295000000109, 6.404610000000105 ], [ 2.369433000000186, 6.408338000000185 ], [ 2.369681000000128, 6.411575000000141 ], [ 2.370076, 6.416715000000181 ], [ 2.370135, 6.417802 ], [ 2.370363, 6.421976 ], [ 2.372171, 6.427095000000179 ], [ 2.374397, 6.43332 ], [ 2.377043000000128, 6.441898000000151 ], [ 2.381076, 6.45255 ], [ 2.38427600000017, 6.461127 ], [ 2.386086000000148, 6.467077000000188 ], [ 2.389534, 6.472092000000146 ], [ 2.393025, 6.477169000000117 ], [ 2.397466000000122, 6.483805000000132 ], [ 2.399237, 6.487247000000139 ], [ 2.39937, 6.487504000000115 ], [ 2.400384000000145, 6.489475000000141 ], [ 2.402333000000112, 6.49584 ], [ 2.404975, 6.502341 ], [ 2.406925, 6.509398 ], [ 2.407069, 6.512167 ], [ 2.406386, 6.517567 ], [ 2.406804, 6.518951 ], [ 2.407499000000143, 6.520334 ], [ 2.407765, 6.527911000000131 ], [ 2.407791000000145, 6.52864 ], [ 2.408352, 6.532792 ], [ 2.407408, 6.546777 ], [ 2.405896, 6.552595 ], [ 2.403968, 6.557998000000111 ], [ 2.401764, 6.563817 ], [ 2.400804, 6.568527000000188 ], [ 2.398599, 6.573930000000132 ], [ 2.398602, 6.575453 ], [ 2.399436, 6.577528 ], [ 2.401933, 6.58043 ], [ 2.405259, 6.582777 ], [ 2.407755000000179, 6.585126000000116 ], [ 2.406519, 6.590666 ], [ 2.404729, 6.595792000000131 ], [ 2.405987, 6.599389 ], [ 2.406955, 6.602156 ], [ 2.40973, 6.605611 ], [ 2.411264, 6.611838000000148 ], [ 2.416395, 6.617227000000128 ], [ 2.417505, 6.618886 ], [ 2.418904, 6.626775 ], [ 2.421678, 6.629953 ], [ 2.421681, 6.631842 ], [ 2.421683, 6.632722 ], [ 2.422162734000153, 6.631757968000045 ], [ 2.42389, 6.628287 ], [ 2.424576000000172, 6.62524 ], [ 2.425677000000178, 6.621777 ], [ 2.427055000000109, 6.618036000000131 ], [ 2.428018, 6.61471100000017 ], [ 2.428283000000135, 6.608204000000171 ], [ 2.429379, 6.602387 ], [ 2.430067000000122, 6.59975500000013 ], [ 2.432542, 6.590613 ], [ 2.432806, 6.583829 ], [ 2.432663000000161, 6.58092100000016 ], [ 2.432798000000105, 6.579537 ], [ 2.433071000000155, 6.577321 ], [ 2.433753, 6.571643 ], [ 2.434576000000163, 6.567488 ], [ 2.435069000000112, 6.564915 ], [ 2.435399, 6.563195 ], [ 2.436085000000162, 6.560286 ], [ 2.436904, 6.553778 ], [ 2.437726, 6.549207 ], [ 2.439798, 6.546573 ], [ 2.442424, 6.5446290000001 ], [ 2.446297, 6.542359 ], [ 2.449061000000142, 6.540739000000144 ], [ 2.453487, 6.53893 ], [ 2.455147000000125, 6.538373000000149 ], [ 2.463999000000115, 6.534202000000164 ], [ 2.469669000000124, 6.531421 ], [ 2.471063000000186, 6.530657000000133 ], [ 2.474232, 6.52892 ], [ 2.479201000000103, 6.525976 ], [ 2.478923, 6.525091 ], [ 2.479121, 6.525048 ], [ 2.482718000000148, 6.524243000000183 ], [ 2.486873, 6.523857 ], [ 2.49138900000014, 6.523468 ], [ 2.496242, 6.521441 ], [ 2.496278343000085, 6.521485266000127 ], [ 2.497514, 6.52028 ], [ 2.499544000000185, 6.518623 ], [ 2.502726, 6.517925 ], [ 2.503141, 6.517785000000174 ], [ 2.50521, 6.513628000000153 ], [ 2.505479, 6.509751000000165 ], [ 2.505473000000165, 6.506013000000166 ], [ 2.505467000000181, 6.503105 ], [ 2.504909, 6.500753000000145 ], [ 2.504352, 6.498816 ], [ 2.503518, 6.496602 ], [ 2.501576000000114, 6.494253 ], [ 2.500739000000124, 6.490932 ], [ 2.500864, 6.483732 ], [ 2.502101, 6.478608000000179 ], [ 2.500990000000115, 6.476533 ], [ 2.500706, 6.47293400000018 ], [ 2.498349, 6.470308000000159 ], [ 2.494897, 6.466425 ], [ 2.494049000000132, 6.465472 ], [ 2.492104, 6.461599 ], [ 2.487937000000159, 6.453716 ], [ 2.484954, 6.44972 ], [ 2.485013000000151, 6.449799 ], [ 2.483913, 6.448325 ], [ 2.481304, 6.444545000000176 ], [ 2.480863000000113, 6.445152000000121 ], [ 2.480924998000091, 6.445066157000042 ], [ 2.480967, 6.445008 ], [ 2.47765, 6.439421 ] ] ] ] } },
{ "type": "Feature", "properties": { "fid": 21, "GID_2": "BEN.3.6_1", "GID_0": "BEN", "COUNTRY": "Benin", "GID_1": "BEN.3_1", "NAME_1": "Atlantique", "NL_NAME_1": "NA", "NAME_2": "Toffo", "VARNAME_2": "NA", "NL_NAME_2": "NA", "TYPE_2": "Commune", "ENGTYPE_2": "Commune", "CC_2": "NA", "HASC_2": "BJ.AQ.TF" }, "geometry": { "type": "MultiPolygon", "coordinates": [ [ [ [ 2.146061, 6.767576 ], [ 2.144117000000165, 6.765639 ], [ 2.141762, 6.763293 ], [ 2.133997, 6.755418 ], [ 2.131501, 6.75293100000016 ], [ 2.130114000000106, 6.751411000000189 ], [ 2.126233000000127, 6.748788 ], [ 2.125817, 6.748408 ], [ 2.12457, 6.747269000000131 ], [ 2.123599000000183, 6.746579 ], [ 2.118473, 6.743682000000149 ], [ 2.114593000000184, 6.74147500000015 ], [ 2.110434000000168, 6.737884 ], [ 2.106967000000168, 6.73443 ], [ 2.10542, 6.734019 ], [ 2.105152929999974, 6.733948091000116 ], [ 2.08938, 6.729758 ], [ 2.086792000000116, 6.729349000000127 ], [ 2.075534000000175, 6.727571000000125 ], [ 2.062938000000145, 6.727597000000117 ], [ 2.055601, 6.727474 ], [ 2.038721000000123, 6.730831 ], [ 2.035527, 6.725438 ], [ 2.036268, 6.728989000000183 ], [ 2.037203000000147, 6.733464 ], [ 2.038456, 6.737338 ], [ 2.038457000000164, 6.738002 ], [ 2.038463, 6.741215000000125 ], [ 2.038604, 6.742876 ], [ 2.039167, 6.747720000000129 ], [ 2.038904000000173, 6.755889000000138 ], [ 2.038360000000125, 6.761013000000105 ], [ 2.036707000000149, 6.765585 ], [ 2.03588, 6.767525000000148 ], [ 2.03519800000015, 6.772925000000157 ], [ 2.035617000000173, 6.774863 ], [ 2.037835, 6.776935000000151 ], [ 2.042132, 6.77983300000011 ], [ 2.045734, 6.781903000000113 ], [ 2.053078, 6.786041 ], [ 2.056404, 6.788388 ], [ 2.059038, 6.790597 ], [ 2.061538, 6.795161 ], [ 2.06209900000016, 6.799036 ], [ 2.061559000000102, 6.806790000000149 ], [ 2.061562000000151, 6.808395 ], [ 2.062106, 6.808337 ], [ 2.062074, 6.809427 ], [ 2.061564000000146, 6.809582 ], [ 2.061569, 6.812051 ], [ 2.06213, 6.816065 ], [ 2.063663, 6.821877 ], [ 2.064084, 6.825475 ], [ 2.064370000000167, 6.83004300000016 ], [ 2.064381, 6.836305 ], [ 2.064932000000113, 6.836075 ], [ 2.065035, 6.836042 ], [ 2.064412, 6.841679000000113 ], [ 2.065545, 6.851759000000129 ], [ 2.065294957000049, 6.851725903000158 ], [ 2.065352, 6.851950000000159 ], [ 2.067168, 6.856465000000128 ], [ 2.069131, 6.860491 ], [ 2.070527000000141, 6.866995 ], [ 2.071503, 6.870731000000148 ], [ 2.073586, 6.874465000000157 ], [ 2.077467, 6.877226000000178 ], [ 2.082315, 6.879431000000181 ], [ 2.084808000000123, 6.880257000000142 ], [ 2.08841, 6.88177300000018 ], [ 2.09478700000011, 6.887020000000177 ], [ 2.097005000000138, 6.888816 ], [ 2.098946000000126, 6.89075 ], [ 2.102135, 6.893928 ], [ 2.10532400000011, 6.896967000000188 ], [ 2.106577, 6.900564 ], [ 2.106581, 6.903056 ], [ 2.106189, 6.904978 ], [ 2.105621000000156, 6.907765 ], [ 2.103967000000125, 6.911645 ], [ 2.103138, 6.912339 ], [ 2.09982, 6.914976 ], [ 2.096366, 6.918306 ], [ 2.094158000000107, 6.921771 ], [ 2.0914, 6.92773 ], [ 2.090161, 6.931332000000168 ], [ 2.088183000000129, 6.933626 ], [ 2.087445000000173, 6.937199000000135 ], [ 2.087397, 6.937435000000107 ], [ 2.093679000000122, 6.937657000000172 ], [ 2.097448, 6.937559 ], [ 2.10299700000013, 6.937727000000109 ], [ 2.111112000000105, 6.937637000000109 ], [ 2.11954100000014, 6.93781 ], [ 2.132524, 6.937939 ], [ 2.141006000000175, 6.937902000000179 ], [ 2.148806, 6.938073000000145 ], [ 2.15315100000015, 6.938290000000165 ], [ 2.157916, 6.938141 ], [ 2.169329, 6.938266000000112 ], [ 2.18158000000011, 6.938183000000151 ], [ 2.190375, 6.938302 ], [ 2.203935, 6.938482 ], [ 2.208647, 6.938385 ], [ 2.214197, 6.938499 ], [ 2.220217, 6.938509000000124 ], [ 2.229275, 6.938524000000143 ], [ 2.229379000000165, 6.938524000000143 ], [ 2.22944, 6.938302 ], [ 2.232057, 6.938320000000147 ], [ 2.269642000000147, 6.9385860000001 ], [ 2.272704, 6.939344000000119 ], [ 2.276413801000103, 6.940261837000151 ], [ 2.278036091000047, 6.940663205000135 ], [ 2.28293, 6.941874 ], [ 2.290689426000085, 6.946394332000125 ], [ 2.291336000000115, 6.946771000000183 ], [ 2.292713493000122, 6.947573305000049 ], [ 2.320764000000111, 6.96391100000011 ], [ 2.341674, 6.930424000000187 ], [ 2.342296, 6.930943000000127 ], [ 2.343477, 6.92828400000019 ], [ 2.346219, 6.923333000000184 ], [ 2.348288, 6.919314 ], [ 2.350212, 6.911280000000147 ], [ 2.3486860000001, 6.909622000000127 ], [ 2.3452190000001, 6.906030000000101 ], [ 2.339406000000167, 6.90618 ], [ 2.333317000000136, 6.907162000000142 ], [ 2.323351000000116, 6.907182 ], [ 2.320029, 6.907189 ], [ 2.317536, 6.90608600000013 ], [ 2.312964000000136, 6.903742000000136 ], [ 2.304932, 6.901682 ], [ 2.301049000000148, 6.897813 ], [ 2.304363, 6.893238 ], [ 2.308917000000122, 6.885891000000186 ], [ 2.313748000000146, 6.878405 ], [ 2.31955, 6.871748 ], [ 2.325767, 6.865644 ], [ 2.326456000000178, 6.863566 ], [ 2.325069000000155, 6.862184000000127 ], [ 2.320911, 6.859008 ], [ 2.320527779000031, 6.858711088000177 ], [ 2.32049, 6.858726000000161 ], [ 2.320527778000155, 6.858711087000074 ], [ 2.320518, 6.858704000000102 ], [ 2.320386995000092, 6.858602012 ], [ 2.3203, 6.858803000000137 ], [ 2.320386995000092, 6.85860201100013 ], [ 2.317168000000152, 6.856108 ], [ 2.313564, 6.853208000000109 ], [ 2.308177000000171, 6.845347 ], [ 2.307596, 6.844499 ], [ 2.306620000000123, 6.840624 ], [ 2.300101, 6.833023000000139 ], [ 2.290944, 6.821136 ], [ 2.284291, 6.816442000000109 ], [ 2.273635000000127, 6.81771 ], [ 2.267270000000167, 6.819107000000145 ], [ 2.260206, 6.816214 ], [ 2.25701400000014, 6.811652 ], [ 2.25284900000014, 6.805015 ], [ 2.248269000000107, 6.79796400000015 ], [ 2.242716, 6.789253 ], [ 2.237304, 6.781511 ], [ 2.233419, 6.776535 ], [ 2.233281, 6.776536 ], [ 2.230174717000182, 6.77539828800019 ], [ 2.228017, 6.774608000000171 ], [ 2.223725, 6.773786 ], [ 2.21431200000012, 6.773805000000152 ], [ 2.210351000000173, 6.774066 ], [ 2.201303, 6.774663 ], [ 2.193992, 6.776565 ], [ 2.192725000000166, 6.776895 ], [ 2.174600000000112, 6.781363 ], [ 2.169116, 6.782255000000134 ], [ 2.166851000000179, 6.782624000000112 ], [ 2.158966, 6.780821000000117 ], [ 2.15785000000011, 6.780566 ], [ 2.153414, 6.776699000000121 ], [ 2.146061, 6.767576 ] ] ] ] } },
{ "type": "Feature", "properties": { "fid": 22, "GID_2": "BEN.3.7_1", "GID_0": "BEN", "COUNTRY": "Benin", "GID_1": "BEN.3_1", "NAME_1": "Atlantique", "NL_NAME_1": "NA", "NAME_2": "Tori-Bossito", "VARNAME_2": "NA", "NL_NAME_2": "NA", "TYPE_2": "Commune", "ENGTYPE_2": "Commune", "CC_2": "NA", "HASC_2": "BJ.AQ.TB" }, "geometry": { "type": "MultiPolygon", "coordinates": [ [ [ [ 2.230968000000189, 6.494113 ], [ 2.228745000000117, 6.489134000000149 ], [ 2.227215000000172, 6.484984000000168 ], [ 2.227047, 6.484704 ], [ 2.225549000000171, 6.482218000000103 ], [ 2.223604, 6.478761 ], [ 2.222899, 6.471563 ], [ 2.226073000000156, 6.466019000000188 ], [ 2.2271760000001, 6.463802000000101 ], [ 2.227173, 6.462279 ], [ 2.226895000000127, 6.46131000000014 ], [ 2.223981, 6.457717 ], [ 2.223148, 6.455918 ], [ 2.223009000000161, 6.455780000000175 ], [ 2.216084, 6.453302000000122 ], [ 2.210127000000114, 6.450961 ], [ 2.209685, 6.450697 ], [ 2.201813000000186, 6.445994000000155 ], [ 2.193499, 6.440889 ], [ 2.186016000000166, 6.436335000000156 ], [ 2.18158700000015, 6.43634400000019 ], [ 2.178825, 6.439949000000183 ], [ 2.175372, 6.444248 ], [ 2.174455645000137, 6.446023764000131 ], [ 2.169579000000113, 6.455474 ], [ 2.166960000000131, 6.461294 ], [ 2.161157000000173, 6.467121 ], [ 2.156973, 6.467517000000157 ], [ 2.153684, 6.467828000000111 ], [ 2.141778000000102, 6.466745 ], [ 2.134164000000169, 6.46634500000016 ], [ 2.12586, 6.467054 ], [ 2.117922000000135, 6.467573000000186 ], [ 2.114926, 6.467769 ], [ 2.108976, 6.46875 ], [ 2.106764, 6.470139 ], [ 2.103867, 6.475683000000117 ], [ 2.102627, 6.478731 ], [ 2.10291100000012, 6.482607 ], [ 2.099044000000106, 6.48732200000012 ], [ 2.092398000000173, 6.486366 ], [ 2.088653, 6.482082 ], [ 2.087960000000123, 6.48153 ], [ 2.087407, 6.481946000000107 ], [ 2.086758000000145, 6.482653 ], [ 2.085749000000135, 6.48375 ], [ 2.083542000000136, 6.48763 ], [ 2.081471, 6.490957000000151 ], [ 2.078977000000123, 6.494574000000114 ], [ 2.076501, 6.498167 ], [ 2.074155, 6.502048000000173 ], [ 2.070150000000183, 6.506902 ], [ 2.065043, 6.515080000000182 ], [ 2.061947, 6.519634 ], [ 2.061178, 6.520764 ], [ 2.059332, 6.523568000000125 ], [ 2.055519, 6.529360000000111 ], [ 2.049583, 6.538232000000164 ], [ 2.046546, 6.542669000000103 ], [ 2.042820000000177, 6.549322000000132 ], [ 2.034262000000183, 6.562076 ], [ 2.030396, 6.567898000000184 ], [ 2.027222000000108, 6.572889000000146 ], [ 2.024461000000144, 6.576909 ], [ 2.022252000000151, 6.580237 ], [ 2.017828406000035, 6.585216697000078 ], [ 2.022542000000158, 6.587435 ], [ 2.02946, 6.586037 ], [ 2.035134, 6.584917 ], [ 2.043852000000129, 6.583792 ], [ 2.051467000000116, 6.584746000000109 ], [ 2.058117, 6.588055000000168 ], [ 2.073915000000113, 6.598267 ], [ 2.081120000000112, 6.602545 ], [ 2.089989000000116, 6.608203000000117 ], [ 2.0947010000001, 6.610962000000143 ], [ 2.103514, 6.614519 ], [ 2.104258000000186, 6.614819 ], [ 2.114362, 6.614244 ], [ 2.119761, 6.614649 ], [ 2.123023000000103, 6.614161000000138 ], [ 2.128202000000158, 6.613385 ], [ 2.136921, 6.612537 ], [ 2.150348, 6.613063 ], [ 2.150458, 6.613089 ], [ 2.155611000000135, 6.614299000000187 ], [ 2.165722, 6.618293 ], [ 2.173616, 6.620353 ], [ 2.186215000000118, 6.622127 ], [ 2.188567, 6.621707000000129 ], [ 2.19244, 6.620731 ], [ 2.193547000000137, 6.619621000000166 ], [ 2.197555000000136, 6.616705000000138 ], [ 2.203222, 6.611848 ], [ 2.212479, 6.602692000000104 ], [ 2.213032000000112, 6.602137 ], [ 2.213447000000144, 6.601859000000104 ], [ 2.222290000000157, 6.593673000000138 ], [ 2.229061000000115, 6.587152 ], [ 2.233068, 6.582990000000109 ], [ 2.236659000000145, 6.578691 ], [ 2.24328700000018, 6.570094000000154 ], [ 2.247012, 6.56302600000015 ], [ 2.249248, 6.55875600000013 ], [ 2.249770000000126, 6.557759 ], [ 2.254048, 6.550136000000123 ], [ 2.257912, 6.543898 ], [ 2.257495000000176, 6.543068000000119 ], [ 2.254572, 6.533937 ], [ 2.252759, 6.526742000000183 ], [ 2.251087, 6.520792000000142 ], [ 2.248032, 6.515122000000133 ], [ 2.246470000000102, 6.511681000000181 ], [ 2.246086000000105, 6.510834 ], [ 2.242897, 6.506837000000132 ], [ 2.241786000000161, 6.505444000000125 ], [ 2.23582400000015, 6.500333 ], [ 2.23218, 6.496202 ], [ 2.231802, 6.495773 ], [ 2.230968000000189, 6.494113 ] ] ] ] } },
{ "type": "Feature", "properties": { "fid": 23, "GID_2": "BEN.3.8_1", "GID_0": "BEN", "COUNTRY": "Benin", "GID_1": "BEN.3_1", "NAME_1": "Atlantique", "NL_NAME_1": "NA", "NAME_2": "Zè", "VARNAME_2": "NA", "NL_NAME_2": "NA", "TYPE_2": "Commune", "ENGTYPE_2": "Commune", "CC_2": "NA", "HASC_2": "BJ.AQ.ZE" }, "geometry": { "type": "MultiPolygon", "coordinates": [ [ [ [ 2.27523500000018, 6.555631 ], [ 2.267471000000114, 6.548586000000114 ], [ 2.260265, 6.544032000000129 ], [ 2.259294000000125, 6.542926 ], [ 2.257912, 6.543898 ], [ 2.254048, 6.550136000000123 ], [ 2.249770000000126, 6.557759 ], [ 2.249248, 6.55875600000013 ], [ 2.247012, 6.56302600000015 ], [ 2.24328700000018, 6.570094000000154 ], [ 2.236659000000145, 6.578691 ], [ 2.233068, 6.582990000000109 ], [ 2.229061000000115, 6.587152 ], [ 2.222290000000157, 6.593673000000138 ], [ 2.213447000000144, 6.601859000000104 ], [ 2.213032000000112, 6.602137 ], [ 2.212479, 6.602692000000104 ], [ 2.203222, 6.611848 ], [ 2.197555000000136, 6.616705000000138 ], [ 2.193547000000137, 6.619621000000166 ], [ 2.19244, 6.620731 ], [ 2.193919992000076, 6.620456721000153 ], [ 2.202266000000179, 6.618910000000142 ], [ 2.203095000000189, 6.618493000000115 ], [ 2.208627000000149, 6.615436000000102 ], [ 2.220247, 6.611536000000171 ], [ 2.227168000000177, 6.611937000000125 ], [ 2.232845, 6.612756 ], [ 2.238797, 6.613021000000117 ], [ 2.244058, 6.61356400000011 ], [ 2.255141, 6.618803000000185 ], [ 2.259715, 6.621977 ], [ 2.26166400000011, 6.628342 ], [ 2.260753, 6.631226 ], [ 2.260701, 6.631390000000124 ], [ 2.256553, 6.634029000000169 ], [ 2.255309000000125, 6.635277 ], [ 2.253238000000181, 6.637773000000152 ], [ 2.248674, 6.640275 ], [ 2.245079000000146, 6.641943 ], [ 2.23844, 6.645141000000137 ], [ 2.228075000000104, 6.653746000000183 ], [ 2.22525700000017, 6.657393000000127 ], [ 2.221860000000106, 6.661788000000115 ], [ 2.218273000000124, 6.667858 ], [ 2.216480000000104, 6.671629000000109 ], [ 2.215794000000187, 6.675091 ], [ 2.215939000000105, 6.678691000000185 ], [ 2.217205, 6.689902000000188 ], [ 2.216383, 6.695732 ], [ 2.216882000000169, 6.6971640000001 ], [ 2.216521000000114, 6.69962 ], [ 2.214335000000119, 6.705020000000104 ], [ 2.21269500000011, 6.709342000000163 ], [ 2.21268, 6.713128 ], [ 2.215369, 6.716925000000174 ], [ 2.21535, 6.721792000000164 ], [ 2.214077273000157, 6.72514454800006 ], [ 2.21371, 6.726112000000171 ], [ 2.213694063000105, 6.726132583000037 ], [ 2.212153, 6.728123000000153 ], [ 2.209897, 6.732588 ], [ 2.207176000000175, 6.736363000000154 ], [ 2.209323, 6.740699 ], [ 2.214658000000156, 6.747999000000107 ], [ 2.216856000000121, 6.751006 ], [ 2.219789499000115, 6.756378182000105 ], [ 2.220751000000178, 6.758139000000142 ], [ 2.223691, 6.763524000000189 ], [ 2.223825025000053, 6.763769469000181 ], [ 2.22753100000017, 6.770557000000167 ], [ 2.230174716000079, 6.77539828800019 ], [ 2.233281, 6.776536 ], [ 2.233419, 6.776535 ], [ 2.237304, 6.781511 ], [ 2.242716, 6.789253 ], [ 2.248269000000107, 6.79796400000015 ], [ 2.25284900000014, 6.805015 ], [ 2.25701400000014, 6.811652 ], [ 2.260206, 6.816214 ], [ 2.267270000000167, 6.819107000000145 ], [ 2.273635000000127, 6.81771 ], [ 2.284291, 6.816442000000109 ], [ 2.290944, 6.821136 ], [ 2.300101, 6.833023000000139 ], [ 2.306620000000123, 6.840624 ], [ 2.307596, 6.844499 ], [ 2.308177000000171, 6.845347 ], [ 2.313564, 6.853208000000109 ], [ 2.317168000000152, 6.856108 ], [ 2.320386995000092, 6.858602012 ], [ 2.320518, 6.858704000000102 ], [ 2.320527778000155, 6.858711088000177 ], [ 2.320911, 6.859008 ], [ 2.325069000000155, 6.862184000000127 ], [ 2.326456000000178, 6.863566 ], [ 2.325767, 6.865644 ], [ 2.31955, 6.871748 ], [ 2.313748000000146, 6.878405 ], [ 2.308917000000122, 6.885891000000186 ], [ 2.304363, 6.893238 ], [ 2.301049000000148, 6.897813 ], [ 2.304932, 6.901682 ], [ 2.312964000000136, 6.903742000000136 ], [ 2.317536, 6.90608600000013 ], [ 2.320029, 6.907189 ], [ 2.323351000000116, 6.907182 ], [ 2.333317000000136, 6.907162000000142 ], [ 2.339406000000167, 6.90618 ], [ 2.3452190000001, 6.906030000000101 ], [ 2.3486860000001, 6.909622000000127 ], [ 2.350212, 6.911280000000147 ], [ 2.348288, 6.919314 ], [ 2.346219, 6.923333000000184 ], [ 2.343477, 6.92828400000019 ], [ 2.342296, 6.930943000000127 ], [ 2.373401, 6.956894 ], [ 2.398138273000029, 6.977527953000163 ], [ 2.404609000000107, 6.982926000000134 ], [ 2.404627829000162, 6.982860335999987 ], [ 2.405362, 6.980300000000113 ], [ 2.408594000000164, 6.977358 ], [ 2.413106, 6.975308 ], [ 2.41638, 6.97581200000019 ], [ 2.420374000000152, 6.975945 ], [ 2.419781000000114, 6.971962000000133 ], [ 2.420635, 6.96759800000018 ], [ 2.416419000000133, 6.964203000000111 ], [ 2.413732, 6.963068 ], [ 2.413002000000176, 6.963069 ], [ 2.410603, 6.963549 ], [ 2.408408, 6.962125000000128 ], [ 2.41126700000018, 6.958462000000111 ], [ 2.41581, 6.958951 ], [ 2.423448000000121, 6.960127 ], [ 2.424633, 6.956504000000109 ], [ 2.422963000000152, 6.950157 ], [ 2.419836, 6.946749000000182 ], [ 2.415635, 6.944624 ], [ 2.402498, 6.924107000000106 ], [ 2.400403, 6.91597 ], [ 2.414917000000173, 6.915611 ], [ 2.4134, 6.909820000000138 ], [ 2.413699000000122, 6.890233 ], [ 2.416341, 6.883671000000163 ], [ 2.419400868000082, 6.876239321000185 ], [ 2.420188, 6.876554000000169 ], [ 2.420591950000073, 6.87418829100011 ], [ 2.420349, 6.873937000000183 ], [ 2.419711000000177, 6.872869 ], [ 2.415765, 6.866266000000167 ], [ 2.416094, 6.863541000000112 ], [ 2.416568, 6.857731 ], [ 2.417428, 6.853911 ], [ 2.419536000000107, 6.848262000000148 ], [ 2.421315, 6.845338 ], [ 2.419116000000145, 6.843552 ], [ 2.416, 6.841050000000109 ], [ 2.421208, 6.836634000000117 ], [ 2.424505000000181, 6.839133000000118 ], [ 2.428132, 6.838907 ], [ 2.429406000000142, 6.836944000000187 ], [ 2.428426, 6.833280000000116 ], [ 2.425865000000101, 6.831679000000122 ], [ 2.426370000000134, 6.828408 ], [ 2.429064, 6.826198000000147 ], [ 2.429748000000188, 6.822744000000171 ], [ 2.431540000000155, 6.820908000000145 ], [ 2.435119000000157, 6.816874000000155 ], [ 2.435081, 6.81379 ], [ 2.438875, 6.812474 ], [ 2.442738000000134, 6.811846000000173 ], [ 2.446652000000142, 6.810383 ], [ 2.447891000000141, 6.80782900000014 ], [ 2.448218, 6.804923 ], [ 2.445073, 6.800064 ], [ 2.445929, 6.797846000000163 ], [ 2.447351, 6.793506 ], [ 2.446010000000115, 6.787718 ], [ 2.443572000000188, 6.782273 ], [ 2.440842, 6.779215000000136 ], [ 2.438836, 6.776335 ], [ 2.438255, 6.76983 ], [ 2.436019, 6.768235 ], [ 2.435180820000085, 6.767637807000142 ], [ 2.43321, 6.765525 ], [ 2.432074000000114, 6.764262000000144 ], [ 2.429885000000183, 6.761021 ], [ 2.426791000000151, 6.757604000000129 ], [ 2.427862000000118, 6.755248 ], [ 2.430201000000181, 6.753245 ], [ 2.434191000000112, 6.755211 ], [ 2.434897, 6.752314000000126 ], [ 2.43868700000013, 6.751026000000138 ], [ 2.442306, 6.751366000000189 ], [ 2.441799, 6.749739 ], [ 2.441019000000153, 6.747758 ], [ 2.438644000000124, 6.743614 ], [ 2.438921000000107, 6.740345000000104 ], [ 2.439065000000141, 6.736288000000172 ], [ 2.439132, 6.734392000000128 ], [ 2.433165000000145, 6.734426 ], [ 2.433144000000141, 6.730811000000131 ], [ 2.438008, 6.727709000000175 ], [ 2.438533000000177, 6.724813 ], [ 2.437419, 6.719758 ], [ 2.438488000000177, 6.71704 ], [ 2.438685000000135, 6.712573000000134 ], [ 2.436818, 6.709819 ], [ 2.437346, 6.707284 ], [ 2.44469700000019, 6.696756 ], [ 2.444071000000122, 6.695829000000117 ], [ 2.443033000000185, 6.694292000000132 ], [ 2.442143000000101, 6.692975 ], [ 2.438736946000176, 6.693278144000089 ], [ 2.435275000000104, 6.693377000000112 ], [ 2.431818, 6.6896 ], [ 2.429653000000144, 6.690517 ], [ 2.42754900000017, 6.685456 ], [ 2.423402, 6.685809 ], [ 2.419651, 6.686129000000108 ], [ 2.415116000000125, 6.686516000000154 ], [ 2.406031, 6.68729 ], [ 2.398406, 6.68794 ], [ 2.38698, 6.688913 ], [ 2.385532000000126, 6.689342000000181 ], [ 2.381564, 6.690516000000173 ], [ 2.377765000000181, 6.693748 ], [ 2.3689940000001, 6.696959000000163 ], [ 2.354470000000106, 6.702316 ], [ 2.355073, 6.703151 ], [ 2.353378, 6.702021000000116 ], [ 2.350742, 6.702021000000116 ], [ 2.348671, 6.701833 ], [ 2.346223, 6.701645 ], [ 2.343022, 6.700891 ], [ 2.341115000000173, 6.699851 ], [ 2.341099, 6.699825000000146 ], [ 2.341043, 6.699754000000155 ], [ 2.340909000000181, 6.699602 ], [ 2.340574000000174, 6.699197 ], [ 2.341993000000173, 6.696598000000165 ], [ 2.339011, 6.694880000000126 ], [ 2.337729000000138, 6.694140000000175 ], [ 2.334168, 6.691368000000125 ], [ 2.332767115000024, 6.690277214000105 ], [ 2.32823500000012, 6.686749 ], [ 2.329004486000031, 6.683718507000037 ], [ 2.329170999000041, 6.683062724000024 ], [ 2.329248378000102, 6.682757421000076 ], [ 2.329662, 6.681129000000112 ], [ 2.329695000000129, 6.672474 ], [ 2.33188100000018, 6.666533000000186 ], [ 2.333964, 6.654893 ], [ 2.335749, 6.64491100000015 ], [ 2.340328, 6.642838 ], [ 2.340433608000126, 6.637060000000133 ], [ 2.340439, 6.636765 ], [ 2.336551, 6.629712 ], [ 2.332807, 6.626258 ], [ 2.327403, 6.622808 ], [ 2.32546, 6.620182 ], [ 2.322677000000169, 6.612296000000185 ], [ 2.322253, 6.607313 ], [ 2.322036, 6.599969 ], [ 2.321958000000166, 6.597346 ], [ 2.321251000000132, 6.589040000000125 ], [ 2.318471000000102, 6.582816 ], [ 2.313339, 6.576735 ], [ 2.312492993000149, 6.576302009000187 ], [ 2.30364, 6.571771000000183 ], [ 2.294497000000149, 6.567221000000131 ], [ 2.289231, 6.564047 ], [ 2.282996, 6.56046 ], [ 2.27523500000018, 6.555631 ] ] ] ] } },
{ "type": "Feature", "properties": { "fid": 24, "GID_2": "BEN.4.1_1", "GID_0": "BEN", "COUNTRY": "Benin", "GID_1": "BEN.4_1", "NAME_1": "Borgou", "NL_NAME_1": "NA", "NAME_2": "Bembèrèkè", "VARNAME_2": "NA", "NL_NAME_2": "NA", "TYPE_2": "Commune", "ENGTYPE_2": "Commune", "CC_2": "NA", "HASC_2": "BJ.BO.BE" }, "geometry": { "type": "MultiPolygon", "coordinates": [ [ [ [ 2.830946000000154, 10.031193 ], [ 2.838684, 10.03604200000018 ], [ 2.85241, 10.032669000000169 ], [ 2.86169400000017, 10.023876 ], [ 2.85054, 10.003787 ], [ 2.855886000000112, 9.983575 ], [ 2.865068, 9.961699000000181 ], [ 2.864258, 9.960278 ], [ 2.856707, 9.947041 ], [ 2.843923, 9.929145000000119 ], [ 2.831801, 9.925962 ], [ 2.81812100000019, 9.934788 ], [ 2.807106, 9.932688 ], [ 2.794456, 9.932236000000103 ], [ 2.785597000000166, 9.924122 ], [ 2.76901700000019, 9.912794000000133 ], [ 2.738623000000189, 9.910396000000162 ], [ 2.724826000000121, 9.907659 ], [ 2.712134000000162, 9.90601700000019 ], [ 2.709706000000153, 9.906388000000163 ], [ 2.708128000000158, 9.906628000000126 ], [ 2.702623000000131, 9.907468000000165 ], [ 2.697786000000121, 9.908206000000121 ], [ 2.683437, 9.9093 ], [ 2.678470000000118, 9.909298 ], [ 2.675158000000124, 9.918053 ], [ 2.663017000000139, 9.921334000000115 ], [ 2.658743000000186, 9.923149 ], [ 2.653137000000129, 9.92553 ], [ 2.648073000000181, 9.927681000000177 ], [ 2.64369900000014, 9.92953800000015 ], [ 2.634868, 9.933913000000132 ], [ 2.616101000000128, 9.942662000000155 ], [ 2.604509, 9.947583000000179 ], [ 2.580773, 9.956876 ], [ 2.564764000000139, 9.963983000000155 ], [ 2.550963, 9.969447000000173 ], [ 2.531089, 9.977097 ], [ 2.525572000000125, 9.980282000000159 ], [ 2.561977000000127, 10.021433 ], [ 2.552587000000131, 10.031278 ], [ 2.550377, 10.035107 ], [ 2.544851000000108, 10.0455 ], [ 2.541535000000181, 10.051517 ], [ 2.537666000000172, 10.058628 ], [ 2.533245000000136, 10.066286 ], [ 2.530483, 10.069020000000137 ], [ 2.529375000000186, 10.074492 ], [ 2.523299000000179, 10.079959 ], [ 2.521088, 10.083788 ], [ 2.520534000000168, 10.08597600000013 ], [ 2.516114, 10.090350000000171 ], [ 2.507277, 10.094722 ], [ 2.50612800000016, 10.09510100000017 ], [ 2.502307, 10.09636 ], [ 2.492367, 10.097447000000102 ], [ 2.48629300000016, 10.097444 ], [ 2.480216, 10.101816 ], [ 2.473034, 10.106734 ], [ 2.470272000000136, 10.108374 ], [ 2.461982, 10.118217000000186 ], [ 2.463632000000132, 10.125878 ], [ 2.467491, 10.134089000000188 ], [ 2.468904, 10.137831000000176 ], [ 2.470054000000175, 10.139370000000156 ], [ 2.478525000000161, 10.147776 ], [ 2.481281, 10.153797000000111 ], [ 2.489005, 10.164199000000167 ], [ 2.486795000000143, 10.166385 ], [ 2.482922000000144, 10.175684000000103 ], [ 2.480155, 10.183342 ], [ 2.47738900000013, 10.188265000000115 ], [ 2.473515, 10.197562000000175 ], [ 2.472404, 10.20686400000011 ], [ 2.47018700000018, 10.216164000000106 ], [ 2.469626000000119, 10.226559 ], [ 2.472935000000177, 10.233674 ], [ 2.477653, 10.242188 ], [ 2.479206, 10.244487000000163 ], [ 2.483094000000165, 10.250243000000182 ], [ 2.486023, 10.254578 ], [ 2.486630000000162, 10.255477 ], [ 2.491140000000144, 10.265423000000112 ], [ 2.491348, 10.270677 ], [ 2.49168, 10.279035 ], [ 2.493232, 10.283156 ], [ 2.497748000000115, 10.294973000000141 ], [ 2.499954, 10.299899 ], [ 2.509887000000163, 10.317415000000153 ], [ 2.517062000000124, 10.330005 ], [ 2.52644400000014, 10.347519 ], [ 2.527025, 10.349495 ], [ 2.530304000000115, 10.360654000000181 ], [ 2.534164000000146, 10.374335 ], [ 2.535817000000122, 10.381449 ], [ 2.53632400000015, 10.387516000000176 ], [ 2.53469900000016, 10.402786000000106 ], [ 2.534310000000119, 10.404706000000147 ], [ 2.533756, 10.40744 ], [ 2.533032, 10.416464000000133 ], [ 2.532477000000142, 10.420294000000126 ], [ 2.538547, 10.43561700000015 ], [ 2.53925, 10.445249 ], [ 2.540747000000181, 10.453675 ], [ 2.540183, 10.472278000000188 ], [ 2.539068000000157, 10.487596000000167 ], [ 2.544591, 10.496902 ], [ 2.546797, 10.505111 ], [ 2.547895, 10.518790000000138 ], [ 2.549138, 10.528682 ], [ 2.549545, 10.531922 ], [ 2.558395000000189, 10.527551 ], [ 2.569453000000124, 10.528649 ], [ 2.591015, 10.531396 ], [ 2.604285, 10.530855 ], [ 2.622531000000151, 10.531957000000148 ], [ 2.638567, 10.530868000000112 ], [ 2.651836000000117, 10.533606000000134 ], [ 2.665106000000151, 10.533062 ], [ 2.685012000000143, 10.531425000000183 ], [ 2.693305, 10.534710000000189 ], [ 2.694963000000143, 10.54729500000019 ], [ 2.702703000000156, 10.558238000000188 ], [ 2.711550000000159, 10.568088 ], [ 2.715974, 10.5680890000001 ], [ 2.726480000000151, 10.569182000000126 ], [ 2.735776000000158, 10.569551000000104 ], [ 2.740305, 10.569731 ], [ 2.748048, 10.57410700000014 ], [ 2.760214000000133, 10.577937000000134 ], [ 2.764638000000105, 10.578483000000176 ], [ 2.772933, 10.579576 ], [ 2.780123, 10.582859 ], [ 2.796161, 10.586139000000173 ], [ 2.814412000000118, 10.586135 ], [ 2.824918, 10.581756 ], [ 2.829340000000116, 10.574093 ], [ 2.837079, 10.565884 ], [ 2.845922, 10.553296 ], [ 2.852002, 10.544539 ], [ 2.860846000000151, 10.537422 ], [ 2.866928000000144, 10.536873 ], [ 2.87301100000019, 10.537417000000175 ], [ 2.889598, 10.535768000000132 ], [ 2.896786, 10.5352180000001 ], [ 2.906740000000127, 10.536854000000119 ], [ 2.928307, 10.539577000000179 ], [ 2.937155000000132, 10.540667000000155 ], [ 2.954294000000118, 10.537919000000159 ], [ 2.963141000000121, 10.537366 ], [ 2.97696400000018, 10.536261 ], [ 2.993551, 10.535153 ], [ 3.001849, 10.539524 ], [ 3.014566000000116, 10.538965000000189 ], [ 3.021756, 10.540053000000114 ], [ 3.03945, 10.540037 ], [ 3.047745, 10.541123 ], [ 3.062122000000102, 10.54110900000012 ], [ 3.078707000000122, 10.537808 ], [ 3.10448, 10.537895000000105 ], [ 3.106351000000132, 10.535041 ], [ 3.108556, 10.529019 ], [ 3.112974000000122, 10.524637 ], [ 3.115732, 10.51971 ], [ 3.112420000000157, 10.518075000000124 ], [ 3.107463000000166, 10.519166000000155 ], [ 3.107459000000176, 10.515342000000146 ], [ 3.10635, 10.5131540000001 ], [ 3.105214, 10.508779000000118 ], [ 3.104656, 10.50495 ], [ 3.105201, 10.497835 ], [ 3.104090000000156, 10.493459000000144 ], [ 3.10574, 10.486344000000145 ], [ 3.105177, 10.478138000000115 ], [ 3.101854, 10.472671 ], [ 3.09466, 10.466659000000163 ], [ 3.090785, 10.462286000000177 ], [ 3.086908000000108, 10.455177000000106 ], [ 3.085242000000108, 10.448614000000134 ], [ 3.078603, 10.444243000000142 ], [ 3.071415, 10.441515 ], [ 3.062569000000167, 10.440978 ], [ 3.055930000000103, 10.435513 ], [ 3.049849000000165, 10.432236 ], [ 3.037706000000185, 10.432793 ], [ 3.026630000000182, 10.431164000000138 ], [ 3.025584, 10.430847 ], [ 3.014883, 10.424004000000139 ], [ 3.008641000000125, 10.420012 ], [ 3.00619, 10.41586100000012 ], [ 3.005054, 10.41039 ], [ 3.000629000000174, 10.406564 ], [ 2.995095, 10.398361 ], [ 2.990115000000117, 10.391799000000162 ], [ 2.986242000000118, 10.385783000000117 ], [ 2.985685, 10.381407 ], [ 2.987486, 10.378749 ], [ 2.989023, 10.376479000000188 ], [ 2.992862, 10.372099000000162 ], [ 2.995623, 10.368267 ], [ 3.00224900000012, 10.361695000000168 ], [ 3.007220000000189, 10.358407 ], [ 3.013296, 10.355666 ], [ 3.019922, 10.350188 ], [ 3.025995, 10.343070000000125 ], [ 3.033724, 10.335949000000141 ], [ 3.03761, 10.328834000000143 ], [ 3.040343, 10.323906 ], [ 3.040336, 10.316245000000151 ], [ 3.045879000000127, 10.308579 ], [ 3.049189000000126, 10.303652 ], [ 3.0569, 10.303644 ], [ 3.056919, 10.297625 ], [ 3.054036, 10.289979 ], [ 3.049703, 10.29052 ], [ 3.048041000000126, 10.286143000000152 ], [ 3.044170000000122, 10.282317000000148 ], [ 3.042541, 10.274293 ], [ 3.039689000000124, 10.266111 ], [ 3.037735, 10.260504 ], [ 3.036411000000157, 10.257702 ], [ 3.030725, 10.246097000000134 ], [ 3.017933, 10.229843000000187 ], [ 3.00466200000011, 10.222316 ], [ 2.990234, 10.207709 ], [ 2.961916, 10.176311000000112 ], [ 2.937485, 10.148695 ], [ 2.920875, 10.135738 ], [ 2.912652, 10.139618 ], [ 2.833313, 10.12604000000016 ], [ 2.829327000000148, 10.125662000000148 ], [ 2.817344, 10.124523 ], [ 2.816733000000113, 10.116348 ], [ 2.819414, 10.107061000000158 ], [ 2.814923, 10.095099000000175 ], [ 2.815933, 10.083098 ], [ 2.818003, 10.065637 ], [ 2.817051000000106, 10.059859000000131 ], [ 2.813968000000102, 10.041133 ], [ 2.830946000000154, 10.031193 ] ] ] ] } },
{ "type": "Feature", "properties": { "fid": 25, "GID_2": "BEN.4.2_1", "GID_0": "BEN", "COUNTRY": "Benin", "GID_1": "BEN.4_1", "NAME_1": "Borgou", "NL_NAME_1": "NA", "NAME_2": "Kalalé", "VARNAME_2": "NA", "NL_NAME_2": "NA", "TYPE_2": "Commune", "ENGTYPE_2": "Commune", "CC_2": "NA", "HASC_2": "BJ.BO.KL" }, "geometry": { "type": "MultiPolygon", "coordinates": [ [ [ [ 3.23063900000011, 10.112322 ], [ 3.228602000000137, 10.111232 ], [ 3.22744200000011, 10.110611 ], [ 3.212813, 10.107742 ], [ 3.20401, 10.107818 ], [ 3.195398000000125, 10.107303 ], [ 3.194167, 10.107229000000189 ], [ 3.190103, 10.10698600000012 ], [ 3.188047000000154, 10.106863 ], [ 3.170987, 10.106462000000136 ], [ 3.15941, 10.103833 ], [ 3.158287, 10.101117 ], [ 3.145522, 10.088140000000124 ], [ 3.129494, 10.079549 ], [ 3.105216, 10.071028000000183 ], [ 3.077219000000127, 10.078344000000129 ], [ 3.068052000000137, 10.078694000000155 ], [ 3.060788, 10.078971000000138 ], [ 3.05907, 10.079037 ], [ 3.055822, 10.086275000000171 ], [ 3.050817000000166, 10.097027 ], [ 3.044176000000107, 10.111295000000155 ], [ 3.042852000000153, 10.114061 ], [ 3.047907, 10.12656 ], [ 3.050752000000102, 10.137986 ], [ 3.050296, 10.149439000000143 ], [ 3.048194, 10.16145 ], [ 3.044440000000122, 10.17347500000011 ], [ 3.047868, 10.188713 ], [ 3.045774000000165, 10.201816 ], [ 3.038722, 10.214411 ], [ 3.036086, 10.228607 ], [ 3.030725, 10.246097000000134 ], [ 3.036411000000157, 10.257702 ], [ 3.037735, 10.260504 ], [ 3.039689000000124, 10.266111 ], [ 3.042541, 10.274293 ], [ 3.044170000000122, 10.282317000000148 ], [ 3.048041000000126, 10.286143000000152 ], [ 3.049703, 10.29052 ], [ 3.054036, 10.289979 ], [ 3.056919, 10.297625 ], [ 3.0569, 10.303644 ], [ 3.049189000000126, 10.303652 ], [ 3.045879000000127, 10.308579 ], [ 3.040336, 10.316245000000151 ], [ 3.040343, 10.323906 ], [ 3.03761, 10.328834000000143 ], [ 3.033724, 10.335949000000141 ], [ 3.025995, 10.343070000000125 ], [ 3.019922, 10.350188 ], [ 3.013296, 10.355666 ], [ 3.007220000000189, 10.358407 ], [ 3.00224900000012, 10.361695000000168 ], [ 2.995623, 10.368267 ], [ 2.992862, 10.372099000000162 ], [ 2.989023, 10.376479000000188 ], [ 2.987486, 10.378749 ], [ 2.985685, 10.381407 ], [ 2.986242000000118, 10.385783000000117 ], [ 2.990115000000117, 10.391799000000162 ], [ 2.995095, 10.398361 ], [ 3.000629000000174, 10.406564 ], [ 3.005054, 10.41039 ], [ 3.00619, 10.41586100000012 ], [ 3.008641000000125, 10.420012 ], [ 3.014883, 10.424004000000139 ], [ 3.025584, 10.430847 ], [ 3.026630000000182, 10.431164000000138 ], [ 3.037706000000185, 10.432793 ], [ 3.049849000000165, 10.432236 ], [ 3.055930000000103, 10.435513 ], [ 3.062569000000167, 10.440978 ], [ 3.071415, 10.441515 ], [ 3.078603, 10.444243000000142 ], [ 3.085242000000108, 10.448614000000134 ], [ 3.086908000000108, 10.455177000000106 ], [ 3.090785, 10.462286000000177 ], [ 3.09466, 10.466659000000163 ], [ 3.101854, 10.472671 ], [ 3.105177, 10.478138000000115 ], [ 3.10574, 10.486344000000145 ], [ 3.104090000000156, 10.493459000000144 ], [ 3.105201, 10.497835 ], [ 3.104656, 10.50495 ], [ 3.105214, 10.508779000000118 ], [ 3.10635, 10.5131540000001 ], [ 3.107459000000176, 10.515342000000146 ], [ 3.107463000000166, 10.519166000000155 ], [ 3.112420000000157, 10.518075000000124 ], [ 3.115732, 10.51971 ], [ 3.112974000000122, 10.524637 ], [ 3.108556, 10.529019 ], [ 3.106351000000132, 10.535041 ], [ 3.10448, 10.537895000000105 ], [ 3.11466600000017, 10.539953 ], [ 3.125715, 10.538303 ], [ 3.132372, 10.541028000000153 ], [ 3.139535, 10.541019000000119 ], [ 3.142321, 10.541562000000113 ], [ 3.153937000000155, 10.541000000000167 ], [ 3.166074, 10.538795000000164 ], [ 3.175474, 10.53878200000014 ], [ 3.182673000000136, 10.54114600000014 ], [ 3.184034000000111, 10.541593 ], [ 3.188751000000138, 10.543141 ], [ 3.189859000000126, 10.543055 ], [ 3.195939000000124, 10.542584 ], [ 3.207963, 10.545768000000123 ], [ 3.210321000000135, 10.546392 ], [ 3.213646, 10.550764000000129 ], [ 3.229682000000139, 10.550740000000133 ], [ 3.235763, 10.550183 ], [ 3.241850000000113, 10.55291 ], [ 3.251811, 10.55727 ], [ 3.25789900000018, 10.559996000000183 ], [ 3.268966000000148, 10.564355 ], [ 3.281689, 10.567069 ], [ 3.291647, 10.56924 ], [ 3.303263000000186, 10.57086100000015 ], [ 3.310452, 10.570848000000126 ], [ 3.314119, 10.571618 ], [ 3.316066, 10.572027000000162 ], [ 3.318197000000168, 10.57247400000017 ], [ 3.325391000000138, 10.575198000000171 ], [ 3.328617, 10.575762000000111 ], [ 3.340881000000138, 10.577904 ], [ 3.34752, 10.579533 ], [ 3.359689, 10.580603 ], [ 3.3696470000001, 10.582772000000148 ], [ 3.379055000000164, 10.586036 ], [ 3.386241000000155, 10.584380000000124 ], [ 3.396762, 10.590924000000143 ], [ 3.404517000000112, 10.596926 ], [ 3.416681, 10.595259000000169 ], [ 3.422213, 10.596341000000166 ], [ 3.428853000000174, 10.597968000000151 ], [ 3.438815, 10.600681 ], [ 3.449882, 10.603393 ], [ 3.460943, 10.603367000000105 ], [ 3.466483, 10.60531 ], [ 3.474172000000181, 10.608006 ], [ 3.476441, 10.608802 ], [ 3.485294000000124, 10.610422000000142 ], [ 3.486216000000184, 10.610875000000135 ], [ 3.492161000000181, 10.613427 ], [ 3.500509, 10.613498000000106 ], [ 3.501894000000107, 10.613666000000137 ], [ 3.51734, 10.615858000000117 ], [ 3.530665000000113, 10.618519 ], [ 3.534542000000101, 10.620698 ], [ 3.54616, 10.621761 ], [ 3.558326, 10.621183 ], [ 3.568287000000112, 10.623345 ], [ 3.579897, 10.621673 ], [ 3.593179, 10.624920000000145 ], [ 3.605347000000108, 10.624887 ], [ 3.614754, 10.626502 ], [ 3.627480000000162, 10.628108000000111 ], [ 3.638541, 10.628076000000135 ], [ 3.650718000000154, 10.631323 ], [ 3.677273000000127, 10.633432 ], [ 3.683363, 10.635604 ], [ 3.697199000000182, 10.638298000000191 ], [ 3.707702, 10.636623000000156 ], [ 3.712673000000109, 10.634419 ], [ 3.727067, 10.638751000000184 ], [ 3.736470000000168, 10.638721 ], [ 3.752507000000151, 10.638124000000175 ], [ 3.761362, 10.639735 ], [ 3.76911, 10.641352 ], [ 3.783504000000164, 10.645133000000101 ], [ 3.796787000000165, 10.647825 ], [ 3.808962000000179, 10.649971 ], [ 3.815595, 10.648855 ], [ 3.822225000000117, 10.646644 ], [ 3.826353, 10.649392 ], [ 3.832242, 10.588363000000186 ], [ 3.813261, 10.554725000000133 ], [ 3.808751, 10.536614000000156 ], [ 3.789834, 10.492863 ], [ 3.779216, 10.447995 ], [ 3.778058, 10.426646 ], [ 3.771895907999976, 10.413709746000109 ], [ 3.769321918000173, 10.415802002000021 ], [ 3.760737896000137, 10.418588638000017 ], [ 3.74984192800008, 10.424391747000129 ], [ 3.730601073000173, 10.433891297000116 ], [ 3.71646404300003, 10.442680359000065 ], [ 3.695132971000078, 10.453799248000166 ], [ 3.692332030000046, 10.454770088000032 ], [ 3.687696933000097, 10.45637702900018 ], [ 3.686173916000143, 10.455451965 ], [ 3.670837625000161, 10.445917700000109 ], [ 3.665420056000187, 10.442549706000023 ], [ 3.658890963000033, 10.43986034500017 ], [ 3.646060944000112, 10.435096741000166 ], [ 3.637654065000049, 10.427589417000036 ], [ 3.632828952000068, 10.419070243000021 ], [ 3.631850958000143, 10.417246820000059 ], [ 3.631618023000158, 10.416813850000096 ], [ 3.632765054000117, 10.414141655000094 ], [ 3.634480954000139, 10.397026062000123 ], [ 3.634692907000044, 10.394920349000074 ], [ 3.633924961000048, 10.389928817000055 ], [ 3.629640102, 10.38197231200013 ], [ 3.626307963999977, 10.373609542999986 ], [ 3.625104905, 10.371803283000133 ], [ 3.624955893000106, 10.371582032000049 ], [ 3.619761944000174, 10.363778114000013 ], [ 3.615262986000062, 10.357018470000128 ], [ 3.614399910000088, 10.355718612000032 ], [ 3.60315203600004, 10.327489854000135 ], [ 3.59641289800004, 10.310045242 ], [ 3.584171057000106, 10.278369905000147 ], [ 3.584625005000021, 10.275149346000035 ], [ 3.592211961000032, 10.253278732000183 ], [ 3.597740888000146, 10.241768837000052 ], [ 3.612528085000179, 10.221719743000165 ], [ 3.620640040000183, 10.215909958000054 ], [ 3.623178959000029, 10.214091300000177 ], [ 3.646301031000178, 10.189411164000092 ], [ 3.654085133000137, 10.184824085000059 ], [ 3.655333040000073, 10.184088707000114 ], [ 3.670873449999988, 10.183818587000189 ], [ 3.672506094000084, 10.183790208000062 ], [ 3.672551441, 10.183745013000134 ], [ 3.673835955000072, 10.182464803000073 ], [ 3.678056001000186, 10.178258896000159 ], [ 3.678570578000063, 10.173367544000087 ], [ 3.678207000000157, 10.171796 ], [ 3.677163399000051, 10.168325100000118 ], [ 3.67616, 10.16499 ], [ 3.674698, 10.160108 ], [ 3.672504999000068, 10.152712001000168 ], [ 3.670905999000126, 10.145910000000185 ], [ 3.669605, 10.139259001000141 ], [ 3.668158999000013, 10.131868000000111 ], [ 3.666706000000147, 10.125658 ], [ 3.665101, 10.119742 ], [ 3.662747000000138, 10.114262000000167 ], [ 3.659195, 10.109215000000177 ], [ 3.654879999000173, 10.106671001000109 ], [ 3.649776001000134, 10.104782 ], [ 3.64504, 10.103119001000039 ], [ 3.639462, 10.10074000100019 ], [ 3.634135000000128, 10.098117000000116 ], [ 3.628917856000101, 10.095124731999988 ], [ 3.626911000000177, 10.092991 ], [ 3.597622999000066, 10.088116 ], [ 3.589619999000149, 10.083904 ], [ 3.588934000000108, 10.086314000000186 ], [ 3.587656999000046, 10.089952 ], [ 3.584568999000169, 10.099441 ], [ 3.576364999000134, 10.104426001000149 ], [ 3.56317300000012, 10.105643 ], [ 3.548891, 10.1079620000001 ], [ 3.54067599900003, 10.111858001000087 ], [ 3.530794000000128, 10.114132 ], [ 3.523695, 10.119652 ], [ 3.516030000000171, 10.123540000999981 ], [ 3.507809001000055, 10.126889 ], [ 3.497910999000169, 10.127528 ], [ 3.488018999000076, 10.128712 ], [ 3.476511, 10.133726 ], [ 3.46830000000017, 10.138165001 ], [ 3.457904, 10.144259 ], [ 3.451315999000087, 10.145955000000185 ], [ 3.440904, 10.150414001000115 ], [ 3.433771000000149, 10.15266 ], [ 3.428829999000129, 10.153796 ], [ 3.417367999000021, 10.154986000000122 ], [ 3.412390999000138, 10.15122300000013 ], [ 3.402390999000147, 10.145349000000124 ], [ 3.390318999000158, 10.154695000000174 ], [ 3.383806999000115, 10.1601730000001 ], [ 3.373801999000079, 10.153754000000106 ], [ 3.368328, 10.146717 ], [ 3.359921, 10.140250001000027 ], [ 3.354333999000119, 10.131033000000116 ], [ 3.346042000000125, 10.126745 ], [ 3.341526999000052, 10.116706 ], [ 3.340425000999971, 10.114256001000115 ], [ 3.325515999000118, 10.108393 ], [ 3.299790999000038, 10.123341000000153 ], [ 3.283815999000069, 10.121301 ], [ 3.259067998999967, 10.12260700000013 ], [ 3.241979000000129, 10.118939 ], [ 3.234373000000176, 10.11432 ], [ 3.230638999846937, 10.112322000453149 ], [ 3.23063900000011, 10.112322 ] ] ] ] } },
{ "type": "Feature", "properties": { "fid": 26, "GID_2": "BEN.4.3_1", "GID_0": "BEN", "COUNTRY": "Benin", "GID_1": "BEN.4_1", "NAME_1": "Borgou", "NL_NAME_1": "NA", "NAME_2": "N'Dali", "VARNAME_2": "Ndali", "NL_NAME_2": "NA", "TYPE_2": "Commune", "ENGTYPE_2": "Commune", "CC_2": "NA", "HASC_2": "BJ.BO.ND" }, "geometry": { "type": "MultiPolygon", "coordinates": [ [ [ [ 2.780187000000183, 9.639019000000189 ], [ 2.782598000000178, 9.632833000000119 ], [ 2.78341, 9.630752 ], [ 2.788771, 9.617000000000132 ], [ 2.789352000000179, 9.615509 ], [ 2.796863, 9.594726000000151 ], [ 2.797511, 9.592932 ], [ 2.807642, 9.563579000000175 ], [ 2.817338805000077, 9.540648663000127 ], [ 2.806278000000134, 9.528210000000115 ], [ 2.804585, 9.522225000000162 ], [ 2.804593873000158, 9.52219637200011 ], [ 2.804585, 9.522165000000143 ], [ 2.807789681000088, 9.511825971000121 ], [ 2.800598, 9.503171000000123 ], [ 2.793345000000159, 9.487958000000106 ], [ 2.788342, 9.479818 ], [ 2.784393, 9.4656710000001 ], [ 2.77935, 9.452077000000145 ], [ 2.777053, 9.438464000000181 ], [ 2.775345000000129, 9.430298 ], [ 2.767666000000133, 9.431444 ], [ 2.757759, 9.428245 ], [ 2.745079, 9.421249000000103 ], [ 2.741220000000112, 9.419095 ], [ 2.74123634100016, 9.419045116000177 ], [ 2.742831, 9.414177000000109 ], [ 2.742824924000047, 9.414136549000034 ], [ 2.741558, 9.40570200000019 ], [ 2.737272000000132, 9.405495 ], [ 2.726044000000172, 9.409033 ], [ 2.713547000000176, 9.40345 ], [ 2.711160000000177, 9.401833000000124 ], [ 2.701564, 9.395333 ], [ 2.691618000000119, 9.391778 ], [ 2.686028, 9.390099 ], [ 2.675496, 9.388254000000131 ], [ 2.655391000000122, 9.393011000000115 ], [ 2.65156, 9.397314000000165 ], [ 2.650264000000107, 9.403714 ], [ 2.649509000000137, 9.407445000000166 ], [ 2.65255900000011, 9.419102 ], [ 2.658739, 9.425988000000132 ], [ 2.652646000000175, 9.431354 ], [ 2.642922000000112, 9.433552000000191 ], [ 2.631685000000118, 9.436092 ], [ 2.627440971000055, 9.43607401800017 ], [ 2.619884000000184, 9.436042000000157 ], [ 2.605632649000086, 9.437681081000164 ], [ 2.604077, 9.437860000000114 ], [ 2.602394904000107, 9.438134194999975 ], [ 2.594274, 9.439458000000172 ], [ 2.586311, 9.440756000000135 ], [ 2.569866, 9.444344000000171 ], [ 2.563465000000122, 9.447378000000185 ], [ 2.556439000000182, 9.450708000000191 ], [ 2.55174, 9.452935 ], [ 2.544586, 9.460019 ], [ 2.54119500000013, 9.467242 ], [ 2.531301, 9.469844 ], [ 2.520559000000105, 9.473052000000109 ], [ 2.512500000000159, 9.47546 ], [ 2.504095000000177, 9.479296 ], [ 2.498364, 9.481912 ], [ 2.487447, 9.486671 ], [ 2.479923000000156, 9.489962 ], [ 2.476321, 9.490962 ], [ 2.466864, 9.494455000000187 ], [ 2.456939, 9.49992 ], [ 2.449222000000134, 9.501008 ], [ 2.442607000000123, 9.502645000000143 ], [ 2.435989000000177, 9.507017000000189 ], [ 2.433019000000115, 9.508489000000111 ], [ 2.429372000000171, 9.510295 ], [ 2.422207000000128, 9.510289 ], [ 2.415039000000149, 9.51302 ], [ 2.403462, 9.515198000000112 ], [ 2.392989, 9.51683 ], [ 2.385821, 9.519012 ], [ 2.377552000000151, 9.520099 ], [ 2.369282000000169, 9.522827 ], [ 2.36432, 9.523916 ], [ 2.353847, 9.523907 ], [ 2.345577, 9.526087000000132 ], [ 2.333439000000112, 9.526087000000132 ], [ 2.199023, 9.679549 ], [ 2.151833000000181, 9.69508 ], [ 2.16455800000017, 9.701520000000187 ], [ 2.170532, 9.709742000000119 ], [ 2.160622000000103, 9.712932000000137 ], [ 2.146867000000157, 9.716090000000122 ], [ 2.137470000000121, 9.723643 ], [ 2.134215, 9.718714000000148 ], [ 2.137028000000157, 9.710563 ], [ 2.129344000000174, 9.709956 ], [ 2.123818000000142, 9.71427000000017 ], [ 2.11942, 9.71478 ], [ 2.115599, 9.712024 ], [ 2.111161, 9.717437000000189 ], [ 2.105629000000135, 9.722295000000145 ], [ 2.099576, 9.723880000000179 ], [ 2.096699, 9.739658 ], [ 2.088443, 9.74177 ], [ 2.091652, 9.752149 ], [ 2.082792, 9.760794 ], [ 2.077264000000127, 9.765107 ], [ 2.084888000000149, 9.772799 ], [ 2.08421600000014, 9.787503000000129 ], [ 2.082518000000164, 9.793483 ], [ 2.074779, 9.799414000000127 ], [ 2.07087, 9.807009000000107 ], [ 2.072412, 9.819553 ], [ 2.066306000000111, 9.827131000000179 ], [ 2.069551, 9.833151 ], [ 2.064995000000181, 9.837872000000175 ], [ 2.051816, 9.851529 ], [ 2.064876, 9.866349 ], [ 2.088809, 9.894880000000114 ], [ 2.096905, 9.912383 ], [ 2.09783, 9.933095 ], [ 2.092780000000118, 9.945585 ], [ 2.082747, 9.962394000000131 ], [ 2.071883, 9.981046000000106 ], [ 2.096924000000172, 9.978954 ], [ 2.144263, 10.007057 ], [ 2.17979, 10.021135 ], [ 2.215016000000105, 10.021221 ], [ 2.338484000000108, 9.955047 ], [ 2.345665, 9.95013 ], [ 2.350083, 9.946853 ], [ 2.353949000000171, 9.944668 ], [ 2.358919000000128, 9.941937 ], [ 2.364992, 9.939755000000162 ], [ 2.372722000000181, 9.936481000000128 ], [ 2.380452000000105, 9.932112000000132 ], [ 2.387629000000118, 9.92993 ], [ 2.390382000000159, 9.935951000000159 ], [ 2.39037500000012, 9.943065000000104 ], [ 2.390920000000108, 9.950177 ], [ 2.390364, 9.954008000000101 ], [ 2.394223000000181, 9.958936 ], [ 2.397528, 9.964957 ], [ 2.404150000000129, 9.966605 ], [ 2.407458000000133, 9.970438000000115 ], [ 2.406351, 9.973173 ], [ 2.409103000000187, 9.981383000000108 ], [ 2.408545000000174, 9.987948 ], [ 2.41516600000017, 9.990690000000143 ], [ 2.420689, 9.98741200000012 ], [ 2.422893, 9.991244000000108 ], [ 2.439453, 9.990164000000107 ], [ 2.452148000000136, 9.990723000000173 ], [ 2.46926, 9.989641000000177 ], [ 2.481956000000139, 9.989651000000151 ], [ 2.497413000000108, 9.986378 ], [ 2.509005000000172, 9.985839 ], [ 2.525572000000125, 9.980282000000159 ], [ 2.531089, 9.977097 ], [ 2.550963, 9.969447000000173 ], [ 2.564764000000139, 9.963983000000155 ], [ 2.580773, 9.956876 ], [ 2.604509, 9.947583000000179 ], [ 2.616101000000128, 9.942662000000155 ], [ 2.634868, 9.933913000000132 ], [ 2.64369900000014, 9.92953800000015 ], [ 2.648073000000181, 9.927681000000177 ], [ 2.653137000000129, 9.92553 ], [ 2.658743000000186, 9.923149 ], [ 2.663017000000139, 9.921334000000115 ], [ 2.675158000000124, 9.918053 ], [ 2.678470000000118, 9.909298 ], [ 2.683437, 9.9093 ], [ 2.697786000000121, 9.908206000000121 ], [ 2.702623000000131, 9.907468000000165 ], [ 2.708128000000158, 9.906628000000126 ], [ 2.709706000000153, 9.906388000000163 ], [ 2.712134000000162, 9.90601700000019 ], [ 2.724826000000121, 9.907659 ], [ 2.738623000000189, 9.910396000000162 ], [ 2.76901700000019, 9.912794000000133 ], [ 2.777192000000184, 9.902921 ], [ 2.791374000000133, 9.887551000000144 ], [ 2.802240000000154, 9.870027 ], [ 2.795957000000101, 9.838449000000139 ], [ 2.799547000000132, 9.793351000000143 ], [ 2.780174000000159, 9.785680000000127 ], [ 2.776242, 9.77426 ], [ 2.773898, 9.754649000000143 ], [ 2.76549, 9.732357 ], [ 2.768727000000183, 9.724155 ], [ 2.76643300000012, 9.711087 ], [ 2.770223000000158, 9.703427 ], [ 2.765714000000116, 9.688193 ], [ 2.767563000000166, 9.680134000000123 ], [ 2.768770000000188, 9.674870000000169 ], [ 2.7695480000001, 9.67147800000015 ], [ 2.772103, 9.660341 ], [ 2.780187000000183, 9.639019000000189 ] ] ] ] } },
{ "type": "Feature", "properties": { "fid": 27, "GID_2": "BEN.4.4_1", "GID_0": "BEN", "COUNTRY": "Benin", "GID_1": "BEN.4_1", "NAME_1": "Borgou", "NL_NAME_1": "NA", "NAME_2": "Nikki", "VARNAME_2": "NA", "NL_NAME_2": "NA", "TYPE_2": "Commune", "ENGTYPE_2": "Commune", "CC_2": "NA", "HASC_2": "BJ.BO.NI" }, "geometry": { "type": "MultiPolygon", "coordinates": [ [ [ [ 3.31634306899997, 9.658747672000061 ], [ 3.31491708700014, 9.657733917000087 ], [ 3.313554048000071, 9.657647133000012 ], [ 3.309607984000081, 9.65752601600002 ], [ 3.300468922000107, 9.659787178000101 ], [ 3.29231, 9.662055015000078 ], [ 3.280405999000152, 9.661745072000087 ], [ 3.273310900000126, 9.659552575000134 ], [ 3.271612883000046, 9.65903091500013 ], [ 3.271487952000086, 9.658926011000176 ], [ 3.266597033000153, 9.654834747000052 ], [ 3.263551950000021, 9.652289390000021 ], [ 3.262118101000112, 9.650016785 ], [ 3.261317968000071, 9.648655892000136 ], [ 3.255928041000061, 9.639717103000123 ], [ 3.255569588000185, 9.634426553000083 ], [ 3.253775000000189, 9.631886 ], [ 3.252315000000181, 9.626293 ], [ 3.251446, 9.626666 ], [ 3.221925001000045, 9.639331 ], [ 3.197847, 9.650440000000117 ], [ 3.171524, 9.668754 ], [ 3.146010000000103, 9.692859000000169 ], [ 3.13077200000015, 9.710433000000137 ], [ 3.123267001000102, 9.732849000000101 ], [ 3.125686001000076, 9.759 ], [ 3.124134, 9.770461000000182 ], [ 3.119838000000186, 9.782493 ], [ 3.111122, 9.791833000000111 ], [ 3.107459000000176, 9.792469000000153 ], [ 3.091362001000107, 9.79526600000014 ], [ 3.080378000000167, 9.796446 ], [ 3.0616950000001, 9.797144 ], [ 3.050053000000162, 9.799267 ], [ 3.041872, 9.800758000000144 ], [ 3.030409, 9.802848 ], [ 3.022258, 9.814363000000128 ], [ 3.000939, 9.829253 ], [ 2.990649, 9.840073 ], [ 2.987825, 9.842596 ], [ 2.980727000000172, 9.844544000000155 ], [ 2.974858, 9.846209 ], [ 2.96591, 9.848612000000116 ], [ 2.954218, 9.848427 ], [ 2.947933000000148, 9.848328 ], [ 2.942817000000161, 9.848247000000129 ], [ 2.93887500000011, 9.846646 ], [ 2.930935, 9.843422 ], [ 2.919101, 9.838616000000115 ], [ 2.900859, 9.825670000000116 ], [ 2.881595, 9.822546 ], [ 2.859578, 9.818896 ], [ 2.841397000000143, 9.81358 ], [ 2.838624, 9.810974 ], [ 2.827003, 9.800056000000154 ], [ 2.820411000000149, 9.800651000000187 ], [ 2.809422, 9.801277 ], [ 2.799547000000132, 9.793351000000143 ], [ 2.795957000000101, 9.838449000000139 ], [ 2.802240000000154, 9.870027 ], [ 2.791374000000133, 9.887551000000144 ], [ 2.777192000000184, 9.902921 ], [ 2.76901700000019, 9.912794000000133 ], [ 2.785597000000166, 9.924122 ], [ 2.794456, 9.932236000000103 ], [ 2.807106, 9.932688 ], [ 2.81812100000019, 9.934788 ], [ 2.831801, 9.925962 ], [ 2.843923, 9.929145000000119 ], [ 2.856707, 9.947041 ], [ 2.864258, 9.960278 ], [ 2.865068, 9.961699000000181 ], [ 2.855886000000112, 9.983575 ], [ 2.85054, 10.003787 ], [ 2.86169400000017, 10.023876 ], [ 2.85241, 10.032669000000169 ], [ 2.838684, 10.03604200000018 ], [ 2.830946000000154, 10.031193 ], [ 2.813968000000102, 10.041133 ], [ 2.817051000000106, 10.059859000000131 ], [ 2.818003, 10.065637 ], [ 2.815933, 10.083098 ], [ 2.814923, 10.095099000000175 ], [ 2.819414, 10.107061000000158 ], [ 2.816733000000113, 10.116348 ], [ 2.817344, 10.124523 ], [ 2.829327000000148, 10.125662000000148 ], [ 2.833313, 10.12604000000016 ], [ 2.912652, 10.139618 ], [ 2.920875, 10.135738 ], [ 2.937485, 10.148695 ], [ 2.961916, 10.176311000000112 ], [ 2.990234, 10.207709 ], [ 3.00466200000011, 10.222316 ], [ 3.017933, 10.229843000000187 ], [ 3.030725, 10.246097000000134 ], [ 3.036086, 10.228607 ], [ 3.038722, 10.214411 ], [ 3.045774000000165, 10.201816 ], [ 3.047868, 10.188713 ], [ 3.044440000000122, 10.17347500000011 ], [ 3.048194, 10.16145 ], [ 3.050296, 10.149439000000143 ], [ 3.050752000000102, 10.137986 ], [ 3.047907, 10.12656 ], [ 3.042852000000153, 10.114061 ], [ 3.044176000000107, 10.111295000000155 ], [ 3.050817000000166, 10.097027 ], [ 3.055822, 10.086275000000171 ], [ 3.05907, 10.079037 ], [ 3.060788, 10.078971000000138 ], [ 3.068052000000137, 10.078694000000155 ], [ 3.077219000000127, 10.078344000000129 ], [ 3.105216, 10.071028000000183 ], [ 3.129494, 10.079549 ], [ 3.145522, 10.088140000000124 ], [ 3.158287, 10.101117 ], [ 3.15941, 10.103833 ], [ 3.170987, 10.106462000000136 ], [ 3.188047000000154, 10.106863 ], [ 3.190103, 10.10698600000012 ], [ 3.194167, 10.107229000000189 ], [ 3.195398000000125, 10.107303 ], [ 3.20401, 10.107818 ], [ 3.212813, 10.107742 ], [ 3.22744200000011, 10.110611 ], [ 3.228602000000137, 10.111232 ], [ 3.23063900000011, 10.112322 ], [ 3.234373000000176, 10.11432 ], [ 3.241979000000129, 10.118939 ], [ 3.259068, 10.12260700000013 ], [ 3.283816000000115, 10.121301 ], [ 3.299791000000141, 10.123341000000153 ], [ 3.325516, 10.108393 ], [ 3.340425, 10.114256000000182 ], [ 3.341527000000156, 10.116706 ], [ 3.346042000000125, 10.126745 ], [ 3.354334, 10.131033000000116 ], [ 3.359921, 10.140249999000048 ], [ 3.368328, 10.146717 ], [ 3.373802000000182, 10.153754000000106 ], [ 3.383807, 10.1601730000001 ], [ 3.390319, 10.154695000000174 ], [ 3.402391, 10.145349000000124 ], [ 3.412391, 10.15122300000013 ], [ 3.417368, 10.154986000000122 ], [ 3.42883, 10.153796 ], [ 3.433771000000149, 10.15266 ], [ 3.440904, 10.150414000000183 ], [ 3.451316, 10.145955000000185 ], [ 3.457904, 10.144259 ], [ 3.468300001000102, 10.138164999000026 ], [ 3.476511, 10.133726 ], [ 3.488019000000122, 10.128712 ], [ 3.497911, 10.127528 ], [ 3.507809001000055, 10.12688899900013 ], [ 3.516030000000171, 10.123539999000172 ], [ 3.523695, 10.119652 ], [ 3.530794000000128, 10.114132 ], [ 3.540676000000133, 10.111857999000108 ], [ 3.548891, 10.1079620000001 ], [ 3.56317300000012, 10.105643 ], [ 3.576365, 10.104425999000171 ], [ 3.584569000000101, 10.099441 ], [ 3.587657000000149, 10.089951999 ], [ 3.588934000000108, 10.086314000000186 ], [ 3.58962, 10.083904 ], [ 3.597623000000169, 10.088116 ], [ 3.619164288000093, 10.091701556000089 ], [ 3.625931568000112, 10.092827973000112 ], [ 3.626911000000177, 10.092991 ], [ 3.628917857000033, 10.095124731000112 ], [ 3.634135000000128, 10.098117000000116 ], [ 3.639462, 10.10074 ], [ 3.64504, 10.103119000000106 ], [ 3.649776, 10.104782 ], [ 3.654880000000105, 10.106671 ], [ 3.659195, 10.109215000000177 ], [ 3.662747000000138, 10.114262000000167 ], [ 3.665101, 10.119742 ], [ 3.666706000000147, 10.125658 ], [ 3.668159000000117, 10.131868000000111 ], [ 3.669605, 10.139259 ], [ 3.670906, 10.145910000000185 ], [ 3.672505000000172, 10.152712 ], [ 3.674698, 10.160108 ], [ 3.67616, 10.16499 ], [ 3.677163400000154, 10.168325100000118 ], [ 3.678207000000157, 10.171796 ], [ 3.678570578000063, 10.173367542999983 ], [ 3.678951025000174, 10.169751168000175 ], [ 3.67588210100007, 10.155968667000138 ], [ 3.676089049000154, 10.149299622000171 ], [ 3.673275947000093, 10.142190934000155 ], [ 3.673244953000051, 10.142066003000025 ], [ 3.670058011000151, 10.129911423000124 ], [ 3.669944048000048, 10.129487991000076 ], [ 3.669615983000142, 10.128232002000175 ], [ 3.66898489100015, 10.125829697000086 ], [ 3.668097972000055, 10.122440338000047 ], [ 3.666167974000075, 10.116691589000027 ], [ 3.66286993, 10.107081413000117 ], [ 3.662817002000054, 10.106930734 ], [ 3.66124510800006, 10.105697631000055 ], [ 3.65827703400015, 10.103170395000177 ], [ 3.657967090000056, 10.10312938800007 ], [ 3.657860040000116, 10.103116035000141 ], [ 3.646502972000121, 10.101671220000071 ], [ 3.640357017000042, 10.09780311600008 ], [ 3.636218071000087, 10.096570016000044 ], [ 3.630122900000174, 10.093600274000153 ], [ 3.629506111000012, 10.093301773000064 ], [ 3.629240989000095, 10.093170166000107 ], [ 3.628614902000095, 10.092581748999976 ], [ 3.627059936000023, 10.091058732000022 ], [ 3.623631953000029, 10.087921143000017 ], [ 3.619556904999968, 10.08176899 ], [ 3.615601062000167, 10.075632095 ], [ 3.611588954000183, 10.06239032700006 ], [ 3.611206054000149, 10.052920343000039 ], [ 3.61099004800019, 10.045802117000108 ], [ 3.611015082000165, 10.045203209000135 ], [ 3.611731053000142, 10.028414727000154 ], [ 3.61204505000012, 10.021059990000083 ], [ 3.6118540760001, 10.019354820000046 ], [ 3.61183595600005, 10.019188882000037 ], [ 3.611104011000123, 10.012893677000079 ], [ 3.611067057000071, 10.012558937000051 ], [ 3.611151933000031, 10.009287834000077 ], [ 3.611356973000113, 10.00000095300004 ], [ 3.611445904000107, 9.996011734000092 ], [ 3.611387014000172, 9.995656967000116 ], [ 3.608601094000051, 9.979837418000102 ], [ 3.60846209500005, 9.979339600000117 ], [ 3.602315902000157, 9.957432746000165 ], [ 3.595777035000083, 9.945736885000088 ], [ 3.582953930000031, 9.935140608999973 ], [ 3.571058989000051, 9.925420761000112 ], [ 3.564198971000167, 9.915978431000099 ], [ 3.564220301000148, 9.907047308000188 ], [ 3.564222012000016, 9.906331094000052 ], [ 3.564238072000137, 9.899606704000064 ], [ 3.562298059000113, 9.895080567000093 ], [ 3.562194109000188, 9.894957543000032 ], [ 3.560936378000122, 9.893496786000071 ], [ 3.559843655000066, 9.892227672000047 ], [ 3.551039934000187, 9.882002831000023 ], [ 3.548048973999983, 9.880800246999968 ], [ 3.547552108000104, 9.879029274000118 ], [ 3.538964986000167, 9.869157792000124 ], [ 3.538691043000142, 9.868843079000101 ], [ 3.533312083000055, 9.864866256000084 ], [ 3.529644966000092, 9.862080575000107 ], [ 3.529232980000131, 9.862008095000135 ], [ 3.52905988700013, 9.861886979000076 ], [ 3.527532412000141, 9.861632573000179 ], [ 3.522394895000048, 9.860776902000168 ], [ 3.521019576000185, 9.860547423000071 ], [ 3.517107964, 9.859894753000106 ], [ 3.512230400000021, 9.857799472000181 ], [ 3.511136054000076, 9.857329368000023 ], [ 3.498831033000101, 9.858272552000074 ], [ 3.498416901000098, 9.858357431000059 ], [ 3.481204987000069, 9.86183261900004 ], [ 3.474755049, 9.863224984 ], [ 3.458797991000097, 9.861476083000184 ], [ 3.456429958000172, 9.861216545000048 ], [ 3.449347020000175, 9.858926773000121 ], [ 3.43554210700006, 9.854461671000138 ], [ 3.424060106000127, 9.850650786000017 ], [ 3.408272029000045, 9.844911576000186 ], [ 3.39171004300016, 9.838833809000107 ], [ 3.390005111000107, 9.838207244000046 ], [ 3.378984929000126, 9.833799363000082 ], [ 3.371284008000032, 9.83105754800016 ], [ 3.370759964, 9.830870628000184 ], [ 3.363214015000153, 9.828145027000176 ], [ 3.356626987000141, 9.825662613000077 ], [ 3.354797420000182, 9.824152947000073 ], [ 3.353836969000042, 9.823360431000026 ], [ 3.347313880000058, 9.817977906000124 ], [ 3.346899986000096, 9.817548751000061 ], [ 3.340237486000035, 9.810303167000086 ], [ 3.3400324320001, 9.810080167000081 ], [ 3.340023994000148, 9.810070991000032 ], [ 3.329516888000114, 9.798416137000117 ], [ 3.323395014000027, 9.776936531000104 ], [ 3.323405980000018, 9.776757240000109 ], [ 3.323462231000178, 9.775759047 ], [ 3.323520245000168, 9.774729568 ], [ 3.323599244000036, 9.773327687000119 ], [ 3.323992278000048, 9.766353144999982 ], [ 3.324276924000173, 9.761301995000053 ], [ 3.328557014000069, 9.745926857000143 ], [ 3.338723898000183, 9.725856782000164 ], [ 3.340059995000161, 9.720907212000043 ], [ 3.350231887000177, 9.705187798000111 ], [ 3.35035896300019, 9.704989434000026 ], [ 3.35187006100017, 9.698374749000095 ], [ 3.352104902000121, 9.697395326000162 ], [ 3.351464959000054, 9.69535023800006 ], [ 3.349961042000018, 9.690544129000045 ], [ 3.34946107900015, 9.688225746000114 ], [ 3.349155904000042, 9.686800004000133 ], [ 3.348649978000083, 9.6854066840001 ], [ 3.34856105, 9.685273170000073 ], [ 3.343137027000012, 9.68091487900017 ], [ 3.335501909000129, 9.675185205000048 ], [ 3.335131885000067, 9.674871445000178 ], [ 3.330024958000024, 9.67048645 ], [ 3.327073097000152, 9.667952538000122 ], [ 3.322251081000161, 9.663817405000032 ], [ 3.317857027, 9.659779548000188 ], [ 3.31634306899997, 9.658747672000061 ] ] ] ] } },
{ "type": "Feature", "properties": { "fid": 28, "GID_2": "BEN.4.5_1", "GID_0": "BEN", "COUNTRY": "Benin", "GID_1": "BEN.4_1", "NAME_1": "Borgou", "NL_NAME_1": "NA", "NAME_2": "Parakou", "VARNAME_2": "NA", "NL_NAME_2": "NA", "TYPE_2": "Commune", "ENGTYPE_2": "Commune", "CC_2": "NA", "HASC_2": "BJ.BO.PA" }, "geometry": { "type": "MultiPolygon", "coordinates": [ [ [ [ 2.713547000000176, 9.40345 ], [ 2.726044000000172, 9.409033 ], [ 2.737272000000132, 9.405495 ], [ 2.741558, 9.40570200000019 ], [ 2.745158000000174, 9.397930000000144 ], [ 2.742150000000152, 9.39134700000011 ], [ 2.746364272000164, 9.380558226000062 ], [ 2.741864000000135, 9.371005 ], [ 2.742431406000151, 9.354734531000076 ], [ 2.742806, 9.343986 ], [ 2.743095, 9.335708000000125 ], [ 2.735870000000148, 9.330318 ], [ 2.737082, 9.321344000000181 ], [ 2.746124000000179, 9.311778 ], [ 2.746128000000112, 9.306394000000125 ], [ 2.738302, 9.300406 ], [ 2.738311000000124, 9.289038 ], [ 2.736505, 9.286644 ], [ 2.721443000000136, 9.293812000000173 ], [ 2.708193, 9.293203 ], [ 2.694496, 9.285413000000176 ], [ 2.691257000000121, 9.283758 ], [ 2.68871546000014, 9.282458721000069 ], [ 2.68346626500005, 9.279776625000181 ], [ 2.680427000000179, 9.278224 ], [ 2.676182172000154, 9.276054791000092 ], [ 2.671188000000143, 9.273503 ], [ 2.660767000000135, 9.268178 ], [ 2.654618, 9.265036000000123 ], [ 2.649419, 9.257596 ], [ 2.644996000000162, 9.251266000000101 ], [ 2.631153000000154, 9.244073 ], [ 2.61851200000018, 9.239274 ], [ 2.607068, 9.241056000000185 ], [ 2.594417000000135, 9.24523 ], [ 2.584472, 9.25299600000011 ], [ 2.582781000000125, 9.254977 ], [ 2.57862193200009, 9.259844372999964 ], [ 2.576266137000118, 9.262601370000084 ], [ 2.568759000000114, 9.271387000000118 ], [ 2.558377000000121, 9.283494000000189 ], [ 2.551305000000127, 9.289451000000156 ], [ 2.54438800000014, 9.298411 ], [ 2.535756, 9.307246 ], [ 2.530194000000108, 9.312756000000149 ], [ 2.519153000000131, 9.325549000000137 ], [ 2.5141, 9.33128 ], [ 2.509029, 9.337032 ], [ 2.503605179000033, 9.343183664000151 ], [ 2.497015, 9.349205 ], [ 2.489745000000141, 9.35469 ], [ 2.484352000000172, 9.358759 ], [ 2.480730000000165, 9.363539000000173 ], [ 2.456913, 9.378460000000189 ], [ 2.440352, 9.380039 ], [ 2.432210000000168, 9.380815000000155 ], [ 2.423786000000177, 9.383588 ], [ 2.416763000000174, 9.386638 ], [ 2.404477, 9.393930000000125 ], [ 2.396028000000115, 9.402292000000102 ], [ 2.398418000000163, 9.409704 ], [ 2.401767000000177, 9.420091 ], [ 2.407415000000128, 9.437608 ], [ 2.406779, 9.456751000000168 ], [ 2.417019, 9.458563 ], [ 2.423614000000157, 9.478914 ], [ 2.429036, 9.479521000000148 ], [ 2.448328, 9.473570000000166 ], [ 2.46279, 9.473592 ], [ 2.472425000000101, 9.477795000000185 ], [ 2.473960105000174, 9.484108320000075 ], [ 2.476321, 9.490962 ], [ 2.479923000000156, 9.489962 ], [ 2.487447, 9.486671 ], [ 2.498364, 9.481912 ], [ 2.504095000000177, 9.479296 ], [ 2.512500000000159, 9.47546 ], [ 2.520559000000105, 9.473052000000109 ], [ 2.531301, 9.469844 ], [ 2.54119500000013, 9.467242 ], [ 2.544586, 9.460019 ], [ 2.55174, 9.452935 ], [ 2.556439000000182, 9.450708000000191 ], [ 2.563465000000122, 9.447378000000185 ], [ 2.569866, 9.444344000000171 ], [ 2.586311, 9.440756000000135 ], [ 2.594274, 9.439458000000172 ], [ 2.602394904000107, 9.438134194999975 ], [ 2.604077, 9.437860000000114 ], [ 2.605632649000086, 9.437681081000164 ], [ 2.619884000000184, 9.436042000000157 ], [ 2.62744097000018, 9.436074019000046 ], [ 2.631685000000118, 9.436092 ], [ 2.642922000000112, 9.433552000000191 ], [ 2.652646000000175, 9.431354 ], [ 2.658739, 9.425988000000132 ], [ 2.65255900000011, 9.419102 ], [ 2.649509000000137, 9.407445000000166 ], [ 2.650264000000107, 9.403714 ], [ 2.65156, 9.397314000000165 ], [ 2.655391000000122, 9.393011000000115 ], [ 2.675496, 9.388254000000131 ], [ 2.686028, 9.390099 ], [ 2.691618000000119, 9.391778 ], [ 2.701564, 9.395333 ], [ 2.711160000000177, 9.401833000000124 ], [ 2.713547000000176, 9.40345 ] ] ] ] } },
{ "type": "Feature", "properties": { "fid": 29, "GID_2": "BEN.4.6_1", "GID_0": "BEN", "COUNTRY": "Benin", "GID_1": "BEN.4_1", "NAME_1": "Borgou", "NL_NAME_1": "NA", "NAME_2": "Pèrèrè", "VARNAME_2": "NA", "NL_NAME_2": "NA", "TYPE_2": "Commune", "ENGTYPE_2": "Commune", "CC_2": "NA", "HASC_2": "BJ.BO.PE" }, "geometry": { "type": "MultiPolygon", "coordinates": [ [ [ [ 3.154343000000154, 9.295249 ], [ 3.152984645000117, 9.314313793000167 ], [ 3.153683903000058, 9.309561729999984 ], [ 3.153774976000079, 9.309210778000079 ], [ 3.156946897000068, 9.296362876000046 ], [ 3.157078207999973, 9.295840518000148 ], [ 3.158292055000175, 9.291011810000157 ], [ 3.157716305000122, 9.286360400000035 ], [ 3.157227993000049, 9.282415390000097 ], [ 3.156964698000024, 9.282058427000152 ], [ 3.156750274000046, 9.281767721000108 ], [ 3.154343000000154, 9.295249 ] ] ], [ [ [ 3.255569588000185, 9.63442655200015 ], [ 3.255492925000112, 9.633295060000137 ], [ 3.255189896, 9.629823685000076 ], [ 3.253441096000074, 9.609871864000127 ], [ 3.253254890000164, 9.609498024000061 ], [ 3.252105896000103, 9.607197211000027 ], [ 3.249763011000141, 9.602505684999983 ], [ 3.249605894000183, 9.60228919900004 ], [ 3.239742040000124, 9.588352205000092 ], [ 3.233412027000156, 9.57781410299998 ], [ 3.232321023999987, 9.575899124999978 ], [ 3.232223034000071, 9.575815201000182 ], [ 3.227308989000164, 9.571627617000047 ], [ 3.226634025000124, 9.570830345 ], [ 3.221379041000148, 9.56242942900019 ], [ 3.216177939000033, 9.553992271000027 ], [ 3.216089011000179, 9.553849221000064 ], [ 3.207909108000081, 9.544481278000092 ], [ 3.202639103000024, 9.532600404000107 ], [ 3.194761036000045, 9.515098571000181 ], [ 3.186305046000086, 9.507082940000146 ], [ 3.186106921000089, 9.506896019000067 ], [ 3.184335948000069, 9.50618743900003 ], [ 3.183168888000125, 9.505720139000118 ], [ 3.182506085000057, 9.505455971000117 ], [ 3.180959939000047, 9.504837990000055 ], [ 3.175395012000138, 9.502640725000049 ], [ 3.163367985000036, 9.497801781000078 ], [ 3.15715002900015, 9.494400024000072 ], [ 3.154836893000095, 9.493068697000126 ], [ 3.151388883000095, 9.488200188000064 ], [ 3.149274109999965, 9.485067369000149 ], [ 3.148963928000057, 9.484533311000177 ], [ 3.13615489, 9.462879181000119 ], [ 3.136122942000043, 9.462744713 ], [ 3.130999089, 9.440149308000173 ], [ 3.131682016000127, 9.436102926000046 ], [ 3.131652999000153, 9.436038 ], [ 3.130132999000125, 9.432635001000108 ], [ 3.132323, 9.421430000000157 ], [ 3.130133, 9.432635000000175 ], [ 3.131653, 9.436038 ], [ 3.13168201700006, 9.436102925000114 ], [ 3.133372067999971, 9.426089287000082 ], [ 3.138628340000025, 9.411723536000125 ], [ 3.148058425000045, 9.3859504670001 ], [ 3.15179395600012, 9.375741006000112 ], [ 3.15182590500018, 9.375539779000064 ], [ 3.152764535000017, 9.36988659900004 ], [ 3.153624059000094, 9.364709854000068 ], [ 3.15296101500013, 9.356782913000075 ], [ 3.152918101000125, 9.356156350000049 ], [ 3.152771949000112, 9.354414939000094 ], [ 3.151511908000032, 9.339429857000141 ], [ 3.151518107000129, 9.339213372000074 ], [ 3.151673911000046, 9.332710212000052 ], [ 3.151501712000083, 9.335127075000116 ], [ 3.151497490999986, 9.335186321000037 ], [ 3.053000001000044, 9.340926 ], [ 3.030503000000181, 9.34219800000011 ], [ 3.007998, 9.342378 ], [ 2.993752001000018, 9.345762 ], [ 2.982782, 9.346939000000134 ], [ 2.976182001000041, 9.345355 ], [ 2.966284, 9.343253000000175 ], [ 2.954752001000088, 9.342798000000187 ], [ 2.948719000000153, 9.34339000000017 ], [ 2.94489300000015, 9.345601000000102 ], [ 2.932315, 9.351694999000131 ], [ 2.920234001000097, 9.351244 ], [ 2.918750001000035, 9.371973 ], [ 2.915524, 9.380722000000105 ], [ 2.905165000000181, 9.390070000000151 ], [ 2.899139, 9.391753000000108 ], [ 2.882103, 9.389701000000173 ], [ 2.878231, 9.385914000000184 ], [ 2.868442000000186, 9.397984000000179 ], [ 2.861400000000174, 9.410576 ], [ 2.817962, 9.53888 ], [ 2.817356000000132, 9.540668 ], [ 2.817338804000144, 9.540648662000081 ], [ 2.807642, 9.563579000000175 ], [ 2.797511, 9.592932 ], [ 2.796863000999963, 9.594726000000151 ], [ 2.789352000000179, 9.615509 ], [ 2.788771001000157, 9.617000000000132 ], [ 2.783410001000107, 9.630752 ], [ 2.782598000000178, 9.632833000000119 ], [ 2.780187000000183, 9.639019000000189 ], [ 2.772103, 9.660341 ], [ 2.7695480000001, 9.67147800000015 ], [ 2.768770000000188, 9.674870000000169 ], [ 2.767563000000166, 9.680134000000123 ], [ 2.765714000000116, 9.688193 ], [ 2.770223000000158, 9.703427 ], [ 2.76643300000012, 9.711087 ], [ 2.768727000000183, 9.724155 ], [ 2.76549, 9.732357 ], [ 2.773898, 9.754649000000143 ], [ 2.776242, 9.77426 ], [ 2.780174000000159, 9.785680000000127 ], [ 2.799547000000132, 9.793351000000143 ], [ 2.809422, 9.801277 ], [ 2.820411000000149, 9.800651000000187 ], [ 2.827003, 9.800056000000154 ], [ 2.838624, 9.810974 ], [ 2.841397000000143, 9.81358 ], [ 2.859578, 9.818896 ], [ 2.881595, 9.822546 ], [ 2.900859, 9.825670000000116 ], [ 2.919101, 9.838616000000115 ], [ 2.930935, 9.843422 ], [ 2.93887500000011, 9.846646 ], [ 2.942817000000161, 9.848247000000129 ], [ 2.947933000000148, 9.848328 ], [ 2.954218, 9.848427 ], [ 2.96591, 9.848612000000116 ], [ 2.974858, 9.846209 ], [ 2.980727000000172, 9.844544000000155 ], [ 2.987825, 9.842596 ], [ 2.990649, 9.840073 ], [ 3.000939, 9.829253 ], [ 3.022258, 9.814363000000128 ], [ 3.030409, 9.802848 ], [ 3.041872, 9.800758000000144 ], [ 3.050053000000162, 9.799267 ], [ 3.0616950000001, 9.797144 ], [ 3.080378000000167, 9.796446 ], [ 3.091362, 9.79526600000014 ], [ 3.107459000000176, 9.792469000000153 ], [ 3.111122, 9.791833000000111 ], [ 3.119838000000186, 9.782493 ], [ 3.124134, 9.770461000000182 ], [ 3.125686000000144, 9.759 ], [ 3.123267, 9.732849000000101 ], [ 3.13077200000015, 9.710433000000137 ], [ 3.146010000000103, 9.692859000000169 ], [ 3.171524, 9.668754 ], [ 3.197847, 9.650440000000117 ], [ 3.221924999000066, 9.63933100100013 ], [ 3.251446, 9.626666 ], [ 3.252315000000181, 9.626293 ], [ 3.253775000000189, 9.631886 ], [ 3.255569588000185, 9.63442655200015 ] ] ] ] } },
{ "type": "Feature", "properties": { "fid": 30, "GID_2": "BEN.4.7_1", "GID_0": "BEN", "COUNTRY": "Benin", "GID_1": "BEN.4_1", "NAME_1": "Borgou", "NL_NAME_1": "NA", "NAME_2": "Sinendé", "VARNAME_2": "NA", "NL_NAME_2": "NA", "TYPE_2": "Commune", "ENGTYPE_2": "Commune", "CC_2": "NA", "HASC_2": "BJ.BO.SI" }, "geometry": { "type": "MultiPolygon", "coordinates": [ [ [ [ 2.115849, 10.078722000000141 ], [ 2.126945, 10.08107 ], [ 2.135061000000121, 10.082149000000186 ], [ 2.152107000000115, 10.081741 ], [ 2.173533, 10.083549 ], [ 2.197132000000124, 10.088642 ], [ 2.211455000000171, 10.092765000000156 ], [ 2.222338, 10.096497 ], [ 2.240427000000125, 10.105876000000137 ], [ 2.260999, 10.146358000000134 ], [ 2.261050000000125, 10.149192000000141 ], [ 2.26138, 10.167611 ], [ 2.250291, 10.178966 ], [ 2.24145, 10.252081 ], [ 2.239100000000121, 10.271507 ], [ 2.221758, 10.30733 ], [ 2.199548000000163, 10.332217 ], [ 2.190683000000149, 10.339774 ], [ 2.179102, 10.342950000000144 ], [ 2.164189, 10.349913000000186 ], [ 2.15144800000013, 10.360161 ], [ 2.153058000000101, 10.379217 ], [ 2.155455000000188, 10.407596000000183 ], [ 2.161846000000139, 10.433256 ], [ 2.171598, 10.451860000000124 ], [ 2.192875000000129, 10.475849 ], [ 2.244142, 10.533628 ], [ 2.243897, 10.536305 ], [ 2.243829, 10.54430200000013 ], [ 2.327189, 10.570582000000115 ], [ 2.331933, 10.572077 ], [ 2.347908000000189, 10.57711 ], [ 2.366216000000122, 10.582883 ], [ 2.374281, 10.585426000000155 ], [ 2.421200000000113, 10.60021300000011 ], [ 2.430765000000122, 10.597336 ], [ 2.453838000000133, 10.590395 ], [ 2.47431, 10.578376 ], [ 2.499762000000146, 10.56034 ], [ 2.50916500000011, 10.555970000000116 ], [ 2.514143, 10.554333 ], [ 2.520228, 10.549959000000172 ], [ 2.526315000000125, 10.543398000000138 ], [ 2.532954000000188, 10.537930000000131 ], [ 2.549545, 10.531922 ], [ 2.549138, 10.528682 ], [ 2.547895, 10.518790000000138 ], [ 2.546797, 10.505111 ], [ 2.544591, 10.496902 ], [ 2.539068000000157, 10.487596000000167 ], [ 2.540183, 10.472278000000188 ], [ 2.540747000000181, 10.453675 ], [ 2.53925, 10.445249 ], [ 2.538547, 10.43561700000015 ], [ 2.532477000000142, 10.420294000000126 ], [ 2.533032, 10.416464000000133 ], [ 2.533756, 10.40744 ], [ 2.534310000000119, 10.404706000000147 ], [ 2.53469900000016, 10.402786000000106 ], [ 2.53632400000015, 10.387516000000176 ], [ 2.535817000000122, 10.381449 ], [ 2.534164000000146, 10.374335 ], [ 2.530304000000115, 10.360654000000181 ], [ 2.527025, 10.349495 ], [ 2.52644400000014, 10.347519 ], [ 2.517062000000124, 10.330005 ], [ 2.509887000000163, 10.317415000000153 ], [ 2.499954, 10.299899 ], [ 2.497748000000115, 10.294973000000141 ], [ 2.493232, 10.283156 ], [ 2.49168, 10.279035 ], [ 2.491348, 10.270677 ], [ 2.491140000000144, 10.265423000000112 ], [ 2.486630000000162, 10.255477 ], [ 2.486023, 10.254578 ], [ 2.483094000000165, 10.250243000000182 ], [ 2.479206, 10.244487000000163 ], [ 2.477653, 10.242188 ], [ 2.472935000000177, 10.233674 ], [ 2.469626000000119, 10.226559 ], [ 2.47018700000018, 10.216164000000106 ], [ 2.472404, 10.20686400000011 ], [ 2.473515, 10.197562000000175 ], [ 2.47738900000013, 10.188265000000115 ], [ 2.480155, 10.183342 ], [ 2.482922000000144, 10.175684000000103 ], [ 2.486795000000143, 10.166385 ], [ 2.489005, 10.164199000000167 ], [ 2.481281, 10.153797000000111 ], [ 2.478525000000161, 10.147776 ], [ 2.470054000000175, 10.139370000000156 ], [ 2.468904, 10.137831000000176 ], [ 2.467491, 10.134089000000188 ], [ 2.463632000000132, 10.125878 ], [ 2.461982, 10.118217000000186 ], [ 2.470272000000136, 10.108374 ], [ 2.473034, 10.106734 ], [ 2.480216, 10.101816 ], [ 2.48629300000016, 10.097444 ], [ 2.492367, 10.097447000000102 ], [ 2.502307, 10.09636 ], [ 2.50612800000016, 10.09510100000017 ], [ 2.507277, 10.094722 ], [ 2.516114, 10.090350000000171 ], [ 2.520534000000168, 10.08597600000013 ], [ 2.521088, 10.083788 ], [ 2.523299000000179, 10.079959 ], [ 2.529375000000186, 10.074492 ], [ 2.530483, 10.069020000000137 ], [ 2.533245000000136, 10.066286 ], [ 2.537666000000172, 10.058628 ], [ 2.541535000000181, 10.051517 ], [ 2.544851000000108, 10.0455 ], [ 2.550377, 10.035107 ], [ 2.552587000000131, 10.031278 ], [ 2.561977000000127, 10.021433 ], [ 2.525572000000125, 9.980282000000159 ], [ 2.509005000000172, 9.985839 ], [ 2.497413000000108, 9.986378 ], [ 2.481956000000139, 9.989651000000151 ], [ 2.46926, 9.989641000000177 ], [ 2.452148000000136, 9.990723000000173 ], [ 2.439453, 9.990164000000107 ], [ 2.422893, 9.991244000000108 ], [ 2.420689, 9.98741200000012 ], [ 2.41516600000017, 9.990690000000143 ], [ 2.408545000000174, 9.987948 ], [ 2.409103000000187, 9.981383000000108 ], [ 2.406351, 9.973173 ], [ 2.407458000000133, 9.970438000000115 ], [ 2.404150000000129, 9.966605 ], [ 2.397528, 9.964957 ], [ 2.394223000000181, 9.958936 ], [ 2.390364, 9.954008000000101 ], [ 2.390920000000108, 9.950177 ], [ 2.39037500000012, 9.943065000000104 ], [ 2.390382000000159, 9.935951000000159 ], [ 2.387629000000118, 9.92993 ], [ 2.380452000000105, 9.932112000000132 ], [ 2.372722000000181, 9.936481000000128 ], [ 2.364992, 9.939755000000162 ], [ 2.358919000000128, 9.941937 ], [ 2.353949000000171, 9.944668 ], [ 2.350083, 9.946853 ], [ 2.345665, 9.95013 ], [ 2.338484000000108, 9.955047 ], [ 2.215016000000105, 10.021221 ], [ 2.17979, 10.021135 ], [ 2.144263, 10.007057 ], [ 2.096924000000172, 9.978954 ], [ 2.071883, 9.981046000000106 ], [ 2.082388, 10.004889 ], [ 2.086560000000134, 10.031622 ], [ 2.083211000000119, 10.037587000000144 ], [ 2.071463000000108, 10.04229 ], [ 2.07048200000014, 10.047834 ], [ 2.080308000000116, 10.057738000000143 ], [ 2.085198, 10.062667 ], [ 2.111455, 10.078141 ], [ 2.115849, 10.078722000000141 ] ] ] ] } },
{ "type": "Feature", "properties": { "fid": 31, "GID_2": "BEN.4.8_1", "GID_0": "BEN", "COUNTRY": "Benin", "GID_1": "BEN.4_1", "NAME_1": "Borgou", "NL_NAME_1": "NA", "NAME_2": "Tchaourou", "VARNAME_2": "NA", "NL_NAME_2": "NA", "TYPE_2": "Commune", "ENGTYPE_2": "Commune", "CC_2": "NA", "HASC_2": "BJ.BO.TC" }, "geometry": { "type": "MultiPolygon", "coordinates": [ [ [ [ 2.779125720000138, 8.949207774000172 ], [ 2.781113799000025, 8.946227236000084 ], [ 2.781422867, 8.945763879000026 ], [ 2.781783105000159, 8.945223810000016 ], [ 2.780316114000186, 8.941757202000076 ], [ 2.778146029000141, 8.936422347000189 ], [ 2.77654409400003, 8.932847977000051 ], [ 2.776518484000064, 8.932787374999975 ], [ 2.776450193000187, 8.932625779000148 ], [ 2.776413918000117, 8.932539940000026 ], [ 2.773681741000075, 8.926375531000076 ], [ 2.773332117999985, 8.925586703000022 ], [ 2.772447411000087, 8.923262403000081 ], [ 2.772108079000077, 8.92237091100003 ], [ 2.771841942000151, 8.921741550000093 ], [ 2.771483782000189, 8.920894576000023 ], [ 2.770617962000131, 8.918847084000049 ], [ 2.768739939000113, 8.917195321000065 ], [ 2.768532991000029, 8.917016983000053 ], [ 2.764003992000028, 8.915911674000029 ], [ 2.762340069000118, 8.914642334000121 ], [ 2.759757995000143, 8.912199020000116 ], [ 2.758111953000025, 8.907858849000093 ], [ 2.758218459000148, 8.905783230000054 ], [ 2.758275986, 8.904662132 ], [ 2.758282617000134, 8.904550152000184 ], [ 2.758320092000133, 8.903917314000012 ], [ 2.759357254000122, 8.90358846800018 ], [ 2.760190963000127, 8.903324128000179 ], [ 2.761694908000095, 8.90284824400004 ], [ 2.762538073000144, 8.903029915000047 ], [ 2.764345909000156, 8.903419437000139 ], [ 2.77038788800013, 8.904721259000041 ], [ 2.772020285999986, 8.899565462000055 ], [ 2.773552894000147, 8.894724846000088 ], [ 2.771233601000176, 8.882873874999973 ], [ 2.769439936000026, 8.873708727000178 ], [ 2.769303412000113, 8.873010815000157 ], [ 2.769141987000125, 8.872185608000166 ], [ 2.768162966000034, 8.867180825000048 ], [ 2.76210445900017, 8.865831650000075 ], [ 2.757992030000139, 8.864915849000056 ], [ 2.757328065000024, 8.86396991600003 ], [ 2.757014037000147, 8.863522529000079 ], [ 2.756884098000114, 8.859633446000089 ], [ 2.756933928000024, 8.859539032000043 ], [ 2.759342907000075, 8.854945184000087 ], [ 2.761125087000096, 8.851490020000028 ], [ 2.759903906000091, 8.842530250000152 ], [ 2.759827826000162, 8.841994045000092 ], [ 2.758136987000171, 8.830077172000074 ], [ 2.758541108000088, 8.823667526000179 ], [ 2.758836985000187, 8.819675446000076 ], [ 2.758889914000179, 8.819565774000068 ], [ 2.759548909000102, 8.818130752000172 ], [ 2.762854186000084, 8.810933207000176 ], [ 2.763381958000082, 8.809783936000031 ], [ 2.763209304000156, 8.80946 ], [ 2.76294051400015, 8.80895569200004 ], [ 2.761059046000071, 8.805425644000024 ], [ 2.760144093000122, 8.804915946000108 ], [ 2.759787082000173, 8.804717063000112 ], [ 2.758788320000122, 8.804159051000113 ], [ 2.758463292000044, 8.80397745700003 ], [ 2.7581059850001, 8.803777828000079 ], [ 2.755739927000036, 8.802455902000133 ], [ 2.751415967000071, 8.801465035000149 ], [ 2.744895936000148, 8.799899102000154 ], [ 2.740257979000035, 8.795187951000173 ], [ 2.739336968000089, 8.794223786000089 ], [ 2.739191702000142, 8.793626287000109 ], [ 2.738383998000131, 8.790304082000091 ], [ 2.737668038000038, 8.787359237000089 ], [ 2.737617970000144, 8.787146569000072 ], [ 2.732707582000103, 8.781185287000142 ], [ 2.732635001000062, 8.781239 ], [ 2.731991001000097, 8.781422 ], [ 2.731436, 8.781581 ], [ 2.730966, 8.781908000000158 ], [ 2.730533001000026, 8.782222 ], [ 2.73002700100011, 8.782598 ], [ 2.729763, 8.782983000000115 ], [ 2.729597167000065, 8.783342469000104 ], [ 2.728549999000109, 8.781253000000163 ], [ 2.729118652000182, 8.774799799999982 ], [ 2.728413104000083, 8.772684097000024 ], [ 2.729223966000177, 8.770422936000045 ], [ 2.729317903000037, 8.77015590700006 ], [ 2.730222093000066, 8.767647458999988 ], [ 2.730783, 8.764588001000163 ], [ 2.71778499900006, 8.765472 ], [ 2.710065999000165, 8.765475 ], [ 2.702483, 8.765759001000049 ], [ 2.696583, 8.766073001000109 ], [ 2.683236, 8.766950001 ], [ 2.671582, 8.767302001000189 ], [ 2.648534999000105, 8.769122 ], [ 2.640534, 8.769259 ], [ 2.617258999000114, 8.768016 ], [ 2.601534000000129, 8.768435 ], [ 2.590010999000185, 8.768233 ], [ 2.579647, 8.768051 ], [ 2.576761000000147, 8.767933 ], [ 2.567727000000161, 8.767563 ], [ 2.552625999000099, 8.767807001000051 ], [ 2.547090999000091, 8.76786 ], [ 2.545787, 8.767873000000122 ], [ 2.543777999000042, 8.767838 ], [ 2.538465, 8.767744000000107 ], [ 2.533561000000134, 8.767658 ], [ 2.530413, 8.767792000000156 ], [ 2.51587000000012, 8.768635 ], [ 2.497942, 8.769674 ], [ 2.451887, 8.771090000000186 ], [ 2.431549000000189, 8.770454000000143 ], [ 2.428346, 8.770188000000132 ], [ 2.419969, 8.769491 ], [ 2.414592, 8.769044000000179 ], [ 2.406170000000145, 8.768896 ], [ 2.403789000000131, 8.768854 ], [ 2.398883000000126, 8.768490000000156 ], [ 2.385127, 8.768666000000167 ], [ 2.374890000000164, 8.768208000000129 ], [ 2.364931, 8.767894 ], [ 2.35285400000015, 8.768377 ], [ 2.350557000000151, 8.768369000000121 ], [ 2.343171, 8.768346000000179 ], [ 2.327993000000163, 8.769608000000119 ], [ 2.313958000000127, 8.76964 ], [ 2.283935, 8.769113 ], [ 2.269189000000154, 8.769688 ], [ 2.266528, 8.769363000000112 ], [ 2.260232000000144, 8.768279000000121 ], [ 2.253355000000113, 8.768297000000189 ], [ 2.232156, 8.768759 ], [ 2.224729, 8.768073000000129 ], [ 2.214488000000131, 8.767893000000129 ], [ 2.210005000000137, 8.76739700000013 ], [ 2.20748, 8.767353 ], [ 2.194444, 8.766428 ], [ 2.188683, 8.767518 ], [ 2.189545000000123, 8.772743000000162 ], [ 2.192802000000142, 8.78144600000013 ], [ 2.193884000000139, 8.785797 ], [ 2.203151, 8.793971000000113 ], [ 2.204779, 8.798323000000153 ], [ 2.202568, 8.809187000000179 ], [ 2.209648, 8.818442000000175 ], [ 2.213447000000144, 8.828777000000173 ], [ 2.219975, 8.840749 ], [ 2.225958, 8.852176000000156 ], [ 2.227568, 8.864679 ], [ 2.236827000000176, 8.87720000000013 ], [ 2.240092000000118, 8.883186000000137 ], [ 2.241157000000157, 8.89514400000013 ], [ 2.241138, 8.903296000000125 ], [ 2.234044000000154, 8.898932 ], [ 2.229678, 8.896749 ], [ 2.224751, 8.900541 ], [ 2.220933000000116, 8.897271000000103 ], [ 2.215477, 8.893998000000181 ], [ 2.211107, 8.893444000000159 ], [ 2.206173000000149, 8.899954 ], [ 2.203423000000157, 8.907556 ], [ 2.213248, 8.911927 ], [ 2.216514, 8.91737 ], [ 2.215398000000107, 8.927149 ], [ 2.210482000000127, 8.92605 ], [ 2.206114, 8.92441 ], [ 2.201195, 8.92494100000016 ], [ 2.198446000000104, 8.931456 ], [ 2.197884000000158, 8.93797700000016 ], [ 2.197324, 8.94341 ], [ 2.195128, 8.94775200000015 ], [ 2.198942000000102, 8.952108000000123 ], [ 2.20112, 8.955375000000117 ], [ 2.201654000000133, 8.960811 ], [ 2.201086, 8.969504 ], [ 2.203264000000161, 8.972771 ], [ 2.210356, 8.978223000000128 ], [ 2.220182, 8.983137000000113 ], [ 2.228911000000153, 8.989679 ], [ 2.22999300000015, 8.994573 ], [ 2.226159000000166, 8.997825 ], [ 2.223413000000164, 9.003253 ], [ 2.21793, 9.010304000000133 ], [ 2.217897000000107, 9.023891 ], [ 2.218437, 9.026609 ], [ 2.226616000000149, 9.035325 ], [ 2.229218000000174, 9.039783000000114 ], [ 2.230427, 9.041855000000112 ], [ 2.228779, 9.045113 ], [ 2.227128, 9.049999 ], [ 2.2265680000001, 9.05543200000011 ], [ 2.219462000000135, 9.054872000000159 ], [ 2.200313, 9.061348 ], [ 2.197561, 9.068949000000146 ], [ 2.188246000000106, 9.077621 ], [ 2.170757, 9.075404000000105 ], [ 2.149439000000143, 9.074262 ], [ 2.138509000000113, 9.072603000000129 ], [ 2.100241, 9.073045 ], [ 2.092026, 9.078457 ], [ 2.08492600000011, 9.075720000000103 ], [ 2.082275000000152, 9.076593 ], [ 2.079598000000146, 9.077961 ], [ 2.077394, 9.079455 ], [ 2.072972000000107, 9.082193000000132 ], [ 2.070641000000137, 9.084058 ], [ 2.05863, 9.091662 ], [ 2.034603000000118, 9.094385000000102 ], [ 2.031221, 9.100218 ], [ 2.026417000000151, 9.108501000000103 ], [ 2.027511, 9.117186000000174 ], [ 2.019868, 9.124787 ], [ 2.00403, 9.125877 ], [ 1.989832, 9.129681000000176 ], [ 1.980549, 9.135111 ], [ 1.973451000000182, 9.149768 ], [ 1.971815000000163, 9.162795000000187 ], [ 1.980010000000163, 9.178535 ], [ 1.96963600000015, 9.211106000000143 ], [ 1.977285000000109, 9.218162 ], [ 1.976997, 9.2191 ], [ 1.973463, 9.230646 ], [ 1.97565, 9.243673000000172 ], [ 1.966911, 9.265387 ], [ 1.970737000000156, 9.284385 ], [ 1.978678000000116, 9.355919000000142 ], [ 1.986046000000101, 9.358205 ], [ 1.9980690000001, 9.358746 ], [ 2.009546000000114, 9.362 ], [ 2.022115000000156, 9.363084000000185 ], [ 2.030859000000135, 9.362539 ], [ 2.041788, 9.358193000000142 ], [ 2.054357000000152, 9.357104000000106 ], [ 2.062556000000143, 9.360902000000124 ], [ 2.072393000000147, 9.361983 ], [ 2.080594000000133, 9.369580000000155 ], [ 2.09098, 9.376089 ], [ 2.106831000000113, 9.378797000000191 ], [ 2.10720700000013, 9.38075 ], [ 2.163298, 9.671894000000123 ], [ 2.163302, 9.680037 ], [ 2.162347, 9.681723000000147 ], [ 2.159182000000158, 9.68731 ], [ 2.151833000000181, 9.69508 ], [ 2.199023, 9.679549 ], [ 2.333439000000112, 9.526087000000132 ], [ 2.345577, 9.526087000000132 ], [ 2.353847, 9.523907 ], [ 2.36432, 9.523916 ], [ 2.369282000000169, 9.522827 ], [ 2.377552000000151, 9.520099 ], [ 2.385821, 9.519012 ], [ 2.392989, 9.51683 ], [ 2.403462, 9.515198000000112 ], [ 2.415039000000149, 9.51302 ], [ 2.422207000000128, 9.510289 ], [ 2.429372000000171, 9.510295 ], [ 2.433019000000115, 9.508489000000111 ], [ 2.435989000000177, 9.507017000000189 ], [ 2.442607000000123, 9.502645000000143 ], [ 2.449222000000134, 9.501008 ], [ 2.456939, 9.49992 ], [ 2.466864, 9.494455000000187 ], [ 2.476321, 9.490962 ], [ 2.473960105000174, 9.484108321000178 ], [ 2.472425000000101, 9.477795000000185 ], [ 2.46279, 9.473592 ], [ 2.448328, 9.473570000000166 ], [ 2.429036, 9.479521000000148 ], [ 2.423614000000157, 9.478914 ], [ 2.417019, 9.458563 ], [ 2.406779, 9.456751000000168 ], [ 2.407415000000128, 9.437608 ], [ 2.401767000000177, 9.420091 ], [ 2.398418000000163, 9.409704 ], [ 2.396028000000115, 9.402292000000102 ], [ 2.404477, 9.393930000000125 ], [ 2.416763000000174, 9.386638 ], [ 2.423786000000177, 9.383588 ], [ 2.432210000000168, 9.380815000000155 ], [ 2.440352, 9.380039 ], [ 2.456913, 9.378460000000189 ], [ 2.480730000000165, 9.363539000000173 ], [ 2.484352000000172, 9.358759 ], [ 2.489745000000141, 9.35469 ], [ 2.497015, 9.349205 ], [ 2.503605179000033, 9.343183664000151 ], [ 2.509029, 9.337032 ], [ 2.5141, 9.33128 ], [ 2.519153000000131, 9.325549000000137 ], [ 2.530194000000108, 9.312756000000149 ], [ 2.535756, 9.307246 ], [ 2.532136, 9.299807000000101 ], [ 2.535756, 9.307245998999974 ], [ 2.54438800000014, 9.298410999000112 ], [ 2.551305000000127, 9.289451000000156 ], [ 2.558377000000121, 9.283493999000086 ], [ 2.568759000000114, 9.271386999000072 ], [ 2.576266137000118, 9.262601368999981 ], [ 2.57862193200009, 9.259844372999964 ], [ 2.582781000000125, 9.254977 ], [ 2.584472, 9.252995999000177 ], [ 2.594417000000135, 9.245229999000117 ], [ 2.607068, 9.241055999000082 ], [ 2.61851200000018, 9.239274 ], [ 2.631153000000154, 9.244073 ], [ 2.644996000000162, 9.251266000000101 ], [ 2.649419, 9.257595999000102 ], [ 2.654618, 9.265036000000123 ], [ 2.660767001000011, 9.268178 ], [ 2.671188000000143, 9.273503 ], [ 2.676182173000086, 9.27605479000016 ], [ 2.680427000000179, 9.278223999000147 ], [ 2.683466266000153, 9.279776625000181 ], [ 2.68871546000014, 9.282458720000136 ], [ 2.691257000000121, 9.283758 ], [ 2.694496, 9.285413000000176 ], [ 2.708193001000097, 9.29320299900013 ], [ 2.721442999500567, 9.293811998977109 ], [ 2.721443000000136, 9.293812000000173 ], [ 2.736505, 9.286643999000148 ], [ 2.738311000000124, 9.289038 ], [ 2.738302, 9.300406 ], [ 2.746128000000112, 9.306394000000125 ], [ 2.746124000000179, 9.311778 ], [ 2.737082, 9.321343999000078 ], [ 2.735870000000148, 9.330318 ], [ 2.743094999000107, 9.335708000000125 ], [ 2.742806, 9.343985999000154 ], [ 2.742431406000151, 9.354734531000076 ], [ 2.741864000000135, 9.371005 ], [ 2.746364272000164, 9.380558226000062 ], [ 2.742150000000152, 9.39134700000011 ], [ 2.745158000000174, 9.397930000000144 ], [ 2.741558, 9.405701999000087 ], [ 2.742824924000047, 9.414136548000101 ], [ 2.742831, 9.414177000000109 ], [ 2.741236340000057, 9.419045116000177 ], [ 2.741220000000112, 9.419095 ], [ 2.745079, 9.42124899900017 ], [ 2.757758999000146, 9.428244999000128 ], [ 2.767665999000087, 9.431443999000123 ], [ 2.775345000000129, 9.430297999000175 ], [ 2.777053, 9.438463999000078 ], [ 2.77935, 9.452076999000042 ], [ 2.784393, 9.465670999000054 ], [ 2.788342, 9.479818 ], [ 2.793345000000159, 9.487958000000106 ], [ 2.800598, 9.503170999000019 ], [ 2.807789681000088, 9.511825970000189 ], [ 2.804585, 9.52216499900004 ], [ 2.804593872000055, 9.522196371000177 ], [ 2.804585, 9.522224999000059 ], [ 2.806277999000031, 9.528209999000183 ], [ 2.817338804000144, 9.540648662000081 ], [ 2.817355999000029, 9.540668 ], [ 2.81796199900009, 9.538879999000187 ], [ 2.861400000000174, 9.410575999000116 ], [ 2.868442000000186, 9.397983999000076 ], [ 2.878231, 9.385913999000081 ], [ 2.882102999000097, 9.389701000000173 ], [ 2.899139, 9.391753000000108 ], [ 2.905165000000181, 9.390070000000151 ], [ 2.915524, 9.380721999 ], [ 2.918750000000159, 9.371973 ], [ 2.920234000000164, 9.351244 ], [ 2.932315, 9.351695 ], [ 2.94489300000015, 9.345600999000055 ], [ 2.948718999000107, 9.34339000000017 ], [ 2.954752, 9.342798000000187 ], [ 2.966284, 9.343253000000175 ], [ 2.976182000000165, 9.345355 ], [ 2.982782, 9.346939000000134 ], [ 2.993752000000143, 9.345762 ], [ 3.007998, 9.342378 ], [ 3.030503000000181, 9.34219800000011 ], [ 3.053000000000111, 9.340926 ], [ 3.151497490000111, 9.335186320000105 ], [ 3.15150171099998, 9.335127075000116 ], [ 3.151673911000046, 9.332710212000052 ], [ 3.151942015000031, 9.321519852000165 ], [ 3.151947021000069, 9.321365357000104 ], [ 3.152984645000117, 9.314313792000064 ], [ 3.15434299900005, 9.295248998999966 ], [ 3.156750273000114, 9.281767720000175 ], [ 3.149981975, 9.272591591000037 ], [ 3.131680966000033, 9.259074211000041 ], [ 3.126363992000108, 9.252183914000057 ], [ 3.123250008000014, 9.24198532000014 ], [ 3.122225044000118, 9.238402367000106 ], [ 3.121902943000066, 9.224934579000035 ], [ 3.121963025000071, 9.222908974000063 ], [ 3.121986143000186, 9.222113214000103 ], [ 3.122021086000132, 9.220910418000074 ], [ 3.122226953000052, 9.213824273000057 ], [ 3.122308283, 9.212631857000133 ], [ 3.122737826000105, 9.206334104000177 ], [ 3.123365126000124, 9.197136960000023 ], [ 3.123698949000129, 9.192242622000037 ], [ 3.120699883000157, 9.187483787000019 ], [ 3.116638898000133, 9.180355073000158 ], [ 3.114728927000101, 9.17688942000018 ], [ 3.10659694800006, 9.162139891999971 ], [ 3.105795507000096, 9.160630168000125 ], [ 3.102191102000063, 9.153840327000125 ], [ 3.101305007000178, 9.152171135 ], [ 3.096554343000037, 9.140603580000118 ], [ 3.093349934, 9.132801057000108 ], [ 3.092128992000085, 9.129831315000104 ], [ 3.092111111000122, 9.129696846000058 ], [ 3.09107995100004, 9.122350692000111 ], [ 3.090195090000122, 9.116033635000122 ], [ 3.089177682000127, 9.108770319000087 ], [ 3.088434108000058, 9.103461908999975 ], [ 3.088170052000066, 9.101576806000082 ], [ 3.08351397600012, 9.097866059000069 ], [ 3.072407008000027, 9.094536781000158 ], [ 3.056247949000181, 9.089689253000131 ], [ 3.05328488400005, 9.087700843000107 ], [ 3.052114010000025, 9.087157250000189 ], [ 3.051388978000034, 9.086714745000052 ], [ 3.050311088000058, 9.086319923000076 ], [ 3.049540997000179, 9.085960388999979 ], [ 3.045272112000021, 9.084486008000113 ], [ 3.042598963000103, 9.083510398000044 ], [ 3.037502049000068, 9.083028793000096 ], [ 3.035438061000036, 9.082790376000162 ], [ 3.03509307000013, 9.082751273000042 ], [ 3.027266978000114, 9.079780579999976 ], [ 3.02344202900008, 9.078374864000068 ], [ 3.018784046000064, 9.076644897000165 ], [ 3.017570973000147, 9.076195716000029 ], [ 3.014914036000107, 9.075654029000077 ], [ 3.01476097200009, 9.075614930000143 ], [ 3.008142949000046, 9.073917389000087 ], [ 2.994276047000085, 9.073938370000121 ], [ 2.984102010000186, 9.072344781000027 ], [ 2.968874932000062, 9.077816962000043 ], [ 2.965532065000161, 9.079015731000027 ], [ 2.964068889000032, 9.079542160000187 ], [ 2.956387997000093, 9.092365264000136 ], [ 2.953382016000148, 9.092598914000121 ], [ 2.95162892400009, 9.092383385000119 ], [ 2.944269896000094, 9.091472624000176 ], [ 2.938255072000175, 9.090643883999974 ], [ 2.935998916000187, 9.090450287000067 ], [ 2.927556991000074, 9.089406012999973 ], [ 2.918993950000072, 9.088234899999975 ], [ 2.912571905000107, 9.087432861000138 ], [ 2.906672954000101, 9.086155891000033 ], [ 2.896111965000159, 9.083726881000132 ], [ 2.89146709400012, 9.080204964000131 ], [ 2.881942033000087, 9.072986604000107 ], [ 2.88047003700018, 9.068593025999974 ], [ 2.880271032000167, 9.067999326000063 ], [ 2.879153013000121, 9.064663886000176 ], [ 2.867593051000028, 9.06215 ], [ 2.863595126000064, 9.062850665000155 ], [ 2.854418993000138, 9.064458846000036 ], [ 2.837315082000089, 9.06424522400016 ], [ 2.812381029000164, 9.064668655000105 ], [ 2.810115100000189, 9.064560890000166 ], [ 2.80757403299998, 9.064560890000166 ], [ 2.804980038000053, 9.064796447 ], [ 2.804629088000127, 9.064803123000047 ], [ 2.80035209700003, 9.064694405000125 ], [ 2.79393100600015, 9.064827919000152 ], [ 2.780891894000035, 9.065108300000134 ], [ 2.778307915000028, 9.053985595000086 ], [ 2.779036999000141, 9.051703454000176 ], [ 2.779125928000155, 9.051617623000084 ], [ 2.786173105000103, 9.04489898700001 ], [ 2.782829999000114, 9.037273407000043 ], [ 2.782735448147658, 9.035961146049679 ], [ 2.782735449000086, 9.035961144999987 ], [ 2.782731504000026, 9.035906405000105 ], [ 2.782589913000152, 9.033941269000024 ], [ 2.782438040000102, 9.031812667000111 ], [ 2.782426121000071, 9.031655312000169 ], [ 2.774440051000113, 9.026288033000071 ], [ 2.774269104999973, 9.026171685 ], [ 2.774858952000045, 9.02492332300011 ], [ 2.775538923000056, 9.023792266000044 ], [ 2.776108026000031, 9.023653030000105 ], [ 2.783159972000135, 9.021931648000134 ], [ 2.783267022000132, 9.021637917000078 ], [ 2.784018994000178, 9.019428253000058 ], [ 2.782644989000062, 9.01620674000003 ], [ 2.782561064000163, 9.016007424000065 ], [ 2.77383399100006, 9.011644364000176 ], [ 2.77202010200017, 9.010737419 ], [ 2.77185988500014, 9.010655403000158 ], [ 2.772126912000147, 9.007446290000132 ], [ 2.779578566000112, 9.005776679000064 ], [ 2.78089499500004, 9.005481721000024 ], [ 2.781090975000097, 9.005440711000176 ], [ 2.782412053000144, 9.003100396000093 ], [ 2.781212768000159, 9.000952644000165 ], [ 2.777820110000107, 8.994876859999977 ], [ 2.779831886000125, 8.99163055300005 ], [ 2.781514854000079, 8.991381693000108 ], [ 2.786823034000179, 8.990596771000128 ], [ 2.787999287000048, 8.98868118900009 ], [ 2.788419961000045, 8.987996101000078 ], [ 2.788604975000055, 8.987694740000109 ], [ 2.78842902100007, 8.987346649000187 ], [ 2.787445068000125, 8.985400200000129 ], [ 2.782724178000137, 8.982876676999979 ], [ 2.782140969000125, 8.982564927000112 ], [ 2.783031941000104, 8.978294372 ], [ 2.785069332000035, 8.976365391 ], [ 2.787328959000035, 8.974225998000179 ], [ 2.787364959000172, 8.97412776900012 ], [ 2.788288714000089, 8.971716372 ], [ 2.788846016000036, 8.970261573000187 ], [ 2.785769939000147, 8.964109422000149 ], [ 2.775838447000183, 8.957652347000135 ], [ 2.775838446122165, 8.957652347429214 ], [ 2.775070904000188, 8.957153321000078 ], [ 2.773354807582917, 8.955322585621913 ], [ 2.773354808000136, 8.95532258500009 ], [ 2.77272605800016, 8.954651834000117 ], [ 2.771058082000138, 8.952872276000164 ], [ 2.771178960000043, 8.952836036000178 ], [ 2.77618377400006, 8.951254153000093 ], [ 2.778182029000106, 8.95062256000017 ], [ 2.779125720000138, 8.949207774000172 ] ] ] ] } },
{ "type": "Feature", "properties": { "fid": 32, "GID_2": "BEN.5.1_1", "GID_0": "BEN", "COUNTRY": "Benin", "GID_1": "BEN.5_1", "NAME_1": "Collines", "NL_NAME_1": "NA", "NAME_2": "Bantè", "VARNAME_2": "NA", "NL_NAME_2": "NA", "TYPE_2": "Commune", "ENGTYPE_2": "Commune", "CC_2": "NA", "HASC_2": "BJ.CL.BA" }, "geometry": { "type": "MultiPolygon", "coordinates": [ [ [ [ 1.99422200000015, 8.507567 ], [ 2.005686, 8.507056 ], [ 2.016606, 8.506 ], [ 2.028608, 8.508207 ], [ 2.043889, 8.509335 ], [ 2.05754, 8.507199000000185 ], [ 2.070645000000127, 8.505604 ], [ 2.077183000000161, 8.509969 ], [ 2.103407000000118, 8.501341 ], [ 2.111073, 8.491579 ], [ 2.118719000000169, 8.489967 ], [ 2.121472, 8.480736000000149 ], [ 2.124013000000105, 8.474709000000132 ], [ 2.124022, 8.469834000000162 ], [ 2.122406, 8.461709 ], [ 2.120248000000174, 8.451957 ], [ 2.115384, 8.435702000000106 ], [ 2.11322500000017, 8.427033000000108 ], [ 2.114873000000102, 8.418372 ], [ 2.115431, 8.410791 ], [ 2.112196, 8.395623 ], [ 2.112219, 8.383709000000181 ], [ 2.110605, 8.373959000000127 ], [ 2.10519, 8.362035000000105 ], [ 2.101410000000101, 8.347947 ], [ 2.099057, 8.339289000000122 ], [ 2.096551, 8.330069 ], [ 2.096036, 8.314904 ], [ 2.093329, 8.308942000000116 ], [ 2.09228800000011, 8.284572 ], [ 2.093399, 8.272119000000146 ], [ 2.090685000000178, 8.26940500000012 ], [ 2.090166, 8.256949000000134 ], [ 2.089636, 8.249367 ], [ 2.089105000000188, 8.242867000000103 ], [ 2.0875, 8.229326 ], [ 2.088264, 8.223883 ], [ 2.089704, 8.213626 ], [ 2.094617, 8.20226300000013 ], [ 2.108295000000112, 8.157779000000119 ], [ 2.111309, 8.147976000000142 ], [ 2.117581000000143, 8.127572000000157 ], [ 2.113502000000153, 8.120455000000106 ], [ 2.110178, 8.117894000000149 ], [ 2.105062, 8.11556400000012 ], [ 2.10071100000016, 8.113418 ], [ 2.095992, 8.110276000000113 ], [ 2.089762000000178, 8.105301 ], [ 2.083945, 8.10075 ], [ 2.080466, 8.09902000000011 ], [ 2.077831000000117, 8.097166000000186 ], [ 2.0741230000001, 8.092374000000177 ], [ 2.065648000000181, 8.087359 ], [ 2.059795000000122, 8.084893 ], [ 2.053812000000164, 8.0818680000001 ], [ 2.046973, 8.079663 ], [ 2.025469, 8.073306 ], [ 2.019624000000135, 8.070423 ], [ 2.015149, 8.06951 ], [ 2.010530000000131, 8.06873400000012 ], [ 1.99891700000012, 8.066723 ], [ 1.993029, 8.066341 ], [ 1.987831, 8.066667000000166 ], [ 1.982074, 8.066844 ], [ 1.978034, 8.066578000000106 ], [ 1.976326, 8.066465000000164 ], [ 1.967637000000138, 8.065756000000135 ], [ 1.963559, 8.066241000000105 ], [ 1.960751, 8.06633 ], [ 1.957372, 8.066966 ], [ 1.946672, 8.06900300000018 ], [ 1.930091, 8.070241000000124 ], [ 1.923211000000151, 8.070398000000125 ], [ 1.920403000000135, 8.070488000000125 ], [ 1.913250000000176, 8.070223 ], [ 1.906830000000127, 8.068164 ], [ 1.899546000000157, 8.06734100000017 ], [ 1.892105000000186, 8.067488 ], [ 1.885081, 8.067921000000183 ], [ 1.875812000000167, 8.068314 ], [ 1.856311000000119, 8.067972000000168 ], [ 1.840628000000152, 8.065889 ], [ 1.825348, 8.06492500000013 ], [ 1.822303, 8.064968000000135 ], [ 1.82014, 8.065807 ], [ 1.818159000000151, 8.066745 ], [ 1.815192, 8.067944000000125 ], [ 1.812496, 8.069705 ], [ 1.810639, 8.071618 ], [ 1.808064000000172, 8.074493 ], [ 1.805758000000139, 8.078067 ], [ 1.803214000000139, 8.082286 ], [ 1.800563000000182, 8.086457000000166 ], [ 1.797510000000159, 8.09266 ], [ 1.795763, 8.096383 ], [ 1.793112, 8.103705000000161 ], [ 1.792775, 8.107036 ], [ 1.792431, 8.110784 ], [ 1.79193400000014, 8.115224 ], [ 1.791887000000145, 8.118004 ], [ 1.791145, 8.123291000000108 ], [ 1.785027, 8.125252 ], [ 1.782913000000121, 8.125771000000157 ], [ 1.770577000000173, 8.124998000000119 ], [ 1.766101000000162, 8.124085 ], [ 1.761053000000118, 8.123858000000155 ], [ 1.755722000000105, 8.123764 ], [ 1.752069000000176, 8.123978000000136 ], [ 1.749665, 8.125048 ], [ 1.746826000000169, 8.126944 ], [ 1.746349000000123, 8.130273000000159 ], [ 1.745847, 8.134991 ], [ 1.745199000000184, 8.140124 ], [ 1.743870000000186, 8.143993 ], [ 1.742101, 8.148967 ], [ 1.736588, 8.159576000000129 ], [ 1.733017000000189, 8.163267000000189 ], [ 1.728048, 8.166656000000103 ], [ 1.725075000000118, 8.168133 ], [ 1.720265, 8.170412 ], [ 1.715885000000185, 8.172142000000179 ], [ 1.710402, 8.172741000000144 ], [ 1.706637, 8.17203000000012 ], [ 1.703258000000119, 8.171560000000113 ], [ 1.701643, 8.171336 ], [ 1.691918000000101, 8.170331 ], [ 1.689243, 8.17084 ], [ 1.684868000000108, 8.172293 ], [ 1.682742, 8.173507000000143 ], [ 1.679667, 8.172757 ], [ 1.674329000000171, 8.173081 ], [ 1.668685000000153, 8.183131 ], [ 1.666786, 8.19575 ], [ 1.666316000000108, 8.198661000000186 ], [ 1.664999, 8.201836000000185 ], [ 1.652077, 8.20244300000013 ], [ 1.648698, 8.203079000000173 ], [ 1.63964513600007, 8.203636641 ], [ 1.641271000000131, 8.299557001000096 ], [ 1.641140001000053, 8.300000999000076 ], [ 1.641271000000131, 8.30036 ], [ 1.638056999000071, 8.327674000000115 ], [ 1.636851998999987, 8.339723999000171 ], [ 1.630425999000181, 8.343741001000183 ], [ 1.625318, 8.351598 ], [ 1.625640733000182, 8.354502598000181 ], [ 1.6256407341605, 8.354502598444054 ], [ 1.626007001000119, 8.357798999000181 ], [ 1.626007001000119, 8.367037 ], [ 1.626810002000184, 8.379890999 ], [ 1.629622000000154, 8.392342999 ], [ 1.633237001000055, 8.403991001000122 ], [ 1.637254000000155, 8.410418000000107 ], [ 1.643681, 8.413228999000069 ], [ 1.646091000000183, 8.417245999000102 ], [ 1.645287, 8.424074 ], [ 1.64327900100011, 8.427287998999986 ], [ 1.639664001000142, 8.432509998000171 ], [ 1.640869002000102, 8.43974 ], [ 1.64260640100008, 8.452946154000131 ], [ 1.642877000000169, 8.455003000000147 ], [ 1.645496433000062, 8.46515147100007 ], [ 1.646091000000183, 8.467455000000143 ], [ 1.646401, 8.469837 ], [ 1.650547001000177, 8.478289999000026 ], [ 1.649922, 8.478124 ], [ 1.650192, 8.478432000000112 ], [ 1.650074159000155, 8.478903360000061 ], [ 1.649896275000174, 8.479614905000062 ], [ 1.649507002000178, 8.481172000000186 ], [ 1.649278818000141, 8.487551160000066 ], [ 1.649164, 8.490761 ], [ 1.641287001000137, 8.503433000000143 ], [ 1.640599185000099, 8.504431539999985 ], [ 1.637504, 8.508925 ], [ 1.637493698000071, 8.509103947000142 ], [ 1.6371365870001, 8.51530667600008 ], [ 1.633007017000182, 8.587033777000102 ], [ 1.632824994000146, 8.590195353000013 ], [ 1.632703591000109, 8.592304013000046 ], [ 1.646779001000141, 8.59010299900001 ], [ 1.657153001000154, 8.589598999000088 ], [ 1.668596, 8.595075999000073 ], [ 1.673413, 8.597896000000105 ], [ 1.675132001000065, 8.598902999000188 ], [ 1.683315, 8.600564 ], [ 1.69749400000012, 8.604419999000129 ], [ 1.702948, 8.606069 ], [ 1.708411000000126, 8.605001998999967 ], [ 1.725882, 8.604522000000145 ], [ 1.735155000000134, 8.606729000000144 ], [ 1.741127001000166, 8.615986999000086 ], [ 1.750927, 8.623628999 ], [ 1.761283000000162, 8.628556000000117 ], [ 1.772198000000174, 8.629681000000119 ], [ 1.789672, 8.628653 ], [ 1.8049630000001, 8.62762 ], [ 1.817524, 8.62657499900007 ], [ 1.832316001000095, 8.611408 ], [ 1.837235, 8.609795000000133 ], [ 1.841078, 8.603285999000093 ], [ 1.846545000000162, 8.601130000000126 ], [ 1.847334001000149, 8.592920000000106 ], [ 1.84733400044369, 8.592919999875463 ], [ 1.858592, 8.589757 ], [ 1.871164, 8.584908000000155 ], [ 1.883195000000171, 8.578424 ], [ 1.893046, 8.570847 ], [ 1.899061000000188, 8.567605 ], [ 1.904521, 8.567079 ], [ 1.911114, 8.553514000000177 ], [ 1.919296, 8.555713 ], [ 1.926379, 8.560081000000139 ], [ 1.937849, 8.557942 ], [ 1.947667, 8.560689 ], [ 1.951536, 8.544941000000108 ], [ 1.961919, 8.541167000000144 ], [ 1.972306000000117, 8.535764 ], [ 1.981048000000101, 8.533071000000177 ], [ 1.985429000000181, 8.528193000000158 ], [ 1.994164000000126, 8.527675000000102 ], [ 1.995813000000169, 8.523875 ], [ 1.993665, 8.51137000000017 ], [ 1.993924000000163, 8.50960700000013 ], [ 1.99422200000015, 8.507567 ] ] ] ] } },
{ "type": "Feature", "properties": { "fid": 33, "GID_2": "BEN.5.2_1", "GID_0": "BEN", "COUNTRY": "Benin", "GID_1": "BEN.5_1", "NAME_1": "Collines", "NL_NAME_1": "NA", "NAME_2": "Dassa-Zoumè", "VARNAME_2": "Dassa", "NL_NAME_2": "NA", "TYPE_2": "Commune", "ENGTYPE_2": "Commune", "CC_2": "NA", "HASC_2": "BJ.CL.DZ" }, "geometry": { "type": "MultiPolygon", "coordinates": [ [ [ [ 2.438545, 7.796569000000147 ], [ 2.449415000000101, 7.787914000000114 ], [ 2.455396000000121, 7.779254000000151 ], [ 2.459209000000101, 7.765717 ], [ 2.45897, 7.763553 ], [ 2.458132, 7.755968000000109 ], [ 2.458140000000128, 7.746761000000163 ], [ 2.455435000000136, 7.734844 ], [ 2.462503, 7.72456 ], [ 2.471739000000184, 7.717527 ], [ 2.49379000000016, 7.683861 ], [ 2.486549, 7.683656 ], [ 2.478792, 7.659144 ], [ 2.474389, 7.652072 ], [ 2.472175000000163, 7.645536000000106 ], [ 2.470069, 7.643713000000105 ], [ 2.467786000000103, 7.641736000000151 ], [ 2.462833000000103, 7.633576000000176 ], [ 2.46171, 7.62649 ], [ 2.466003, 7.607382 ], [ 2.46918600000015, 7.584462 ], [ 2.464146, 7.555575 ], [ 2.460307000000171, 7.552319 ], [ 2.453722000000141, 7.545801 ], [ 2.448230000000137, 7.539279 ], [ 2.442155000000184, 7.524032000000147 ], [ 2.436654000000146, 7.515327000000184 ], [ 2.421391, 7.495044 ], [ 2.421054, 7.492177 ], [ 2.419872000000169, 7.488718000000176 ], [ 2.419045000000153, 7.485402 ], [ 2.412983, 7.472881 ], [ 2.413505, 7.46688 ], [ 2.410191000000111, 7.458167000000117 ], [ 2.406886, 7.451635 ], [ 2.406871, 7.447903000000167 ], [ 2.389906, 7.456569 ], [ 2.369182, 7.462216000000126 ], [ 2.351172, 7.467903 ], [ 2.329745000000173, 7.483837 ], [ 2.308868000000132, 7.499235000000112 ], [ 2.297296000000131, 7.509898 ], [ 2.278665000000103, 7.520451000000151 ], [ 2.248119000000145, 7.528649 ], [ 2.232311, 7.532197000000167 ], [ 2.210445000000107, 7.541070000000161 ], [ 2.189792000000125, 7.541830000000118 ], [ 2.171005, 7.544742 ], [ 2.154356000000178, 7.549945 ], [ 2.145521000000144, 7.559021 ], [ 2.138048, 7.559929000000182 ], [ 2.134168000000159, 7.565498 ], [ 2.133618000000126, 7.574512000000141 ], [ 2.135193, 7.584592000000157 ], [ 2.131996000000186, 7.588298000000179 ], [ 2.124556, 7.587752000000137 ], [ 2.114454, 7.589853 ], [ 2.105938, 7.595670000000155 ], [ 2.103801, 7.600968 ], [ 2.088315, 7.634877000000131 ], [ 2.077132, 7.644399 ], [ 2.070732, 7.654462 ], [ 2.062743000000182, 7.661339000000112 ], [ 2.045704, 7.674029 ], [ 2.042939000000104, 7.678734000000134 ], [ 2.04248600000011, 7.680208000000107 ], [ 2.039824000000124, 7.688865000000135 ], [ 2.042998000000182, 7.695766 ], [ 2.044046, 7.702662 ], [ 2.04401300000012, 7.716981000000146 ], [ 2.046113000000162, 7.729183 ], [ 2.053524000000152, 7.743518 ], [ 2.055628000000183, 7.753599000000179 ], [ 2.055689, 7.754744 ], [ 2.05574600000017, 7.7558 ], [ 2.07391, 7.762483 ], [ 2.074251, 7.762689 ], [ 2.080212000000131, 7.768659000000127 ], [ 2.08116, 7.771379000000138 ], [ 2.07249800000011, 7.794264 ], [ 2.078928000000133, 7.815410000000156 ], [ 2.091685000000155, 7.857354000000157 ], [ 2.092116, 7.858769000000166 ], [ 2.106982000000187, 7.907637 ], [ 2.119526000000121, 7.948867 ], [ 2.14723400000014, 7.946206000000132 ], [ 2.154321000000152, 7.931055000000129 ], [ 2.15477900000019, 7.929561000000149 ], [ 2.158144000000107, 7.918605000000127 ], [ 2.16251, 7.905615000000182 ], [ 2.168508000000145, 7.891544000000181 ], [ 2.177223, 7.875311000000181 ], [ 2.188101000000188, 7.865581000000134 ], [ 2.194637, 7.853134 ], [ 2.201416000000165, 7.848321 ], [ 2.206532, 7.844690000000185 ], [ 2.20986, 7.842327 ], [ 2.224526, 7.840182 ], [ 2.235387, 7.840739 ], [ 2.252743, 7.857010000000116 ], [ 2.266293000000132, 7.877608000000123 ], [ 2.27585, 7.887482 ], [ 2.28256400000015, 7.894418000000144 ], [ 2.299703000000136, 7.905129000000102 ], [ 2.304273, 7.907986000000108 ], [ 2.321113, 7.907465000000116 ], [ 2.349351, 7.913456 ], [ 2.367538, 7.921872 ], [ 2.37106800000015, 7.922688000000107 ], [ 2.372704000000113, 7.917274000000134 ], [ 2.374348000000111, 7.904278 ], [ 2.372188, 7.892903 ], [ 2.37654300000014, 7.883701000000144 ], [ 2.380905, 7.868542000000161 ], [ 2.383628000000158, 7.862046 ], [ 2.385268000000167, 7.852299 ], [ 2.385715000000175, 7.849972 ], [ 2.387452, 7.840928000000133 ], [ 2.391262000000154, 7.833350000000166 ], [ 2.399418000000139, 7.82361 ], [ 2.405242000000101, 7.818119 ], [ 2.409747000000152, 7.813872 ], [ 2.424962000000164, 7.804139 ], [ 2.438545, 7.796569000000147 ] ] ] ] } },
{ "type": "Feature", "properties": { "fid": 34, "GID_2": "BEN.5.3_1", "GID_0": "BEN", "COUNTRY": "Benin", "GID_1": "BEN.5_1", "NAME_1": "Collines", "NL_NAME_1": "NA", "NAME_2": "Glazoué", "VARNAME_2": "NA", "NL_NAME_2": "NA", "TYPE_2": "Commune", "ENGTYPE_2": "Commune", "CC_2": "NA", "HASC_2": "BJ.CL.GL" }, "geometry": { "type": "MultiPolygon", "coordinates": [ [ [ [ 2.224526, 7.840182 ], [ 2.20986, 7.842327 ], [ 2.206532, 7.844690000000185 ], [ 2.201416000000165, 7.848321 ], [ 2.194637, 7.853134 ], [ 2.188101000000188, 7.865581000000134 ], [ 2.177223, 7.875311000000181 ], [ 2.168508000000145, 7.891544000000181 ], [ 2.16251, 7.905615000000182 ], [ 2.158144000000107, 7.918605000000127 ], [ 2.15477900000019, 7.929561000000149 ], [ 2.154321000000152, 7.931055000000129 ], [ 2.14723400000014, 7.946206000000132 ], [ 2.119526000000121, 7.948867 ], [ 2.119337000000144, 7.966271000000177 ], [ 2.11923000000013, 7.976172000000133 ], [ 2.119162, 7.982434 ], [ 2.117962, 8.092622 ], [ 2.117581000000143, 8.127572000000157 ], [ 2.111309, 8.147976000000142 ], [ 2.108295000000112, 8.157779000000119 ], [ 2.094617, 8.20226300000013 ], [ 2.089704, 8.213626 ], [ 2.088264, 8.223883 ], [ 2.0875, 8.229326 ], [ 2.089105000000188, 8.242867000000103 ], [ 2.089636, 8.249367 ], [ 2.090166, 8.256949000000134 ], [ 2.090685000000178, 8.26940500000012 ], [ 2.093399, 8.272119000000146 ], [ 2.09228800000011, 8.284572 ], [ 2.093329, 8.308942000000116 ], [ 2.096036, 8.314904 ], [ 2.096551, 8.330069 ], [ 2.099057, 8.339289000000122 ], [ 2.101410000000101, 8.347947 ], [ 2.10519, 8.362035000000105 ], [ 2.110605, 8.373959000000127 ], [ 2.112219, 8.383709000000181 ], [ 2.112196, 8.395623 ], [ 2.115431, 8.410791 ], [ 2.114873000000102, 8.418372 ], [ 2.11322500000017, 8.427033000000108 ], [ 2.115384, 8.435702000000106 ], [ 2.120248000000174, 8.451957 ], [ 2.122406, 8.461709 ], [ 2.124022, 8.469834000000162 ], [ 2.124013000000105, 8.474709000000132 ], [ 2.121472, 8.480736000000149 ], [ 2.129649000000143, 8.48456 ], [ 2.142195000000129, 8.487852 ], [ 2.150352, 8.500372 ], [ 2.147601000000122, 8.509061 ], [ 2.159604000000115, 8.511264 ], [ 2.161262000000136, 8.503116 ], [ 2.173811000000171, 8.505320000000154 ], [ 2.180369, 8.502074000000164 ], [ 2.185291, 8.49828100000019 ], [ 2.193470000000161, 8.502105 ], [ 2.200557000000174, 8.505926 ], [ 2.213668000000155, 8.504984 ], [ 2.223487, 8.5149550000001 ], [ 2.230021000000136, 8.511174 ], [ 2.238183000000106, 8.510103000000129 ], [ 2.246894, 8.505243000000178 ], [ 2.255606000000171, 8.499841000000117 ], [ 2.262145000000146, 8.492810000000134 ], [ 2.26922500000012, 8.486864 ], [ 2.273588000000132, 8.478747 ], [ 2.279571, 8.479298 ], [ 2.29046000000011, 8.472816 ], [ 2.297538, 8.467409 ], [ 2.304619000000116, 8.460920000000158 ], [ 2.308969000000161, 8.462009 ], [ 2.314955000000168, 8.459852 ], [ 2.322028000000103, 8.458237 ], [ 2.328021, 8.450663 ], [ 2.337827, 8.438762000000168 ], [ 2.339941, 8.429003 ], [ 2.341111000000183, 8.42360200000013 ], [ 2.341137, 8.403023 ], [ 2.335726000000136, 8.381895 ], [ 2.334112000000175, 8.368354000000124 ], [ 2.332505, 8.349939 ], [ 2.326017, 8.321769 ], [ 2.328756, 8.306609000000151 ], [ 2.333673, 8.287661000000185 ], [ 2.329887, 8.272492000000113 ], [ 2.328890000000115, 8.264461000000153 ], [ 2.339161000000161, 8.248134000000164 ], [ 2.344609000000105, 8.238393000000144 ], [ 2.347888000000125, 8.224857000000156 ], [ 2.350080000000162, 8.210779 ], [ 2.359879, 8.198335 ], [ 2.363693, 8.191299000000186 ], [ 2.366419, 8.184262 ], [ 2.369146, 8.176142 ], [ 2.363745000000108, 8.146891 ], [ 2.359944, 8.144178000000124 ], [ 2.352338, 8.142003000000102 ], [ 2.346903000000168, 8.141996 ], [ 2.343646000000149, 8.138743 ], [ 2.338225000000136, 8.127905000000169 ], [ 2.338229000000126, 8.124114000000191 ], [ 2.337148, 8.11978100000016 ], [ 2.337698, 8.113824 ], [ 2.339879, 8.108953 ], [ 2.343145000000106, 8.104082 ], [ 2.34858800000012, 8.097049 ], [ 2.351853000000119, 8.093262 ], [ 2.352337, 8.091821 ], [ 2.353489000000138, 8.088388 ], [ 2.356753, 8.085685 ], [ 2.36110200000013, 8.084065000000123 ], [ 2.36328, 8.080819000000133 ], [ 2.366545, 8.077031 ], [ 2.369810000000143, 8.072702 ], [ 2.371446000000162, 8.068372 ], [ 2.373082000000124, 8.062958 ], [ 2.373632000000157, 8.057002 ], [ 2.36983, 8.055914 ], [ 2.36386, 8.049408 ], [ 2.358977000000152, 8.042904 ], [ 2.356812000000104, 8.036403 ], [ 2.358990000000176, 8.032072 ], [ 2.366605000000163, 8.025582 ], [ 2.372039, 8.024506 ], [ 2.376392000000124, 8.019094 ], [ 2.375858000000164, 8.01097 ], [ 2.372601000000145, 8.008259 ], [ 2.367718, 8.002296000000172 ], [ 2.365547, 8.000127 ], [ 2.361752, 7.993082000000186 ], [ 2.363386000000105, 7.989835000000141 ], [ 2.366652000000158, 7.984423000000163 ], [ 2.367744, 7.979550000000188 ], [ 2.367748, 7.975759 ], [ 2.366125, 7.969800000000134 ], [ 2.367762000000141, 7.963844 ], [ 2.371568, 7.961141 ], [ 2.373551, 7.957854 ], [ 2.374833, 7.955729 ], [ 2.377013000000147, 7.949773 ], [ 2.375931000000151, 7.94544000000019 ], [ 2.368876000000114, 7.940016000000128 ], [ 2.366706, 7.936764000000153 ], [ 2.367538, 7.921872 ], [ 2.349351, 7.913456 ], [ 2.321113, 7.907465000000116 ], [ 2.304273, 7.907986000000108 ], [ 2.299703000000136, 7.905129000000102 ], [ 2.28256400000015, 7.894418000000144 ], [ 2.27585, 7.887482 ], [ 2.266293000000132, 7.877608000000123 ], [ 2.252743, 7.857010000000116 ], [ 2.235387, 7.840739 ], [ 2.224526, 7.840182 ] ] ] ] } },
{ "type": "Feature", "properties": { "fid": 35, "GID_2": "BEN.5.4_1", "GID_0": "BEN", "COUNTRY": "Benin", "GID_1": "BEN.5_1", "NAME_1": "Collines", "NL_NAME_1": "NA", "NAME_2": "Ouèssè", "VARNAME_2": "NA", "NL_NAME_2": "NA", "TYPE_2": "Commune", "ENGTYPE_2": "Commune", "CC_2": "NA", "HASC_2": "BJ.CL.OS" }, "geometry": { "type": "MultiPolygon", "coordinates": [ [ [ [ 2.749935987000185, 8.605078259999971 ], [ 2.749607610000112, 8.596361276000096 ], [ 2.749557720000041, 8.595036910000147 ], [ 2.749500508000096, 8.593518197000151 ], [ 2.7492330070001, 8.586417199000039 ], [ 2.749190092000163, 8.585208892000026 ], [ 2.749135880000154, 8.583818791000169 ], [ 2.749120952000169, 8.58343601200005 ], [ 2.749999045000038, 8.577942849000181 ], [ 2.75276494000002, 8.572747231 ], [ 2.753244719000179, 8.571845807000045 ], [ 2.758056717000102, 8.562804885 ], [ 2.758718967000164, 8.561560631000077 ], [ 2.757459969000081, 8.557346651000103 ], [ 2.75560256000017, 8.551129735000131 ], [ 2.754339934000143, 8.546903611000062 ], [ 2.751920532000156, 8.542282086000057 ], [ 2.749656917000152, 8.537958145000118 ], [ 2.749525071000107, 8.533142090000183 ], [ 2.749619960000018, 8.533060074000161 ], [ 2.752902504000019, 8.53024641900015 ], [ 2.753479182000149, 8.529752116000168 ], [ 2.754431963, 8.528935433000186 ], [ 2.761883975000046, 8.522548676000099 ], [ 2.761461173000043, 8.516868735000116 ], [ 2.761458042000072, 8.516826672000093 ], [ 2.76137823, 8.515754484000183 ], [ 2.761236907000125, 8.513855934000105 ], [ 2.760962317000178, 8.510167150000086 ], [ 2.760955326000044, 8.510073232000138 ], [ 2.760926962000156, 8.509692193000149 ], [ 2.760963440000182, 8.50951708600013 ], [ 2.761836052000035, 8.505328179 ], [ 2.76092985400004, 8.504356890000054 ], [ 2.75880378700009, 8.502078106000113 ], [ 2.755838480000136, 8.498899800000061 ], [ 2.750730037000153, 8.493424415999982 ], [ 2.750559244000158, 8.492526647000034 ], [ 2.750030994000099, 8.489749909000182 ], [ 2.756928920000121, 8.48261642500006 ], [ 2.754306649000114, 8.479334475000087 ], [ 2.749059916000078, 8.472767831000169 ], [ 2.744187116000148, 8.461992263000127 ], [ 2.742543936000061, 8.454030990000035 ], [ 2.741440057000091, 8.448693275000039 ], [ 2.740680934000125, 8.445014954000101 ], [ 2.735664895000127, 8.43747137500003 ], [ 2.734524893000128, 8.436570507000113 ], [ 2.734466000000111, 8.436395 ], [ 2.734522989000141, 8.436126500000057 ], [ 2.733027534000144, 8.435387243000093 ], [ 2.72611594100016, 8.431970597000031 ], [ 2.725083772000119, 8.431932921999987 ], [ 2.724522114000024, 8.431912421 ], [ 2.714587926000149, 8.431543351000187 ], [ 2.712057851000168, 8.427851407999981 ], [ 2.710873390000131, 8.426123015000087 ], [ 2.707276498000056, 8.420874346 ], [ 2.706913949000125, 8.420345306000115 ], [ 2.711268903000075, 8.405537605000177 ], [ 2.711378445000037, 8.404827680000153 ], [ 2.712811948000081, 8.395537376000107 ], [ 2.714009046, 8.387241363000157 ], [ 2.713282226000103, 8.384841909000045 ], [ 2.709976175, 8.373927637000065 ], [ 2.709078342000112, 8.370963621000158 ], [ 2.708659888000113, 8.369582176000165 ], [ 2.704566002000149, 8.365287782000109 ], [ 2.697354148999977, 8.357537525000055 ], [ 2.697093009000071, 8.357256889999974 ], [ 2.697085374000039, 8.357084038999972 ], [ 2.696980953000036, 8.354720116000067 ], [ 2.696726421000108, 8.348967884 ], [ 2.696443081000098, 8.342564580999976 ], [ 2.696310997000182, 8.339531900000168 ], [ 2.696238041000186, 8.337869644000136 ], [ 2.696058319999963, 8.333810639000092 ], [ 2.695657014000176, 8.324747087000162 ], [ 2.69573739000009, 8.32418 ], [ 2.696939630000088, 8.315697701000147 ], [ 2.697025061000147, 8.315094946999977 ], [ 2.698168994000184, 8.307184219000021 ], [ 2.699366176000126, 8.304315915000018 ], [ 2.697351, 8.307272000000125 ], [ 2.692304, 8.313964000000112 ], [ 2.690519000000165, 8.317083 ], [ 2.691318, 8.319244 ], [ 2.691525, 8.322029999000051 ], [ 2.693892000000176, 8.327156999000067 ], [ 2.684729000000175, 8.329885999000055 ], [ 2.679995000000133, 8.331822000000102 ], [ 2.671838, 8.332902000000161 ], [ 2.664222000000166, 8.33831499900009 ], [ 2.658243, 8.333437999000182 ], [ 2.652261000000124, 8.335600999000064 ], [ 2.649543000000108, 8.332350000000133 ], [ 2.644649000000186, 8.331806 ], [ 2.638124000000175, 8.332886 ], [ 2.631053, 8.334506999000155 ], [ 2.619633, 8.336667 ], [ 2.613653000000113, 8.334497000000113 ], [ 2.604953, 8.332867999000086 ], [ 2.600604, 8.33124 ], [ 2.594079, 8.331235999000057 ], [ 2.58375, 8.327438000000143 ], [ 2.574508, 8.324183000000119 ], [ 2.564723000000129, 8.320385000000101 ], [ 2.556567999000094, 8.318213000000128 ], [ 2.549197000000163, 8.314534 ], [ 2.548374, 8.314124 ], [ 2.546784000000173, 8.313330999000073 ], [ 2.541349, 8.311161 ], [ 2.536585, 8.309048000000132 ], [ 2.529387, 8.31061 ], [ 2.526668, 8.310066000000177 ], [ 2.518513, 8.308976 ], [ 2.511445, 8.308429000000103 ], [ 2.502745, 8.308963 ], [ 2.494592000000125, 8.305706 ], [ 2.4946, 8.296499000000154 ], [ 2.496239000000116, 8.287836 ], [ 2.496247, 8.278629 ], [ 2.494082000000162, 8.267796 ], [ 2.495721, 8.258048000000144 ], [ 2.496273, 8.24830100000014 ], [ 2.497369, 8.239095000000134 ], [ 2.494661000000121, 8.227178000000151 ], [ 2.490867, 8.214177 ], [ 2.493588000000159, 8.210930000000133 ], [ 2.495766, 8.20714 ], [ 2.496315, 8.20064200000013 ], [ 2.495235, 8.191976 ], [ 2.495485, 8.190735 ], [ 2.496873000000164, 8.183853000000113 ], [ 2.497425, 8.173564 ], [ 2.495801000000142, 8.165980000000104 ], [ 2.491458000000137, 8.160019 ], [ 2.484941, 8.154057 ], [ 2.474622000000124, 8.144840000000158 ], [ 2.468643000000156, 8.145918 ], [ 2.463212, 8.141039 ], [ 2.456691000000149, 8.139949000000115 ], [ 2.44908, 8.142650000000174 ], [ 2.444732000000101, 8.142103000000191 ], [ 2.43821, 8.142098000000146 ], [ 2.432776000000104, 8.141551000000163 ], [ 2.425169, 8.139918 ], [ 2.421368000000143, 8.136124 ], [ 2.416478, 8.135035000000187 ], [ 2.407241000000113, 8.132858000000169 ], [ 2.399633000000165, 8.131767000000139 ], [ 2.394197, 8.133386000000144 ], [ 2.38713, 8.134461000000101 ], [ 2.382236, 8.136622 ], [ 2.37734300000011, 8.138242000000105 ], [ 2.374624, 8.139321 ], [ 2.367010000000107, 8.143645 ], [ 2.363745000000108, 8.146891 ], [ 2.369146, 8.176142 ], [ 2.366419, 8.184262 ], [ 2.363693, 8.191299000000186 ], [ 2.359879, 8.198335 ], [ 2.350080000000162, 8.210779 ], [ 2.347888000000125, 8.224857000000156 ], [ 2.344609000000105, 8.238393000000144 ], [ 2.339161000000161, 8.248134000000164 ], [ 2.328890000000115, 8.264461000000153 ], [ 2.329887, 8.272492000000113 ], [ 2.333673, 8.287661000000185 ], [ 2.328756, 8.306609000000151 ], [ 2.326017, 8.321769 ], [ 2.332505, 8.349939 ], [ 2.334112000000175, 8.368354000000124 ], [ 2.335726000000136, 8.381895 ], [ 2.341137, 8.403023 ], [ 2.341111000000183, 8.42360200000013 ], [ 2.339941, 8.429003 ], [ 2.337827, 8.438762000000168 ], [ 2.328021, 8.450663 ], [ 2.322028000000103, 8.458237 ], [ 2.314955000000168, 8.459852 ], [ 2.308969000000161, 8.462009 ], [ 2.304619000000116, 8.460920000000158 ], [ 2.297538, 8.467409 ], [ 2.29046000000011, 8.472816 ], [ 2.279571, 8.479298 ], [ 2.273588000000132, 8.478747 ], [ 2.26922500000012, 8.486864 ], [ 2.262145000000146, 8.492810000000134 ], [ 2.255606000000171, 8.499841000000117 ], [ 2.246894, 8.505243000000178 ], [ 2.238183000000106, 8.510103000000129 ], [ 2.230021000000136, 8.511174 ], [ 2.223487, 8.5149550000001 ], [ 2.213668000000155, 8.504984 ], [ 2.207090000000164, 8.513006000000132 ], [ 2.203791, 8.523325 ], [ 2.203199, 8.543432000000166 ], [ 2.217837000000145, 8.587487 ], [ 2.217258000000186, 8.601616 ], [ 2.21505, 8.611937000000125 ], [ 2.217978, 8.62619 ], [ 2.218289, 8.627705 ], [ 2.222625000000164, 8.641846000000157 ], [ 2.218762, 8.659227000000101 ], [ 2.209434000000101, 8.678227000000106 ], [ 2.203938000000107, 8.692888 ], [ 2.204999000000157, 8.706477 ], [ 2.206576, 8.732024 ], [ 2.204375, 8.739084 ], [ 2.192316, 8.756446 ], [ 2.188683, 8.767518 ], [ 2.194444, 8.766428 ], [ 2.20748, 8.767353 ], [ 2.210005000000137, 8.76739700000013 ], [ 2.214488000000131, 8.767893000000129 ], [ 2.224729, 8.768073000000129 ], [ 2.232156, 8.768759 ], [ 2.253355000000113, 8.768297000000189 ], [ 2.260232000000144, 8.768279000000121 ], [ 2.266528, 8.769363000000112 ], [ 2.269189000000154, 8.769688 ], [ 2.283935, 8.769113 ], [ 2.313958000000127, 8.76964 ], [ 2.327993000000163, 8.769608000000119 ], [ 2.343171, 8.768346000000179 ], [ 2.350557000000151, 8.768369000000121 ], [ 2.35285400000015, 8.768377 ], [ 2.364931, 8.767894 ], [ 2.374890000000164, 8.768208000000129 ], [ 2.385127, 8.768666000000167 ], [ 2.398883000000126, 8.768490000000156 ], [ 2.403789000000131, 8.768854 ], [ 2.406170000000145, 8.768895999000108 ], [ 2.414592, 8.769044000000179 ], [ 2.41996900100014, 8.769491 ], [ 2.428346, 8.770188000000132 ], [ 2.431549000000189, 8.770454000000143 ], [ 2.451887, 8.771090000000186 ], [ 2.497942, 8.769674 ], [ 2.51587000000012, 8.768635 ], [ 2.530413, 8.767792000000156 ], [ 2.533561000000134, 8.767658 ], [ 2.538465, 8.767744000000107 ], [ 2.543778000000145, 8.767838 ], [ 2.545787, 8.767873000000122 ], [ 2.547091, 8.76786 ], [ 2.552626, 8.767807000000118 ], [ 2.567727000000161, 8.767563 ], [ 2.576761000000147, 8.767933 ], [ 2.579647, 8.768051 ], [ 2.590011, 8.768232999000134 ], [ 2.601534000000129, 8.768435 ], [ 2.617259, 8.768016 ], [ 2.640534001000162, 8.769259 ], [ 2.648535, 8.769122 ], [ 2.671582, 8.767302 ], [ 2.683236, 8.766950000000122 ], [ 2.696583, 8.766073 ], [ 2.702483, 8.765759000000173 ], [ 2.710066, 8.765475 ], [ 2.717785000000163, 8.765472 ], [ 2.730783, 8.764587999000184 ], [ 2.730222093000066, 8.767647458000113 ], [ 2.731950460000178, 8.762852534 ], [ 2.733891963000133, 8.757466316000034 ], [ 2.74114608800005, 8.74784755800016 ], [ 2.744083881, 8.743954658000121 ], [ 2.746088027000098, 8.735203742000124 ], [ 2.745713592000129, 8.72762477200007 ], [ 2.745177984000065, 8.716783525000039 ], [ 2.745305095000163, 8.715901529000064 ], [ 2.745392087000084, 8.715297910000118 ], [ 2.74585947200012, 8.712054825000109 ], [ 2.746179104000078, 8.709836959000086 ], [ 2.748452903000043, 8.704753876000098 ], [ 2.749368473000118, 8.702599667000129 ], [ 2.749869109000144, 8.701421738000079 ], [ 2.750379086000123, 8.700288772000135 ], [ 2.746309042000178, 8.691802025000015 ], [ 2.744100094000032, 8.687225341999977 ], [ 2.744060992000186, 8.687092781000104 ], [ 2.742790023000055, 8.682797583000024 ], [ 2.742643508000128, 8.682302443000083 ], [ 2.741369963000182, 8.677998543000115 ], [ 2.742115386000137, 8.676236815000038 ], [ 2.7433820440001, 8.673243205000119 ], [ 2.744639850999988, 8.670270513 ], [ 2.746179104000078, 8.666632652000033 ], [ 2.739423037000051, 8.660825730000056 ], [ 2.73831095200012, 8.657263743000101 ], [ 2.738136347000136, 8.656704487000013 ], [ 2.737565995000011, 8.65487766200016 ], [ 2.738910913000097, 8.650717736000047 ], [ 2.738955975000124, 8.650581360000103 ], [ 2.741513013000088, 8.649147987999982 ], [ 2.746536971000126, 8.646109581000019 ], [ 2.747889556000018, 8.643029132000152 ], [ 2.749059916000078, 8.640363694000087 ], [ 2.749521972000082, 8.633595467000077 ], [ 2.749886433000142, 8.628254331000107 ], [ 2.750087022000116, 8.625314714000126 ], [ 2.750166683000089, 8.619820336000089 ], [ 2.750175942000055, 8.619181709000088 ], [ 2.750191927, 8.618079185 ], [ 2.750181835999967, 8.617344309000146 ], [ 2.750137083000084, 8.614085277000129 ], [ 2.75012588400017, 8.613269807000165 ], [ 2.750057936000019, 8.608315467000068 ], [ 2.749988272000166, 8.60646617000009 ], [ 2.749935988000061, 8.605078259999971 ], [ 2.739853000000153, 8.608102 ], [ 2.749935987000185, 8.605078259999971 ] ] ], [ [ [ 2.715214, 8.251828000000103 ], [ 2.712004, 8.256772 ], [ 2.710917000000165, 8.261369000000116 ], [ 2.710073000000136, 8.265971 ], [ 2.709491000000128, 8.269851 ], [ 2.709517000000119, 8.27885299899998 ], [ 2.707883005000042, 8.284009522000076 ], [ 2.71118307100005, 8.276156425000181 ], [ 2.714596987000107, 8.260539056000027 ], [ 2.718496084000037, 8.253644942000165 ], [ 2.719520561000138, 8.252761714000087 ], [ 2.726775885000052, 8.246506691000093 ], [ 2.726927042000057, 8.246260644000074 ], [ 2.728205919000061, 8.244197845000031 ], [ 2.729850584000189, 8.241543727000135 ], [ 2.73206901500015, 8.237963678000142 ], [ 2.733790846000034, 8.235187789000065 ], [ 2.728263, 8.239469000000156 ], [ 2.720943000000148, 8.246440999000129 ], [ 2.715214, 8.251828000000103 ] ] ], [ [ [ 2.735664894000024, 8.437471373000051 ], [ 2.734891892000178, 8.436308862000033 ], [ 2.734522990000073, 8.436126500000057 ], [ 2.734466001000044, 8.436395 ], [ 2.734524894, 8.436570507000113 ], [ 2.735664894000024, 8.437471373000051 ] ] ], [ [ [ 2.729597168000168, 8.783342469000104 ], [ 2.729763, 8.782983000000115 ], [ 2.73002700100011, 8.782598 ], [ 2.730533001000026, 8.782222 ], [ 2.730966, 8.781908000000158 ], [ 2.731436, 8.781581 ], [ 2.731991000000164, 8.781422 ], [ 2.73263500000013, 8.781239 ], [ 2.732707582000103, 8.781185286000039 ], [ 2.731833935000054, 8.78012466500013 ], [ 2.730253936000167, 8.778205871000182 ], [ 2.73019504500013, 8.778027535000149 ], [ 2.729118653000114, 8.774799799000107 ], [ 2.72855, 8.781253000000163 ], [ 2.729597168000168, 8.783342469000104 ] ] ] ] } },
{ "type": "Feature", "properties": { "fid": 36, "GID_2": "BEN.5.5_1", "GID_0": "BEN", "COUNTRY": "Benin", "GID_1": "BEN.5_1", "NAME_1": "Collines", "NL_NAME_1": "NA", "NAME_2": "Savalou", "VARNAME_2": "NA", "NL_NAME_2": "NA", "TYPE_2": "Commune", "ENGTYPE_2": "Commune", "CC_2": "NA", "HASC_2": "BJ.CL.SL" }, "geometry": { "type": "MultiPolygon", "coordinates": [ [ [ [ 2.045704, 7.674029 ], [ 2.062743000000182, 7.661339000000112 ], [ 2.070732, 7.654462 ], [ 2.077132, 7.644399 ], [ 2.088315, 7.634877000000131 ], [ 2.103801, 7.600968 ], [ 2.105938, 7.595670000000155 ], [ 2.114454, 7.589853 ], [ 2.124556, 7.587752000000137 ], [ 2.131996000000186, 7.588298000000179 ], [ 2.135193, 7.584592000000157 ], [ 2.133618000000126, 7.574512000000141 ], [ 2.134168000000159, 7.565498 ], [ 2.138048, 7.559929000000182 ], [ 2.129738, 7.560939 ], [ 2.109170000000177, 7.556276 ], [ 2.087379, 7.560266000000183 ], [ 2.055873, 7.560304000000144 ], [ 2.029579000000126, 7.573975 ], [ 2.002197, 7.587343 ], [ 2.000560000000178, 7.588142 ], [ 1.991072, 7.603708000000154 ], [ 1.978316000000177, 7.619761 ], [ 1.956370000000163, 7.632956 ], [ 1.951172, 7.635147000000131 ], [ 1.932847, 7.642871 ], [ 1.90456, 7.645119 ], [ 1.883876, 7.647489 ], [ 1.863673000000119, 7.653661 ], [ 1.850629, 7.653987 ], [ 1.823182, 7.638357000000155 ], [ 1.746945, 7.636778 ], [ 1.696316, 7.635722000000101 ], [ 1.640316444000064, 7.634546236000119 ], [ 1.637410947000092, 7.640425180000022 ], [ 1.636938001000033, 7.641381999000032 ], [ 1.633066992000067, 7.655498459000114 ], [ 1.632758789999968, 7.656622384000116 ], [ 1.631475, 7.661304 ], [ 1.63115400099997, 7.675763999000026 ], [ 1.630903000000103, 7.67660599900006 ], [ 1.632158, 7.711124000000154 ], [ 1.632785001000116, 7.731835001000036 ], [ 1.635924001000149, 7.796478999000101 ], [ 1.635433676147058, 7.807259115770525 ], [ 1.635433675000058, 7.80725911900015 ], [ 1.635296000000153, 7.81028600000019 ], [ 1.629647001000023, 7.826603999000042 ], [ 1.630364251, 7.836405532000015 ], [ 1.631530000000112, 7.852336000999969 ], [ 1.631666566000035, 7.859706 ], [ 1.632158, 7.886226998999973 ], [ 1.634040999000149, 7.896896 ], [ 1.634040999000149, 7.901010254000028 ], [ 1.634040999000149, 7.901349364000055 ], [ 1.634040999000149, 7.903171999000108 ], [ 1.632933447000141, 7.914986167000109 ], [ 1.632886866000092, 7.915483038000104 ], [ 1.632716999000024, 7.917295001000184 ], [ 1.633639000000187, 7.917369000000178 ], [ 1.634040999000149, 7.920984000000146 ], [ 1.634844, 7.956129999000154 ], [ 1.634978549000095, 7.960076840000113 ], [ 1.635978072000057, 7.989396394000039 ], [ 1.636049, 7.991477001000021 ], [ 1.636049212000103, 7.991489560000048 ], [ 1.636051377, 7.991617259000066 ], [ 1.637499218000187, 8.077034857000115 ], [ 1.63946844000003, 8.193212167000127 ], [ 1.63964513600007, 8.203636641 ], [ 1.648698, 8.203079000000173 ], [ 1.652077, 8.20244300000013 ], [ 1.664999, 8.201836000000185 ], [ 1.666316000000108, 8.198661000000186 ], [ 1.666786, 8.19575 ], [ 1.668685000000153, 8.183131 ], [ 1.674329000000171, 8.173081 ], [ 1.679667, 8.172757 ], [ 1.682742, 8.173507000000143 ], [ 1.684868000000108, 8.172293 ], [ 1.689243, 8.17084 ], [ 1.691918000000101, 8.170331 ], [ 1.701643, 8.171336 ], [ 1.703258000000119, 8.171560000000113 ], [ 1.706637, 8.17203000000012 ], [ 1.710402, 8.172741000000144 ], [ 1.715885000000185, 8.172142000000179 ], [ 1.720265, 8.170412 ], [ 1.725075000000118, 8.168133 ], [ 1.728048, 8.166656000000103 ], [ 1.733017000000189, 8.163267000000189 ], [ 1.736588, 8.159576000000129 ], [ 1.742101, 8.148967 ], [ 1.743870000000186, 8.143993 ], [ 1.745199000000184, 8.140124 ], [ 1.745847, 8.134991 ], [ 1.746349000000123, 8.130273000000159 ], [ 1.746826000000169, 8.126944 ], [ 1.749665, 8.125048 ], [ 1.752069000000176, 8.123978000000136 ], [ 1.755722000000105, 8.123764 ], [ 1.761053000000118, 8.123858000000155 ], [ 1.766101000000162, 8.124085 ], [ 1.770577000000173, 8.124998000000119 ], [ 1.782913000000121, 8.125771000000157 ], [ 1.785027, 8.125252 ], [ 1.791145, 8.123291000000108 ], [ 1.791887000000145, 8.118004 ], [ 1.79193400000014, 8.115224 ], [ 1.792431, 8.110784 ], [ 1.792775, 8.107036 ], [ 1.793112, 8.103705000000161 ], [ 1.795763, 8.096383 ], [ 1.797510000000159, 8.09266 ], [ 1.800563000000182, 8.086457000000166 ], [ 1.803214000000139, 8.082286 ], [ 1.805758000000139, 8.078067 ], [ 1.808064000000172, 8.074493 ], [ 1.810639, 8.071618 ], [ 1.812496, 8.069705 ], [ 1.815192, 8.067944000000125 ], [ 1.818159000000151, 8.066745 ], [ 1.82014, 8.065807 ], [ 1.822303, 8.064968000000135 ], [ 1.825348, 8.06492500000013 ], [ 1.840628000000152, 8.065889 ], [ 1.856311000000119, 8.067972000000168 ], [ 1.875812000000167, 8.068314 ], [ 1.885081, 8.067921000000183 ], [ 1.892105000000186, 8.067488 ], [ 1.899546000000157, 8.06734100000017 ], [ 1.906830000000127, 8.068164 ], [ 1.913250000000176, 8.070223 ], [ 1.920403000000135, 8.070488000000125 ], [ 1.923211000000151, 8.070398000000125 ], [ 1.930091, 8.070241000000124 ], [ 1.946672, 8.06900300000018 ], [ 1.957372, 8.066966 ], [ 1.960751, 8.06633 ], [ 1.963559, 8.066241000000105 ], [ 1.967637000000138, 8.065756000000135 ], [ 1.976326, 8.066465000000164 ], [ 1.978034, 8.066578000000106 ], [ 1.982074, 8.066844 ], [ 1.987831, 8.066667000000166 ], [ 1.993029, 8.066341 ], [ 1.99891700000012, 8.066723 ], [ 2.010530000000131, 8.06873400000012 ], [ 2.015149, 8.06951 ], [ 2.019624000000135, 8.070423 ], [ 2.025469, 8.073306 ], [ 2.046973, 8.079663 ], [ 2.053812000000164, 8.0818680000001 ], [ 2.059795000000122, 8.084893 ], [ 2.065648000000181, 8.087359 ], [ 2.0741230000001, 8.092374000000177 ], [ 2.077831000000117, 8.097166000000186 ], [ 2.080466, 8.09902000000011 ], [ 2.083945, 8.10075 ], [ 2.089762000000178, 8.105301 ], [ 2.095992, 8.110276000000113 ], [ 2.10071100000016, 8.113418 ], [ 2.105062, 8.11556400000012 ], [ 2.110178, 8.117894000000149 ], [ 2.113502000000153, 8.120455000000106 ], [ 2.117581000000143, 8.127572000000157 ], [ 2.117962, 8.092622 ], [ 2.119162, 7.982434 ], [ 2.11923000000013, 7.976172000000133 ], [ 2.119337000000144, 7.966271000000177 ], [ 2.119526000000121, 7.948867 ], [ 2.106982000000187, 7.907637 ], [ 2.092116, 7.858769000000166 ], [ 2.091685000000155, 7.857354000000157 ], [ 2.078928000000133, 7.815410000000156 ], [ 2.07249800000011, 7.794264 ], [ 2.08116, 7.771379000000138 ], [ 2.080212000000131, 7.768659000000127 ], [ 2.074251, 7.762689 ], [ 2.07391, 7.762483 ], [ 2.05574600000017, 7.7558 ], [ 2.055689, 7.754744 ], [ 2.055628000000183, 7.753599000000179 ], [ 2.053524000000152, 7.743518 ], [ 2.046113000000162, 7.729183 ], [ 2.04401300000012, 7.716981000000146 ], [ 2.044046, 7.702662 ], [ 2.042998000000182, 7.695766 ], [ 2.039824000000124, 7.688865000000135 ], [ 2.04248600000011, 7.680208000000107 ], [ 2.042939000000104, 7.678734000000134 ], [ 2.045704, 7.674029 ] ] ] ] } },
{ "type": "Feature", "properties": { "fid": 37, "GID_2": "BEN.5.6_1", "GID_0": "BEN", "COUNTRY": "Benin", "GID_1": "BEN.5_1", "NAME_1": "Collines", "NL_NAME_1": "NA", "NAME_2": "Savè", "VARNAME_2": "NA", "NL_NAME_2": "NA", "TYPE_2": "Commune", "ENGTYPE_2": "Commune", "CC_2": "NA", "HASC_2": "BJ.CL.SE" }, "geometry": { "type": "MultiPolygon", "coordinates": [ [ [ [ 2.459209000000101, 7.765717 ], [ 2.455396000000121, 7.779254000000151 ], [ 2.449415000000101, 7.787914000000114 ], [ 2.438545, 7.796569000000147 ], [ 2.424962000000164, 7.804139 ], [ 2.409747000000152, 7.813872 ], [ 2.405242000000101, 7.818119 ], [ 2.399418000000139, 7.82361 ], [ 2.391262000000154, 7.833350000000166 ], [ 2.387452, 7.840928000000133 ], [ 2.385715000000175, 7.849972 ], [ 2.385268000000167, 7.852299 ], [ 2.383628000000158, 7.862046 ], [ 2.380905, 7.868542000000161 ], [ 2.37654300000014, 7.883701000000144 ], [ 2.372188, 7.892903 ], [ 2.374348000000111, 7.904278 ], [ 2.372704000000113, 7.917274000000134 ], [ 2.37106800000015, 7.922688000000107 ], [ 2.367538, 7.921872 ], [ 2.366706, 7.936764000000153 ], [ 2.368876000000114, 7.940016000000128 ], [ 2.375931000000151, 7.94544000000019 ], [ 2.377013000000147, 7.949773 ], [ 2.374833, 7.955729 ], [ 2.373551, 7.957854 ], [ 2.371568, 7.961141 ], [ 2.367762000000141, 7.963844 ], [ 2.366125, 7.969800000000134 ], [ 2.367748, 7.975759 ], [ 2.367744, 7.979550000000188 ], [ 2.366652000000158, 7.984423000000163 ], [ 2.363386000000105, 7.989835000000141 ], [ 2.361752, 7.993082000000186 ], [ 2.365547, 8.000127 ], [ 2.367718, 8.002296000000172 ], [ 2.372601000000145, 8.008259 ], [ 2.375858000000164, 8.01097 ], [ 2.376392000000124, 8.019094 ], [ 2.372039, 8.024506 ], [ 2.366605000000163, 8.025582 ], [ 2.358990000000176, 8.032072 ], [ 2.356812000000104, 8.036403 ], [ 2.358977000000152, 8.042904 ], [ 2.36386, 8.049408 ], [ 2.36983, 8.055914 ], [ 2.373632000000157, 8.057002 ], [ 2.373082000000124, 8.062958 ], [ 2.371446000000162, 8.068372 ], [ 2.369810000000143, 8.072702 ], [ 2.366545, 8.077031 ], [ 2.36328, 8.080819000000133 ], [ 2.36110200000013, 8.084065000000123 ], [ 2.356753, 8.085685 ], [ 2.353489000000138, 8.088388 ], [ 2.352337, 8.091821 ], [ 2.351853000000119, 8.093262 ], [ 2.34858800000012, 8.097049 ], [ 2.343145000000106, 8.104082 ], [ 2.339879, 8.108953 ], [ 2.337698, 8.113824 ], [ 2.337148, 8.11978100000016 ], [ 2.338229000000126, 8.124114000000191 ], [ 2.338225000000136, 8.127905000000169 ], [ 2.343646000000149, 8.138743 ], [ 2.346903000000168, 8.141996 ], [ 2.352338, 8.142003000000102 ], [ 2.359944, 8.144178000000124 ], [ 2.363745000000108, 8.146891 ], [ 2.367010000000107, 8.143645 ], [ 2.374624, 8.139321 ], [ 2.37734300000011, 8.138242000000105 ], [ 2.382236, 8.136622 ], [ 2.38713, 8.134461000000101 ], [ 2.394197, 8.133386000000144 ], [ 2.399633000000165, 8.131767000000139 ], [ 2.407241000000113, 8.132858000000169 ], [ 2.416478, 8.135035000000187 ], [ 2.421368000000143, 8.136124 ], [ 2.425169, 8.139918 ], [ 2.432776000000104, 8.141551000000163 ], [ 2.43821, 8.142098000000146 ], [ 2.444732000000101, 8.142103000000191 ], [ 2.44908, 8.142650000000174 ], [ 2.456691000000149, 8.139949000000115 ], [ 2.463212, 8.141039 ], [ 2.468643000000156, 8.145918 ], [ 2.474622000000124, 8.144840000000158 ], [ 2.484941, 8.154057 ], [ 2.491458000000137, 8.160019 ], [ 2.495801000000142, 8.165980000000104 ], [ 2.497425, 8.173564 ], [ 2.496873000000164, 8.183853000000113 ], [ 2.495485, 8.190735 ], [ 2.495234999000104, 8.191976 ], [ 2.496315, 8.20064200000013 ], [ 2.495765999000184, 8.20714 ], [ 2.493588000000159, 8.210930000000133 ], [ 2.490866999000161, 8.214177 ], [ 2.494661000000121, 8.227178000000151 ], [ 2.497369, 8.239095000000134 ], [ 2.496272998999984, 8.24830100000014 ], [ 2.495721, 8.258048000000144 ], [ 2.494082000000162, 8.267796 ], [ 2.496247, 8.278629 ], [ 2.496239000000116, 8.287836 ], [ 2.4946, 8.296499000000154 ], [ 2.494591999000022, 8.305705999000111 ], [ 2.502744999000129, 8.30896299900013 ], [ 2.511444999000162, 8.308429000000103 ], [ 2.518513, 8.308976 ], [ 2.526668, 8.310066000000177 ], [ 2.529386999, 8.31061 ], [ 2.536584999000127, 8.309048000000132 ], [ 2.541349, 8.311161 ], [ 2.54678399900007, 8.313330999000073 ], [ 2.548374, 8.314124 ], [ 2.54919699900006, 8.314534 ], [ 2.556567999000094, 8.318213000000128 ], [ 2.564722999000026, 8.320385000000101 ], [ 2.574508, 8.324183000000119 ], [ 2.58375, 8.327438000000143 ], [ 2.594079, 8.33123600000016 ], [ 2.600603998999986, 8.33124 ], [ 2.604952999000147, 8.33286800000019 ], [ 2.61365299900018, 8.334497000000113 ], [ 2.619633, 8.336667 ], [ 2.631053, 8.334507 ], [ 2.638123999000072, 8.332886 ], [ 2.644649000000186, 8.331806 ], [ 2.649543000000108, 8.332350000000133 ], [ 2.652261000000124, 8.335600999000064 ], [ 2.658243, 8.333437999000182 ], [ 2.664221999000063, 8.338315 ], [ 2.671838, 8.332902000000161 ], [ 2.679994999000087, 8.331822000000102 ], [ 2.684729000000175, 8.329886000000158 ], [ 2.693892000000176, 8.327156999000067 ], [ 2.691524999000137, 8.322030000000154 ], [ 2.691318, 8.319244 ], [ 2.690519000000165, 8.317083 ], [ 2.692303999000103, 8.313964000000112 ], [ 2.697350999000093, 8.307272000000125 ], [ 2.699366176000126, 8.304315915000018 ], [ 2.701778888000092, 8.298535346000051 ], [ 2.704425097000126, 8.292238235000127 ], [ 2.707883005000042, 8.284009522000076 ], [ 2.709517000000119, 8.27885299899998 ], [ 2.709491000000128, 8.269851 ], [ 2.710073000000136, 8.265971 ], [ 2.710917000000165, 8.261369000000116 ], [ 2.712004, 8.256772 ], [ 2.715213999000184, 8.251828000000103 ], [ 2.720943000000148, 8.246440999000129 ], [ 2.728262999000151, 8.239469000000156 ], [ 2.733790846000034, 8.235187789000065 ], [ 2.734591960000046, 8.233896255000104 ], [ 2.735424041999977, 8.232556343999988 ], [ 2.73736095300012, 8.229429245000176 ], [ 2.740293979000171, 8.224699974000146 ], [ 2.748476029000187, 8.216766357000154 ], [ 2.749400193000042, 8.215870279000058 ], [ 2.753747146000137, 8.211655431000054 ], [ 2.754101038000101, 8.211312294000152 ], [ 2.75310993100004, 8.210001944999988 ], [ 2.751327038000056, 8.207647325000039 ], [ 2.750972435000108, 8.205563892000043 ], [ 2.750167660000045, 8.200835520000169 ], [ 2.750155924000182, 8.200766565000038 ], [ 2.750243703000024, 8.199706104000143 ], [ 2.750244581000118, 8.199695490000181 ], [ 2.751049042000147, 8.189976692000187 ], [ 2.750931155999979, 8.188935413000081 ], [ 2.750834941000107, 8.188085556000033 ], [ 2.749379634000036, 8.175124544000028 ], [ 2.749138261000041, 8.172974861000057 ], [ 2.748949150000158, 8.171290637000141 ], [ 2.748919849000117, 8.171029682000153 ], [ 2.748214007000172, 8.164743424000108 ], [ 2.744043111, 8.156034469000133 ], [ 2.743345643000055, 8.155235447000109 ], [ 2.737225877000128, 8.148224626000058 ], [ 2.73664999000016, 8.147564889000137 ], [ 2.732249021000086, 8.138855934000105 ], [ 2.731046511000102, 8.133415934000141 ], [ 2.729917049000051, 8.128306389000045 ], [ 2.73001207100009, 8.127890991000129 ], [ 2.730419570000151, 8.126109563 ], [ 2.732539892000091, 8.116840362 ], [ 2.731393950000154, 8.109982507000041 ], [ 2.73054409100007, 8.104896545000031 ], [ 2.725139951000074, 8.092649481000137 ], [ 2.723457000000167, 8.095731999000122 ], [ 2.725139951000074, 8.092649480000034 ], [ 2.724982976000092, 8.09229373800008 ], [ 2.724041939000131, 8.084952355000098 ], [ 2.726608430000113, 8.077563882000106 ], [ 2.727728440000078, 8.074339569000074 ], [ 2.728572765000024, 8.071908905000043 ], [ 2.729068995000091, 8.070480347000114 ], [ 2.728830099, 8.066810607999969 ], [ 2.727872821000062, 8.065821903000142 ], [ 2.723289014000102, 8.06108760900014 ], [ 2.720731974000103, 8.053065301000174 ], [ 2.720217805000118, 8.051029299000106 ], [ 2.71969141600016, 8.048944909000113 ], [ 2.719423240000026, 8.04788298800014 ], [ 2.707857779000108, 8.002086168 ], [ 2.70733094100018, 7.999999999000181 ], [ 2.707386016000044, 7.998212814000169 ], [ 2.705717088000142, 7.980528832000175 ], [ 2.704545975000144, 7.968105792000074 ], [ 2.699548006000043, 7.952675820000081 ], [ 2.698332475000143, 7.946738802000027 ], [ 2.697837249000031, 7.944319962000066 ], [ 2.69737601200012, 7.942067147000103 ], [ 2.697055525000167, 7.940143495000086 ], [ 2.695602616000144, 7.931422708000184 ], [ 2.695502042000157, 7.93081903500007 ], [ 2.695238245999974, 7.930557580000027 ], [ 2.693642755000042, 7.928976244000069 ], [ 2.690880060000154, 7.926238060000173 ], [ 2.69060606000005, 7.925076064000166 ], [ 2.687939104687493, 7.925152438207696 ], [ 2.690606059000174, 7.925076064000166 ], [ 2.687971361000109, 7.913902687000132 ], [ 2.687849045000121, 7.913383960000147 ], [ 2.687490552000042, 7.912782818000153 ], [ 2.684139932999983, 7.907164300000147 ], [ 2.679896669000073, 7.90004894000009 ], [ 2.678306103000125, 7.897381783000128 ], [ 2.67735773600009, 7.895792036000103 ], [ 2.675815104000151, 7.893206120000059 ], [ 2.671245098000043, 7.891087055000128 ], [ 2.668431043000169, 7.889780998000163 ], [ 2.669260025000028, 7.888720989000092 ], [ 2.695760011000061, 7.85479402500016 ], [ 2.700362392000102, 7.845155692000162 ], [ 2.70405101700004, 7.837430954000126 ], [ 2.706300973000054, 7.832714081000063 ], [ 2.707439255000111, 7.826690175000067 ], [ 2.708549511000115, 7.820814584 ], [ 2.709254025000121, 7.817086221000181 ], [ 2.711318970000036, 7.813175202000139 ], [ 2.71754587900017, 7.811565612000038 ], [ 2.718735473000038, 7.811258115000044 ], [ 2.720102706000091, 7.81090470100014 ], [ 2.720299006000175, 7.810853959000042 ], [ 2.724668026000188, 7.807624817000033 ], [ 2.729464053000072, 7.792222976000119 ], [ 2.732405901000106, 7.772227764000036 ], [ 2.732137423000097, 7.770578916000034 ], [ 2.730034745000012, 7.7576653590001 ], [ 2.728263606000155, 7.746787950000112 ], [ 2.727957010000182, 7.744904996000059 ], [ 2.729116917000113, 7.722890854000127 ], [ 2.730068934000087, 7.704849506000016 ], [ 2.728113999000072, 7.697829000000183 ], [ 2.72644, 7.690220000000181 ], [ 2.71947200000011, 7.690251 ], [ 2.616396, 7.687347000000102 ], [ 2.49379000000016, 7.683860999000103 ], [ 2.471739000000184, 7.717527 ], [ 2.462503, 7.724559999000121 ], [ 2.455435000000136, 7.734844 ], [ 2.458140000000128, 7.746761000000163 ], [ 2.458132, 7.755968000000109 ], [ 2.45897, 7.763553 ], [ 2.459209000000101, 7.765717 ] ] ] ] } },
{ "type": "Feature", "properties": { "fid": 38, "GID_2": "BEN.6.1_1", "GID_0": "BEN", "COUNTRY": "Benin", "GID_1": "BEN.6_1", "NAME_1": "Donga", "NL_NAME_1": "NA", "NAME_2": "Bassila", "VARNAME_2": "NA", "NL_NAME_2": "NA", "TYPE_2": "Commune", "ENGTYPE_2": "Commune", "CC_2": "NA", "HASC_2": "BJ.DO.BA" }, "geometry": { "type": "MultiPolygon", "coordinates": [ [ [ [ 2.070641000000137, 9.084058 ], [ 2.072972000000107, 9.082193000000132 ], [ 2.077394, 9.079455 ], [ 2.079598000000146, 9.077961 ], [ 2.082275000000152, 9.076593 ], [ 2.08492600000011, 9.075720000000103 ], [ 2.092026, 9.078457 ], [ 2.100241, 9.073045 ], [ 2.138509000000113, 9.072603000000129 ], [ 2.149439000000143, 9.074262 ], [ 2.170757, 9.075404000000105 ], [ 2.188246000000106, 9.077621 ], [ 2.197561, 9.068949000000146 ], [ 2.200313, 9.061348 ], [ 2.219462000000135, 9.054872000000159 ], [ 2.2265680000001, 9.05543200000011 ], [ 2.227128, 9.049999 ], [ 2.228779, 9.045113 ], [ 2.230427, 9.041855000000112 ], [ 2.229218000000174, 9.039783000000114 ], [ 2.226616000000149, 9.035325 ], [ 2.218437, 9.026609 ], [ 2.217897000000107, 9.023891 ], [ 2.21793, 9.010304000000133 ], [ 2.223413000000164, 9.003253 ], [ 2.226159000000166, 8.997825 ], [ 2.22999300000015, 8.994573 ], [ 2.228911000000153, 8.989679 ], [ 2.220182, 8.983137000000113 ], [ 2.210356, 8.978223000000128 ], [ 2.203264000000161, 8.972771 ], [ 2.201086, 8.969504 ], [ 2.201654000000133, 8.960811 ], [ 2.20112, 8.955375000000117 ], [ 2.198942000000102, 8.952108000000123 ], [ 2.195128, 8.94775200000015 ], [ 2.197324, 8.94341 ], [ 2.197884000000158, 8.93797700000016 ], [ 2.198446000000104, 8.931456 ], [ 2.201195, 8.92494100000016 ], [ 2.206114, 8.92441 ], [ 2.210482000000127, 8.92605 ], [ 2.215398000000107, 8.927149 ], [ 2.216514, 8.91737 ], [ 2.213248, 8.911927 ], [ 2.203423000000157, 8.907556 ], [ 2.206173000000149, 8.899954 ], [ 2.211107, 8.893444000000159 ], [ 2.215477, 8.893998000000181 ], [ 2.220933000000116, 8.897271000000103 ], [ 2.224751, 8.900541 ], [ 2.229678, 8.896749 ], [ 2.234044000000154, 8.898932 ], [ 2.241138, 8.903296000000125 ], [ 2.241157000000157, 8.89514400000013 ], [ 2.240092000000118, 8.883186000000137 ], [ 2.236827000000176, 8.87720000000013 ], [ 2.227568, 8.864679 ], [ 2.225958, 8.852176000000156 ], [ 2.219975, 8.840749 ], [ 2.213447000000144, 8.828777000000173 ], [ 2.209648, 8.818442000000175 ], [ 2.202568, 8.809187000000179 ], [ 2.204779, 8.798323000000153 ], [ 2.203151, 8.793971000000113 ], [ 2.193884000000139, 8.785797 ], [ 2.192802000000142, 8.78144600000013 ], [ 2.189545000000123, 8.772743000000162 ], [ 2.188683, 8.767518 ], [ 2.192316, 8.756446 ], [ 2.204375, 8.739084 ], [ 2.206576, 8.732024 ], [ 2.204999000000157, 8.706477 ], [ 2.203938000000107, 8.692888 ], [ 2.209434000000101, 8.678227000000106 ], [ 2.218762, 8.659227000000101 ], [ 2.222625000000164, 8.641846000000157 ], [ 2.218289, 8.627705 ], [ 2.217978, 8.62619 ], [ 2.21505, 8.611937000000125 ], [ 2.217258000000186, 8.601616 ], [ 2.217837000000145, 8.587487 ], [ 2.203199, 8.543432000000166 ], [ 2.203791, 8.523325 ], [ 2.207090000000164, 8.513006000000132 ], [ 2.213668000000155, 8.504984 ], [ 2.200557000000174, 8.505926 ], [ 2.193470000000161, 8.502105 ], [ 2.185291, 8.49828100000019 ], [ 2.180369, 8.502074000000164 ], [ 2.173811000000171, 8.505320000000154 ], [ 2.161262000000136, 8.503116 ], [ 2.159604000000115, 8.511264 ], [ 2.147601000000122, 8.509061 ], [ 2.150352, 8.500372 ], [ 2.142195000000129, 8.487852 ], [ 2.129649000000143, 8.48456 ], [ 2.121472, 8.480736000000149 ], [ 2.118719000000169, 8.489967 ], [ 2.111073, 8.491579 ], [ 2.103407000000118, 8.501341 ], [ 2.077183000000161, 8.509969 ], [ 2.070645000000127, 8.505604 ], [ 2.05754, 8.507199000000185 ], [ 2.043889, 8.509335 ], [ 2.028608, 8.508207 ], [ 2.016606, 8.506 ], [ 2.005686, 8.507056 ], [ 1.99422200000015, 8.507567 ], [ 1.993924000000163, 8.50960700000013 ], [ 1.993665, 8.51137000000017 ], [ 1.995813000000169, 8.523875 ], [ 1.994164000000126, 8.527675000000102 ], [ 1.985429000000181, 8.528193000000158 ], [ 1.981048000000101, 8.533071000000177 ], [ 1.972306000000117, 8.535764 ], [ 1.961919, 8.541167000000144 ], [ 1.951536, 8.544941000000108 ], [ 1.947667, 8.560689 ], [ 1.937849, 8.557942 ], [ 1.926379, 8.560081000000139 ], [ 1.919296, 8.555713 ], [ 1.911114, 8.553514000000177 ], [ 1.904521, 8.567079 ], [ 1.899061000000188, 8.567605 ], [ 1.893046, 8.570847 ], [ 1.883195000000171, 8.578424 ], [ 1.871164, 8.584908000000155 ], [ 1.858592, 8.589757 ], [ 1.847334, 8.592920000000106 ], [ 1.846545000000162, 8.601130000000126 ], [ 1.841078, 8.603286 ], [ 1.837235, 8.609795000000133 ], [ 1.832316, 8.611408 ], [ 1.817524, 8.626575000000116 ], [ 1.8049630000001, 8.62762 ], [ 1.789672, 8.628653 ], [ 1.772198000000174, 8.629681000000119 ], [ 1.761283000000162, 8.628556000000117 ], [ 1.750927, 8.623629000000108 ], [ 1.741127, 8.615987000000189 ], [ 1.735155000000134, 8.606729000000144 ], [ 1.725882, 8.604522000000145 ], [ 1.708411000000126, 8.605002 ], [ 1.702948, 8.606069 ], [ 1.69749400000012, 8.60442 ], [ 1.683315, 8.600564 ], [ 1.675132000000133, 8.598903000000121 ], [ 1.673413, 8.597896000000105 ], [ 1.668596, 8.595076000000176 ], [ 1.657153000000108, 8.589599 ], [ 1.646779, 8.590103000000113 ], [ 1.632703591000109, 8.592304014000149 ], [ 1.630328000000134, 8.633565999000098 ], [ 1.630328000000134, 8.635628000000111 ], [ 1.628615999000147, 8.647614 ], [ 1.628615999000147, 8.64802695700007 ], [ 1.628616001000125, 8.650696999 ], [ 1.629301, 8.654806001000168 ], [ 1.630328000000134, 8.661312999000131 ], [ 1.631355, 8.673985001000062 ], [ 1.631698001000075, 8.679463999000063 ], [ 1.632212001000141, 8.695389999000099 ], [ 1.632554, 8.722102999000185 ], [ 1.632554, 8.750185001000034 ], [ 1.632554, 8.778952999000182 ], [ 1.633239001000049, 8.78409 ], [ 1.633582, 8.796076999000036 ], [ 1.632896999000138, 8.799844 ], [ 1.632896999000138, 8.804981001000101 ], [ 1.632554, 8.81183100100003 ], [ 1.631868999000176, 8.816625001000034 ], [ 1.631669001000148, 8.816312999000161 ], [ 1.631698001000075, 8.816795999000135 ], [ 1.631355, 8.820906001000026 ], [ 1.628958001, 8.830495001000088 ], [ 1.631013000000166, 8.839057001000128 ], [ 1.631698001000075, 8.847618999000133 ], [ 1.632726001000037, 8.852413999000021 ], [ 1.632726001000037, 8.860291001 ], [ 1.630796464000184, 8.876273633000096 ], [ 1.630698131000088, 8.877088152000113 ], [ 1.630328000000134, 8.880153999000186 ], [ 1.628615999000147, 8.895564999000044 ], [ 1.626903001000187, 8.907894000000113 ], [ 1.626561, 8.914401 ], [ 1.625758584000039, 8.920553165000058 ], [ 1.625666001000127, 8.921263000000124 ], [ 1.625876001000108, 8.921936000000187 ], [ 1.623479, 8.945566999000107 ], [ 1.622109001000183, 8.955155999000169 ], [ 1.625876001000108, 8.972279 ], [ 1.624790415000177, 8.973545780000052 ], [ 1.624780019000184, 8.97355791200016 ], [ 1.623821001000067, 8.974677001000089 ], [ 1.626192129000117, 8.983963058000086 ], [ 1.626811207, 8.986387554000146 ], [ 1.627259490000085, 8.988143164000064 ], [ 1.62793100100015, 8.99077300099998 ], [ 1.627963961000034, 8.991003723000063 ], [ 1.628615999000147, 8.995567999000059 ], [ 1.629177, 8.998374001000059 ], [ 1.629525645000115, 8.998640331000104 ], [ 1.629659012000047, 8.998742213000185 ], [ 1.629986, 8.998992002000136 ], [ 1.629516931000069, 9.002275737000161 ], [ 1.628869680000093, 9.006806831000063 ], [ 1.628020493000065, 9.012751590000164 ], [ 1.627332796000132, 9.017565833000106 ], [ 1.626219000000162, 9.025363001000073 ], [ 1.625570775000085, 9.031713186000161 ], [ 1.624506000000167, 9.042144 ], [ 1.616232162000188, 9.061238686000081 ], [ 1.615602, 9.062692999000035 ], [ 1.61753416900018, 9.07106479600003 ], [ 1.617657000000122, 9.0715970010001 ], [ 1.612762639000096, 9.081580531000156 ], [ 1.609542000000147, 9.088150001000145 ], [ 1.609436999000081, 9.088720999000145 ], [ 1.604642999000077, 9.099336999000116 ], [ 1.598136001000114, 9.110981001000027 ], [ 1.597849736000114, 9.111267265000095 ], [ 1.591971002000093, 9.117146 ], [ 1.588672212000176, 9.120952351000142 ], [ 1.583067, 9.127420001000075 ], [ 1.579125465000118, 9.131689516000108 ], [ 1.578957001000049, 9.131871999000168 ], [ 1.572792, 9.144886 ], [ 1.570305702000041, 9.149149111999975 ], [ 1.567997999000113, 9.153105999000104 ], [ 1.56354600100002, 9.161666999000033 ], [ 1.559435999000129, 9.169887 ], [ 1.553613999000163, 9.175023999000132 ], [ 1.550873999000089, 9.176736000000119 ], [ 1.544367001000126, 9.180161001000045 ], [ 1.536148, 9.18495600100016 ], [ 1.535314142000118, 9.185486597000022 ], [ 1.534996990000138, 9.185688405000178 ], [ 1.528613999000015, 9.189750001000164 ], [ 1.526323999000113, 9.190436999000156 ], [ 1.525868000000116, 9.190947999000173 ], [ 1.508598001000166, 9.208374 ], [ 1.503764001000093, 9.21320899900013 ], [ 1.49596700100011, 9.22085 ], [ 1.495813225000177, 9.2210215 ], [ 1.495508388000076, 9.221361472000069 ], [ 1.489885, 9.227633002000118 ], [ 1.485207, 9.23433800000015 ], [ 1.478658001000042, 9.238705000000152 ], [ 1.475420999000107, 9.240770999000119 ], [ 1.471678999000119, 9.244747999000026 ], [ 1.468505320000133, 9.24802409900019 ], [ 1.462011001000064, 9.254727999000124 ], [ 1.460742166000159, 9.259143615000085 ], [ 1.460521335000067, 9.259912119000091 ], [ 1.459905000000163, 9.262056999000094 ], [ 1.459803129000022, 9.262243579000085 ], [ 1.459756083000173, 9.262329745999978 ], [ 1.459236775000022, 9.263280875000078 ], [ 1.452966000000174, 9.274766000000113 ], [ 1.450159001000145, 9.278898 ], [ 1.44526396700013, 9.283655095000086 ], [ 1.444622999000046, 9.284278 ], [ 1.444546000000173, 9.284207 ], [ 1.436966, 9.293004001000043 ], [ 1.435314872000049, 9.294009195000058 ], [ 1.431143002000169, 9.296549 ], [ 1.421417000000133, 9.306945 ], [ 1.418072001000041, 9.312973001000103 ], [ 1.415563421000115, 9.318715801000053 ], [ 1.413042000000132, 9.324488001000191 ], [ 1.412999999000135, 9.324461001000088 ], [ 1.413073999, 9.325017000000173 ], [ 1.408011272000067, 9.334753387000092 ], [ 1.407869, 9.335027 ], [ 1.406637899000032, 9.340156633000049 ], [ 1.403064, 9.355048000000181 ], [ 1.402876688000163, 9.362529303000031 ], [ 1.402749367000183, 9.367614533000165 ], [ 1.402675560000034, 9.370562402000076 ], [ 1.402663, 9.371064002000026 ], [ 1.402663, 9.381474999000147 ], [ 1.401462000000151, 9.389083001000074 ], [ 1.400552660000074, 9.392492169999969 ], [ 1.39986000000016, 9.395089001000031 ], [ 1.400559575000045, 9.39788555500013 ], [ 1.401062000000138, 9.399894001 ], [ 1.401862, 9.405499 ], [ 1.401862, 9.413012794000053 ], [ 1.401862, 9.413107 ], [ 1.401536236000084, 9.416042117000131 ], [ 1.401462000000151, 9.416711001000067 ], [ 1.39986000000016, 9.422317 ], [ 1.39986000000016, 9.428323 ], [ 1.400660999000081, 9.434729 ], [ 1.400260999000182, 9.444339001000174 ], [ 1.398259001000099, 9.449945000000127 ], [ 1.398259001000099, 9.453948999000033 ], [ 1.398207999000135, 9.453981000000113 ], [ 1.39821399900012, 9.453996000000132 ], [ 1.394806651000067, 9.479710050000165 ], [ 1.395968999000161, 9.478806000000134 ], [ 1.397162, 9.469557000000123 ], [ 1.400537, 9.46142 ], [ 1.40263999900003, 9.423602 ], [ 1.402879000000155, 9.419308 ], [ 1.412445999000113, 9.41387 ], [ 1.422498, 9.404283001000067 ], [ 1.428486, 9.406033 ], [ 1.436215999000069, 9.402925 ], [ 1.437934999, 9.399154001000056 ], [ 1.440224000000114, 9.394305 ], [ 1.445139, 9.394947 ], [ 1.451038999000161, 9.401047001000052 ], [ 1.456359, 9.408766000000185 ], [ 1.461286, 9.408864000000108 ], [ 1.468314000000134, 9.413354 ], [ 1.474238000000184, 9.418366000000105 ], [ 1.483971000000111, 9.424541000000147 ], [ 1.496978000000183, 9.431325000000129 ], [ 1.508869000000118, 9.43917400000015 ], [ 1.511969000000136, 9.44848 ], [ 1.51406, 9.453416 ], [ 1.520499000000143, 9.460069 ], [ 1.534473000000105, 9.473397000999967 ], [ 1.539639998999974, 9.461535 ], [ 1.541877999000064, 9.456172 ], [ 1.544818, 9.449129000000141 ], [ 1.548877999000183, 9.437788001000115 ], [ 1.546872999000186, 9.428504001000078 ], [ 1.559078999000064, 9.420587001000115 ], [ 1.575203999000053, 9.408396000000153 ], [ 1.58790299900005, 9.403206 ], [ 1.591600000000142, 9.401911 ], [ 1.603580000000136, 9.397714 ], [ 1.605550000000108, 9.397024000000158 ], [ 1.617614000000117, 9.396172 ], [ 1.629626000000144, 9.398037000000102 ], [ 1.644954, 9.398335 ], [ 1.66405, 9.401967 ], [ 1.682632, 9.403958000000102 ], [ 1.698949, 9.409711 ], [ 1.707624, 9.414228 ], [ 1.728312, 9.420608000000186 ], [ 1.740230000000111, 9.42736200000013 ], [ 1.753760000000113, 9.435779 ], [ 1.760857000000101, 9.437002000000177 ], [ 1.765784, 9.437096000000167 ], [ 1.774914, 9.446515 ], [ 1.776357000000189, 9.445011 ], [ 1.777550000000133, 9.443768 ], [ 1.781063000000188, 9.440106000000128 ], [ 1.788927000000172, 9.429922 ], [ 1.80170900000013, 9.420375 ], [ 1.808857, 9.418879000000118 ], [ 1.811246000000153, 9.40859 ], [ 1.811465000000169, 9.39717400000012 ], [ 1.811126000000172, 9.386291 ], [ 1.816694, 9.381500000000187 ], [ 1.826548, 9.381687 ], [ 1.833035000000166, 9.38616 ], [ 1.847124, 9.394039 ], [ 1.855294000000185, 9.396369000000107 ], [ 1.861265, 9.3992 ], [ 1.869353000000103, 9.405879 ], [ 1.880881, 9.404463000000135 ], [ 1.889662, 9.40354 ], [ 1.898970000000133, 9.403713 ], [ 1.907853, 9.39735300000018 ], [ 1.920466, 9.396500000000117 ], [ 1.926571000000138, 9.39226200000013 ], [ 1.928955, 9.381973 ], [ 1.946587, 9.376317000000142 ], [ 1.950025, 9.368223000000114 ], [ 1.978678000000116, 9.355919000000142 ], [ 1.970737000000156, 9.284385 ], [ 1.966911, 9.265387 ], [ 1.97565, 9.243673000000172 ], [ 1.973463, 9.230646 ], [ 1.976997, 9.2191 ], [ 1.977285000000109, 9.218162 ], [ 1.96963600000015, 9.211106000000143 ], [ 1.980010000000163, 9.178535 ], [ 1.971815000000163, 9.162795000000187 ], [ 1.973451000000182, 9.149768 ], [ 1.980549, 9.135111 ], [ 1.989832, 9.129681000000176 ], [ 2.00403, 9.125877 ], [ 2.019868, 9.124787 ], [ 2.027511, 9.117186000000174 ], [ 2.026417000000151, 9.108501000000103 ], [ 2.031221, 9.100218 ], [ 2.034603000000118, 9.094385000000102 ], [ 2.05863, 9.091662 ], [ 2.070641000000137, 9.084058 ] ] ] ] } },
{ "type": "Feature", "properties": { "fid": 39, "GID_2": "BEN.6.2_1", "GID_0": "BEN", "COUNTRY": "Benin", "GID_1": "BEN.6_1", "NAME_1": "Donga", "NL_NAME_1": "NA", "NAME_2": "Copargo", "VARNAME_2": "NA", "NL_NAME_2": "NA", "TYPE_2": "Commune", "ENGTYPE_2": "Commune", "CC_2": "NA", "HASC_2": "BJ.DO.CP" }, "geometry": { "type": "MultiPolygon", "coordinates": [ [ [ [ 1.740176, 9.892976000000147 ], [ 1.741464, 9.884377 ], [ 1.741467000000171, 9.879045000000133 ], [ 1.739775000000122, 9.872222000000136 ], [ 1.736119000000144, 9.862906000000123 ], [ 1.729173, 9.853527000000156 ], [ 1.714963000000125, 9.851077000000146 ], [ 1.709578, 9.846079000000145 ], [ 1.702505000000144, 9.843223 ], [ 1.699829, 9.839907000000153 ], [ 1.696743, 9.829514000000188 ], [ 1.691928, 9.823439 ], [ 1.687661000000105, 9.817373000000146 ], [ 1.67845, 9.811756000000116 ], [ 1.675386, 9.809563 ], [ 1.672102000000109, 9.807213000000104 ], [ 1.663233000000105, 9.804935 ], [ 1.657225, 9.803729000000146 ], [ 1.648531000000105, 9.799753000000123 ], [ 1.634454000000119, 9.790777000000162 ], [ 1.617659000000117, 9.78066 ], [ 1.612222, 9.778377 ], [ 1.596503, 9.769367 ], [ 1.589883000000157, 9.771413 ], [ 1.587635000000148, 9.766113000000132 ], [ 1.585695, 9.76154 ], [ 1.584182000000112, 9.754986000000144 ], [ 1.583205, 9.748984 ], [ 1.57999400000017, 9.745114000000115 ], [ 1.577878, 9.741266 ], [ 1.576310000000149, 9.737429000000191 ], [ 1.574173, 9.734667000000115 ], [ 1.573669000000109, 9.732483 ], [ 1.573175000000106, 9.72975300000013 ], [ 1.570281000000136, 9.723714000000143 ], [ 1.568857, 9.726405 ], [ 1.559433000000126, 9.731658 ], [ 1.542173, 9.744911000000172 ], [ 1.53106, 9.752304 ], [ 1.512374, 9.754652 ], [ 1.502566000000172, 9.751737000000105 ], [ 1.482008, 9.738276 ], [ 1.474952, 9.734871000000112 ], [ 1.468421, 9.732566000000133 ], [ 1.461744, 9.726822 ], [ 1.451994000000184, 9.731693 ], [ 1.4474, 9.741932 ], [ 1.443857, 9.75436800000017 ], [ 1.440291000000173, 9.767892 ], [ 1.435126, 9.779207 ], [ 1.432634, 9.788304000000153 ], [ 1.430978, 9.794350000000179 ], [ 1.424738000000104, 9.804556000000161 ], [ 1.417950000000133, 9.81475 ], [ 1.412269000000151, 9.821742 ], [ 1.408387000000118, 9.82652 ], [ 1.406055, 9.828741 ], [ 1.403354, 9.831312 ], [ 1.393969000000141, 9.834385000000168 ], [ 1.381856000000141, 9.836857 ], [ 1.376312, 9.836744000000124 ], [ 1.370262, 9.836348 ], [ 1.36588881299997, 9.836061301000029 ], [ 1.365207566000038, 9.853214359000162 ], [ 1.363914, 9.885784999000123 ], [ 1.366421, 9.947709000000145 ], [ 1.366856999000163, 9.974144999000146 ], [ 1.366372235000028, 9.993397295000022 ], [ 1.368733, 9.993739000000176 ], [ 1.37247200000013, 9.993639 ], [ 1.380259000000137, 9.99343000000016 ], [ 1.387969, 9.991957000000127 ], [ 1.396787, 9.989961 ], [ 1.40556000000015, 9.99013900000017 ], [ 1.413797000000102, 9.989762 ], [ 1.422089000000142, 9.986668 ], [ 1.430907, 9.984671 ], [ 1.44132500000012, 9.984882 ], [ 1.44961700000016, 9.981787000000111 ], [ 1.463392, 9.978802 ], [ 1.477660000000185, 9.978545000000111 ], [ 1.492487, 9.977755000000116 ], [ 1.50375, 9.977516 ], [ 1.505658, 9.977475 ], [ 1.51345700000013, 9.971649000000127 ], [ 1.520235000000127, 9.961996 ], [ 1.525906, 9.952865 ], [ 1.534778000000131, 9.948148 ], [ 1.542531000000167, 9.944495000000131 ], [ 1.550251000000173, 9.94247300000012 ], [ 1.559452000000135, 9.948638 ], [ 1.568762, 9.949367000000166 ], [ 1.58304, 9.948562 ], [ 1.59455400000013, 9.948789000000147 ], [ 1.598381, 9.949409000000117 ], [ 1.6015, 9.948621 ], [ 1.614370000000122, 9.945372000000191 ], [ 1.638496, 9.945847 ], [ 1.651064, 9.948268 ], [ 1.662579000000164, 9.948492 ], [ 1.673232000000155, 9.964472000000114 ], [ 1.711910000000103, 10.006012 ], [ 1.726525, 10.016084000000149 ], [ 1.731236, 10.027596000000187 ], [ 1.747855, 10.040937 ], [ 1.748670000000175, 10.038290000000188 ], [ 1.749892, 10.034329 ], [ 1.750918000000183, 10.031239000000141 ], [ 1.750540000000171, 10.02253 ], [ 1.751808, 10.013853 ], [ 1.75191400000017, 10.008417000000122 ], [ 1.753709000000185, 10.000837 ], [ 1.754987, 9.991617 ], [ 1.755190000000141, 9.981288 ], [ 1.753779000000122, 9.969295 ], [ 1.752821, 9.962207 ], [ 1.754248000000189, 9.945376000000181 ], [ 1.756127, 9.933447000000115 ], [ 1.755727000000149, 9.925826000000143 ], [ 1.752512, 9.921957000000134 ], [ 1.745676, 9.919325000000129 ], [ 1.738395, 9.914615 ], [ 1.737919, 9.909103 ], [ 1.737501, 9.904264000000126 ], [ 1.740176, 9.892976000000147 ] ] ] ] } },
{ "type": "Feature", "properties": { "fid": 40, "GID_2": "BEN.6.5_1", "GID_0": "BEN", "COUNTRY": "Benin", "GID_1": "BEN.6_1", "NAME_1": "Donga", "NL_NAME_1": "NA", "NAME_2": "Djougou Rural", "VARNAME_2": "NA", "NL_NAME_2": "NA", "TYPE_2": "NA", "ENGTYPE_2": "NA", "CC_2": "NA", "HASC_2": "NA" }, "geometry": { "type": "MultiPolygon", "coordinates": [ [ [ [ 1.644954, 9.398335 ], [ 1.629626000000144, 9.398037000000102 ], [ 1.617614000000117, 9.396172 ], [ 1.605550000000108, 9.397024000000158 ], [ 1.603580000000136, 9.397714 ], [ 1.591600000000142, 9.401911 ], [ 1.587903000000153, 9.403206 ], [ 1.575204, 9.408396000000153 ], [ 1.559079000000168, 9.420587 ], [ 1.546873, 9.428504000000146 ], [ 1.548878, 9.437788 ], [ 1.544818, 9.449129000000141 ], [ 1.541878000000168, 9.456172 ], [ 1.53964, 9.461535 ], [ 1.534473000000105, 9.473397 ], [ 1.533226000000184, 9.480986 ], [ 1.533103, 9.48713800000013 ], [ 1.532627000000161, 9.510883000000149 ], [ 1.532924, 9.523397000000102 ], [ 1.535542000000135, 9.529431 ], [ 1.535915, 9.538139 ], [ 1.539683, 9.541476000000102 ], [ 1.546146000000135, 9.547042 ], [ 1.548797, 9.551445 ], [ 1.554799, 9.55265 ], [ 1.564419, 9.564804 ], [ 1.57146200000011, 9.568749 ], [ 1.577270000000169, 9.57974 ], [ 1.575432000000148, 9.589493 ], [ 1.57208, 9.59269 ], [ 1.561061, 9.595736 ], [ 1.548398000000134, 9.598748 ], [ 1.54506, 9.599561000000165 ], [ 1.540138, 9.60076 ], [ 1.529031000000145, 9.608155000000181 ], [ 1.515742, 9.614961 ], [ 1.511226, 9.619804000000158 ], [ 1.506781, 9.624571 ], [ 1.499572, 9.628778000000125 ], [ 1.492437000000166, 9.648680000000184 ], [ 1.492023000000188, 9.649837000000161 ], [ 1.488528, 9.659196 ], [ 1.487387000000126, 9.662251 ], [ 1.48261900000017, 9.681189 ], [ 1.482387000000131, 9.692604000000188 ], [ 1.477026000000137, 9.713705000000118 ], [ 1.470911, 9.717933000000187 ], [ 1.461744, 9.726822 ], [ 1.468421, 9.732566000000133 ], [ 1.474952, 9.734871000000112 ], [ 1.482008, 9.738276 ], [ 1.502566000000172, 9.751737000000105 ], [ 1.512374, 9.754652 ], [ 1.53106, 9.752304 ], [ 1.542173, 9.744911000000172 ], [ 1.559433000000126, 9.731658 ], [ 1.568857, 9.726405 ], [ 1.570281000000136, 9.723714000000143 ], [ 1.582288, 9.715587 ], [ 1.598913, 9.707879 ], [ 1.60018, 9.696017000000154 ], [ 1.600869, 9.689572000000169 ], [ 1.607715000000155, 9.678973 ], [ 1.608693, 9.670302 ], [ 1.617494000000136, 9.657776000000126 ], [ 1.639987000000133, 9.658739 ], [ 1.6527, 9.652958 ], [ 1.665414, 9.65103100000016 ], [ 1.671281, 9.656812000000116 ], [ 1.665414, 9.673192 ], [ 1.680083, 9.682827 ], [ 1.739738000000102, 9.674156 ], [ 1.740716, 9.680900000000122 ], [ 1.758319, 9.690536000000179 ], [ 1.754401, 9.705495 ], [ 1.750495000000171, 9.720405 ], [ 1.753429, 9.731967000000168 ], [ 1.762231, 9.742566000000124 ], [ 1.776900000000182, 9.7628 ], [ 1.783746000000122, 9.782071000000144 ], [ 1.783604000000139, 9.784057000000132 ], [ 1.765164, 9.789779000000181 ], [ 1.746583000000157, 9.790742 ], [ 1.72898, 9.78881500000017 ], [ 1.713005000000123, 9.792129000000102 ], [ 1.710399000000109, 9.792669 ], [ 1.687907, 9.801341 ], [ 1.680083, 9.805195 ], [ 1.675386, 9.809563 ], [ 1.67845, 9.811756000000116 ], [ 1.687661000000105, 9.817373000000146 ], [ 1.691928, 9.823439 ], [ 1.696743, 9.829514000000188 ], [ 1.699829, 9.839907000000153 ], [ 1.702505000000144, 9.843223 ], [ 1.709578, 9.846079000000145 ], [ 1.714963000000125, 9.851077000000146 ], [ 1.729173, 9.853527000000156 ], [ 1.736119000000144, 9.862906000000123 ], [ 1.739775000000122, 9.872222000000136 ], [ 1.741467000000171, 9.879045000000133 ], [ 1.741464, 9.884377 ], [ 1.740176, 9.892976000000147 ], [ 1.737501, 9.904264000000126 ], [ 1.737919, 9.909103 ], [ 1.738395, 9.914615 ], [ 1.745676, 9.919325000000129 ], [ 1.752512, 9.921957000000134 ], [ 1.755727000000149, 9.925826000000143 ], [ 1.756127, 9.933447000000115 ], [ 1.754248000000189, 9.945376000000181 ], [ 1.752821, 9.962207 ], [ 1.753779000000122, 9.969295 ], [ 1.755190000000141, 9.981288 ], [ 1.754987, 9.991617 ], [ 1.753709000000185, 10.000837 ], [ 1.75191400000017, 10.008417000000122 ], [ 1.751808, 10.013853 ], [ 1.750540000000171, 10.02253 ], [ 1.750918000000183, 10.031239000000141 ], [ 1.749892, 10.034329 ], [ 1.748670000000175, 10.038290000000188 ], [ 1.747855, 10.040937 ], [ 1.758192000000179, 10.042081000000167 ], [ 1.766052, 10.042952000000128 ], [ 1.76807, 10.043366000000105 ], [ 1.774796, 10.04475 ], [ 1.782465, 10.045443000000148 ], [ 1.796726000000149, 10.045716 ], [ 1.810471000000177, 10.044347 ], [ 1.82136800000012, 10.048363000000165 ], [ 1.835229, 10.041012 ], [ 1.844417, 10.048257 ], [ 1.858805, 10.042005 ], [ 1.87797200000017, 10.043999 ], [ 1.902129000000173, 10.043366000000105 ], [ 1.911496, 10.041368000000148 ], [ 1.926213000000189, 10.046539 ], [ 1.939482000000112, 10.041349 ], [ 1.952554, 10.046488000000124 ], [ 1.965730000000121, 10.046190000000138 ], [ 1.977881, 10.042066 ], [ 1.988986000000182, 10.03520200000014 ], [ 1.998911000000135, 10.032667000000174 ], [ 2.008826, 10.030675 ], [ 2.022062, 10.027113 ], [ 2.036801, 10.031193 ], [ 2.047762, 10.031938 ], [ 2.055371, 10.035885000000178 ], [ 2.060257, 10.038694 ], [ 2.065154000000177, 10.040959 ], [ 2.071463000000108, 10.04229 ], [ 2.083211000000119, 10.037587000000144 ], [ 2.086560000000134, 10.031622 ], [ 2.082388, 10.004889 ], [ 2.071883, 9.981046000000106 ], [ 2.082747, 9.962394000000131 ], [ 2.092780000000118, 9.945585 ], [ 2.09783, 9.933095 ], [ 2.096905, 9.912383 ], [ 2.088809, 9.894880000000114 ], [ 2.064876, 9.866349 ], [ 2.051816, 9.851529 ], [ 2.064995000000181, 9.837872000000175 ], [ 2.069551, 9.833151 ], [ 2.066306000000111, 9.827131000000179 ], [ 2.072412, 9.819553 ], [ 2.07087, 9.807009000000107 ], [ 2.074779, 9.799414000000127 ], [ 2.082518000000164, 9.793483 ], [ 2.08421600000014, 9.787503000000129 ], [ 2.084888000000149, 9.772799 ], [ 2.077264000000127, 9.765107 ], [ 2.082792, 9.760794 ], [ 2.091652, 9.752149 ], [ 2.088443, 9.74177 ], [ 2.096699, 9.739658 ], [ 2.099576, 9.723880000000179 ], [ 2.105629000000135, 9.722295000000145 ], [ 2.111161, 9.717437000000189 ], [ 2.115599, 9.712024 ], [ 2.11942, 9.71478 ], [ 2.123818000000142, 9.71427000000017 ], [ 2.129344000000174, 9.709956 ], [ 2.137028000000157, 9.710563 ], [ 2.134215, 9.718714000000148 ], [ 2.137470000000121, 9.723643 ], [ 2.146867000000157, 9.716090000000122 ], [ 2.160622000000103, 9.712932000000137 ], [ 2.170532, 9.709742000000119 ], [ 2.16455800000017, 9.701520000000187 ], [ 2.151833000000181, 9.69508 ], [ 2.159182000000158, 9.68731 ], [ 2.162347, 9.681723000000147 ], [ 2.163302, 9.680037 ], [ 2.163298, 9.671894000000123 ], [ 2.10720700000013, 9.38075 ], [ 2.106831000000113, 9.378797000000191 ], [ 2.09098, 9.376089 ], [ 2.080594000000133, 9.369580000000155 ], [ 2.072393000000147, 9.361983 ], [ 2.062556000000143, 9.360902000000124 ], [ 2.054357000000152, 9.357104000000106 ], [ 2.041788, 9.358193000000142 ], [ 2.030859000000135, 9.362539 ], [ 2.022115000000156, 9.363084000000185 ], [ 2.009546000000114, 9.362 ], [ 1.9980690000001, 9.358746 ], [ 1.986046000000101, 9.358205 ], [ 1.978678000000116, 9.355919000000142 ], [ 1.950025, 9.368223000000114 ], [ 1.946587, 9.376317000000142 ], [ 1.928955, 9.381973 ], [ 1.926571000000138, 9.39226200000013 ], [ 1.920466, 9.396500000000117 ], [ 1.907853, 9.39735300000018 ], [ 1.898970000000133, 9.403713 ], [ 1.889662, 9.40354 ], [ 1.880881, 9.404463000000135 ], [ 1.869353000000103, 9.405879 ], [ 1.861265, 9.3992 ], [ 1.855294000000185, 9.396369000000107 ], [ 1.847124, 9.394039 ], [ 1.833035000000166, 9.38616 ], [ 1.826548, 9.381687 ], [ 1.816694, 9.381500000000187 ], [ 1.811126000000172, 9.386291 ], [ 1.811465000000169, 9.39717400000012 ], [ 1.811246000000153, 9.40859 ], [ 1.808857, 9.418879000000118 ], [ 1.80170900000013, 9.420375 ], [ 1.788927000000172, 9.429922 ], [ 1.781063000000188, 9.440106000000128 ], [ 1.777550000000133, 9.443768 ], [ 1.776357000000189, 9.445011 ], [ 1.774914, 9.446515 ], [ 1.765784, 9.437096000000167 ], [ 1.760857000000101, 9.437002000000177 ], [ 1.753760000000113, 9.435779 ], [ 1.740230000000111, 9.42736200000013 ], [ 1.728312, 9.420608000000186 ], [ 1.707624, 9.414228 ], [ 1.698949, 9.409711 ], [ 1.682632, 9.403958000000102 ], [ 1.66405, 9.401967 ], [ 1.644954, 9.398335 ] ] ] ] } },
{ "type": "Feature", "properties": { "fid": 41, "GID_2": "BEN.6.6_1", "GID_0": "BEN", "COUNTRY": "Benin", "GID_1": "BEN.6_1", "NAME_1": "Donga", "NL_NAME_1": "NA", "NAME_2": "Djougou Urbain", "VARNAME_2": "NA", "NL_NAME_2": "NA", "TYPE_2": "NA", "ENGTYPE_2": "NA", "CC_2": "NA", "HASC_2": "NA" }, "geometry": { "type": "MultiPolygon", "coordinates": [ [ [ [ 1.573669000000109, 9.732483 ], [ 1.574173, 9.734667000000115 ], [ 1.576310000000149, 9.737429000000191 ], [ 1.577878, 9.741266 ], [ 1.57999400000017, 9.745114000000115 ], [ 1.583205, 9.748984 ], [ 1.584182000000112, 9.754986000000144 ], [ 1.585695, 9.76154 ], [ 1.587635000000148, 9.766113000000132 ], [ 1.589883000000157, 9.771413 ], [ 1.596503, 9.769367 ], [ 1.612222, 9.778377 ], [ 1.617659000000117, 9.78066 ], [ 1.634454000000119, 9.790777000000162 ], [ 1.648531000000105, 9.799753000000123 ], [ 1.657225, 9.803729000000146 ], [ 1.663233000000105, 9.804935 ], [ 1.672102000000109, 9.807213000000104 ], [ 1.675386, 9.809563 ], [ 1.680083, 9.805195 ], [ 1.687907, 9.801341 ], [ 1.710399000000109, 9.792669 ], [ 1.713005000000123, 9.792129000000102 ], [ 1.72898, 9.78881500000017 ], [ 1.746583000000157, 9.790742 ], [ 1.765164, 9.789779000000181 ], [ 1.783604000000139, 9.784057000000132 ], [ 1.783746000000122, 9.782071000000144 ], [ 1.776900000000182, 9.7628 ], [ 1.762231, 9.742566000000124 ], [ 1.753429, 9.731967000000168 ], [ 1.750495000000171, 9.720405 ], [ 1.754401, 9.705495 ], [ 1.758319, 9.690536000000179 ], [ 1.740716, 9.680900000000122 ], [ 1.739738000000102, 9.674156 ], [ 1.680083, 9.682827 ], [ 1.665414, 9.673192 ], [ 1.671281, 9.656812000000116 ], [ 1.665414, 9.65103100000016 ], [ 1.6527, 9.652958 ], [ 1.639987000000133, 9.658739 ], [ 1.617494000000136, 9.657776000000126 ], [ 1.608693, 9.670302 ], [ 1.607715000000155, 9.678973 ], [ 1.600869, 9.689572000000169 ], [ 1.60018, 9.696017000000154 ], [ 1.598913, 9.707879 ], [ 1.582288, 9.715587 ], [ 1.570281000000136, 9.723714000000143 ], [ 1.573175000000106, 9.72975300000013 ], [ 1.573669000000109, 9.732483 ] ] ] ] } },
{ "type": "Feature", "properties": { "fid": 42, "GID_2": "BEN.6.4_1", "GID_0": "BEN", "COUNTRY": "Benin", "GID_1": "BEN.6_1", "NAME_1": "Donga", "NL_NAME_1": "NA", "NAME_2": "Ouaké", "VARNAME_2": "NA", "NL_NAME_2": "NA", "TYPE_2": "Commune", "ENGTYPE_2": "Commune", "CC_2": "NA", "HASC_2": "BJ.DO.OU" }, "geometry": { "type": "MultiPolygon", "coordinates": [ [ [ [ 1.533226000000184, 9.480986 ], [ 1.534473000000105, 9.473397 ], [ 1.520499000000143, 9.460069 ], [ 1.51406, 9.453416 ], [ 1.511969000000136, 9.44848 ], [ 1.508869000000118, 9.43917400000015 ], [ 1.496978000000183, 9.431325000000129 ], [ 1.483971000000111, 9.424541000000147 ], [ 1.474238000000184, 9.418366000000105 ], [ 1.468314000000134, 9.413354 ], [ 1.461286, 9.408864000000108 ], [ 1.456359, 9.408766000000185 ], [ 1.451039, 9.401047000000119 ], [ 1.445139, 9.394947 ], [ 1.440224000000114, 9.394305 ], [ 1.437935, 9.399154000000181 ], [ 1.436216000000172, 9.402925 ], [ 1.428486, 9.406033 ], [ 1.422498, 9.404283 ], [ 1.412446, 9.41387 ], [ 1.402879000000155, 9.419308 ], [ 1.402640000000133, 9.423602 ], [ 1.400537, 9.46142 ], [ 1.397162, 9.469557000000123 ], [ 1.395969, 9.478806000000134 ], [ 1.394806651000067, 9.479710049000062 ], [ 1.394773, 9.479964 ], [ 1.391827569000156, 9.490088847000152 ], [ 1.389778341000067, 9.497133013000166 ], [ 1.38976700000012, 9.497172 ], [ 1.386630682000145, 9.495876459999977 ], [ 1.375375, 9.491227001000141 ], [ 1.365704357000027, 9.48578798799997 ], [ 1.365363000000116, 9.485596000000101 ], [ 1.364197617000059, 9.4858288530001 ], [ 1.365657, 9.492115000000183 ], [ 1.364197617000059, 9.485828853999976 ], [ 1.362234999000179, 9.486221001000047 ], [ 1.360650001000124, 9.487014 ], [ 1.360286115000065, 9.487559657000133 ], [ 1.35854200100016, 9.490175 ], [ 1.358582760000047, 9.491071514000168 ], [ 1.358661577000078, 9.492805111000166 ], [ 1.359343, 9.507792999 ], [ 1.353068652000161, 9.523371605000079 ], [ 1.347732, 9.536622000000136 ], [ 1.346647216000179, 9.538541104000103 ], [ 1.342526001000124, 9.545831999000029 ], [ 1.343010001000039, 9.548898000000122 ], [ 1.346705277000069, 9.55836149400011 ], [ 1.35854200100016, 9.588675 ], [ 1.366551000000129, 9.611499 ], [ 1.366551000000129, 9.646274432000098 ], [ 1.366551002000165, 9.649937999000088 ], [ 1.366643395000096, 9.650272956000151 ], [ 1.36787334800016, 9.654731973000082 ], [ 1.369753999000068, 9.661550001000023 ], [ 1.366150000000175, 9.682771999000181 ], [ 1.365685000999974, 9.683547 ], [ 1.365750001000038, 9.683572 ], [ 1.364860683000188, 9.688610357000073 ], [ 1.374669, 9.689482000000169 ], [ 1.364860682000085, 9.688610357000073 ], [ 1.364113956000153, 9.692840880000062 ], [ 1.363347, 9.697185999000169 ], [ 1.363970303000031, 9.706531199000153 ], [ 1.365349999000159, 9.727217 ], [ 1.366150000000175, 9.73963 ], [ 1.366097, 9.739895001000036 ], [ 1.366754, 9.750815001000092 ], [ 1.366707299000041, 9.754918110000062 ], [ 1.36611900000014, 9.806606001000034 ], [ 1.365921999000079, 9.807447001000185 ], [ 1.366478000000143, 9.807327001000033 ], [ 1.366475000999969, 9.808047001000091 ], [ 1.366400999000064, 9.823165000000131 ], [ 1.36588881299997, 9.836061301000029 ], [ 1.370262, 9.836348 ], [ 1.376312, 9.836744000000124 ], [ 1.381856000000141, 9.836857 ], [ 1.393969000000141, 9.834385000000168 ], [ 1.403354, 9.831312 ], [ 1.406055, 9.828741 ], [ 1.408387000000118, 9.82652 ], [ 1.412269000000151, 9.821742 ], [ 1.417950000000133, 9.81475 ], [ 1.424738000000104, 9.804556000000161 ], [ 1.430978, 9.794350000000179 ], [ 1.432634, 9.788304000000153 ], [ 1.435126, 9.779207 ], [ 1.440291000000173, 9.767892 ], [ 1.443857, 9.75436800000017 ], [ 1.4474, 9.741932 ], [ 1.451994000000184, 9.731693 ], [ 1.461744, 9.726822 ], [ 1.470911, 9.717933000000187 ], [ 1.477026000000137, 9.713705000000118 ], [ 1.482387000000131, 9.692604000000188 ], [ 1.48261900000017, 9.681189 ], [ 1.487387000000126, 9.662251 ], [ 1.488528, 9.659196 ], [ 1.492023000000188, 9.649837000000161 ], [ 1.492437000000166, 9.648680000000184 ], [ 1.499572, 9.628778000000125 ], [ 1.506780999000114, 9.624571 ], [ 1.511225999000033, 9.619804000000158 ], [ 1.515742, 9.614961 ], [ 1.529030999000099, 9.608155000000181 ], [ 1.540138, 9.60076 ], [ 1.545059999000102, 9.599561000000165 ], [ 1.54353799900008, 9.596651 ], [ 1.541717000000176, 9.589906000000155 ], [ 1.543538000000183, 9.596651 ], [ 1.54506, 9.599561000000165 ], [ 1.548397999000031, 9.598747999000125 ], [ 1.561061, 9.595736 ], [ 1.57208, 9.59269 ], [ 1.575432000000148, 9.589493 ], [ 1.577270000000169, 9.57974 ], [ 1.57146200000011, 9.568749 ], [ 1.564419, 9.564804 ], [ 1.554799, 9.55265 ], [ 1.548797, 9.551445 ], [ 1.546146000000135, 9.547042 ], [ 1.539683, 9.541476000000102 ], [ 1.535915, 9.538139 ], [ 1.535542000000135, 9.529431 ], [ 1.532924, 9.523397000000102 ], [ 1.532627000000161, 9.510883000000149 ], [ 1.533102999980149, 9.487137999995079 ], [ 1.533103, 9.48713800000013 ], [ 1.533226000000184, 9.480986 ] ] ] ] } },
{ "type": "Feature", "properties": { "fid": 43, "GID_2": "BEN.7.1_1", "GID_0": "BEN", "COUNTRY": "Benin", "GID_1": "BEN.7_1", "NAME_1": "Kouffo", "NL_NAME_1": "NA", "NAME_2": "Aplahoué", "VARNAME_2": "NA", "NL_NAME_2": "NA", "TYPE_2": "Commune", "ENGTYPE_2": "Commune", "CC_2": "NA", "HASC_2": "BJ.CF.AP" }, "geometry": { "type": "MultiPolygon", "coordinates": [ [ [ [ 1.733932, 6.965885 ], [ 1.730038, 6.956157000000189 ], [ 1.727161, 6.948971000000142 ], [ 1.716921000000127, 6.933313000000112 ], [ 1.716053, 6.931985000000168 ], [ 1.705885, 6.923686 ], [ 1.6918280000001, 6.920936 ], [ 1.690748, 6.920725 ], [ 1.685684000000151, 6.92170300000015 ], [ 1.68041, 6.922721 ], [ 1.670252999000127, 6.913880000000177 ], [ 1.661189, 6.904515000000174 ], [ 1.645737999000175, 6.887998 ], [ 1.633928, 6.880754 ], [ 1.624286999000049, 6.873547 ], [ 1.611412000000144, 6.865202 ], [ 1.605476000000181, 6.863477000000159 ], [ 1.603023, 6.863198000000182 ], [ 1.602364, 6.861202 ], [ 1.602422000000104, 6.841301000000101 ], [ 1.603184999000064, 6.832458 ], [ 1.603341775000047, 6.827478882999969 ], [ 1.603153552000038, 6.827697043000114 ], [ 1.599817113000142, 6.831564150000077 ], [ 1.599561000000165, 6.831860999000185 ], [ 1.599877291000098, 6.833076458000107 ], [ 1.600809584000103, 6.836659120999968 ], [ 1.601259999000149, 6.838390000000118 ], [ 1.601300001000084, 6.839284553000141 ], [ 1.601905001000034, 6.852814 ], [ 1.599534257000187, 6.856997890000173 ], [ 1.597889716000054, 6.859900177000043 ], [ 1.595689001000153, 6.86378400000018 ], [ 1.59464700000018, 6.867558000000145 ], [ 1.594678528000145, 6.867666280000037 ], [ 1.595919807000087, 6.871929391000094 ], [ 1.596348001000138, 6.873400000000174 ], [ 1.596867743000132, 6.873905080000043 ], [ 1.60661853300013, 6.883380743000032 ], [ 1.606626000000119, 6.883388 ], [ 1.606619812000133, 6.883404093000024 ], [ 1.606578961000025, 6.883510362000038 ], [ 1.606547763000151, 6.883591515999967 ], [ 1.605129206000072, 6.887281612000152 ], [ 1.603857001000051, 6.890591 ], [ 1.604795646000184, 6.89420020100016 ], [ 1.604918455000131, 6.894672412000034 ], [ 1.605555001000027, 6.897119999000154 ], [ 1.605522720000124, 6.897900947000096 ], [ 1.60544336200013, 6.899820793000174 ], [ 1.605218351000076, 6.905264319000082 ], [ 1.605185999000071, 6.906046999000182 ], [ 1.601466636000112, 6.907273770000131 ], [ 1.592804000000115, 6.910131000000149 ], [ 1.582477999000048, 6.915937999000164 ], [ 1.579794191000019, 6.918787286000111 ], [ 1.577996425000151, 6.920695899 ], [ 1.57734721300011, 6.921385140000154 ], [ 1.576687999000058, 6.922085000000152 ], [ 1.575842527000134, 6.942802878000123 ], [ 1.575725778000105, 6.945663751000154 ], [ 1.575713436000171, 6.945966190000036 ], [ 1.575690999000187, 6.946515999000155 ], [ 1.567658000000165, 6.960573999000133 ], [ 1.565521961000059, 6.963212826000074 ], [ 1.564557832000162, 6.964403896000078 ], [ 1.561770928000158, 6.967846792000159 ], [ 1.559123, 6.971118000000104 ], [ 1.559625001000143, 6.984674001000087 ], [ 1.557616, 6.99521799900009 ], [ 1.557616, 6.998023999000111 ], [ 1.557638001000043, 6.998007 ], [ 1.558156000000167, 6.998000001000094 ], [ 1.575528047000034, 6.997765042000083 ], [ 1.576160446000017, 6.997756488000107 ], [ 1.586581637000108, 6.997615541000073 ], [ 1.587361001000147, 6.997604999000089 ], [ 1.587360999000111, 6.996520710000141 ], [ 1.587360999000111, 6.996500889 ], [ 1.587360999000111, 6.995123132000174 ], [ 1.587360999000111, 6.994793000000186 ], [ 1.590976000000182, 6.9939900010001 ], [ 1.591565759000048, 6.9939900010001 ], [ 1.59554986500018, 6.9939900010001 ], [ 1.598207, 6.9939900010001 ], [ 1.606001598000148, 6.995345912000118 ], [ 1.607444999000109, 6.995597 ], [ 1.611214217000054, 6.995419589999983 ], [ 1.641587000000186, 6.9939900010001 ], [ 1.641571940000176, 6.994598169000142 ], [ 1.641346175000081, 7.00371574900015 ], [ 1.64110658200002, 7.013391751000142 ], [ 1.639771999, 7.06728900000013 ], [ 1.639399000000139, 7.07591899900018 ], [ 1.637889170000108, 7.116581254000096 ], [ 1.637760001000174, 7.120060000000137 ], [ 1.637512998999966, 7.125461 ], [ 1.63757399900004, 7.125537001000112 ], [ 1.63756007700016, 7.12805107600019 ], [ 1.63756, 7.128064999000173 ], [ 1.637557853000146, 7.128449852000131 ], [ 1.637239034000117, 7.185599549000131 ], [ 1.637173002000168, 7.197436 ], [ 1.637615000000153, 7.20580299900007 ], [ 1.636071001000062, 7.205971 ], [ 1.63757399900004, 7.205871001000162 ], [ 1.636771000000124, 7.246842 ], [ 1.636537000000146, 7.247918 ], [ 1.636370001000103, 7.262507001000074 ], [ 1.63631099700018, 7.271527236000054 ], [ 1.635968002000141, 7.323961999000062 ], [ 1.635968002000141, 7.32483224900011 ], [ 1.635968000000162, 7.345373001000041 ], [ 1.635968000000162, 7.391041 ], [ 1.634918999000092, 7.400688000000116 ], [ 1.635652001000039, 7.4166080010001 ], [ 1.642079, 7.468342000000177 ], [ 1.644007, 7.485695001000067 ], [ 1.645219503000078, 7.487653816000034 ], [ 1.645994916, 7.488906505000045 ], [ 1.648184001000061, 7.492442999000104 ], [ 1.648543096000026, 7.492556385000057 ], [ 1.648578245000181, 7.492567484000176 ], [ 1.654290000000174, 7.494370999000068 ], [ 1.675498, 7.494370999000068 ], [ 1.677426, 7.497584000000131 ], [ 1.67741400500006, 7.497716092000189 ], [ 1.677313196000171, 7.498826234000035 ], [ 1.677234033000104, 7.499698010000031 ], [ 1.678499, 7.498389 ], [ 1.680151000000137, 7.49515 ], [ 1.687862, 7.480577 ], [ 1.693959, 7.463824000000102 ], [ 1.698379000000159, 7.453561 ], [ 1.700623, 7.443824000000177 ], [ 1.708817000000181, 7.436840000000132 ], [ 1.711926000000176, 7.435097 ], [ 1.719163000000151, 7.432582 ], [ 1.723059, 7.419605 ], [ 1.726906, 7.413131 ], [ 1.726412, 7.406624000000136 ], [ 1.726444, 7.402289 ], [ 1.727034, 7.395791000000145 ], [ 1.728711, 7.3893 ], [ 1.735284000000149, 7.381220000000155 ], [ 1.739143, 7.37312 ], [ 1.740292, 7.364458 ], [ 1.741146, 7.361797000000138 ], [ 1.743069000000162, 7.355808 ], [ 1.747989000000132, 7.350967 ], [ 1.750204, 7.345022 ], [ 1.751879, 7.33853100000016 ], [ 1.751165000000185, 7.335019000000159 ], [ 1.749784000000147, 7.32822 ], [ 1.750796, 7.323352000000114 ], [ 1.752034000000151, 7.317399000000137 ], [ 1.75971, 7.306616 ], [ 1.782525, 7.288494 ], [ 1.801543, 7.254086 ], [ 1.813879, 7.223306 ], [ 1.818905, 7.214228 ], [ 1.827073000000155, 7.20657 ], [ 1.83143, 7.20274 ], [ 1.837273, 7.19736 ], [ 1.829525, 7.189682000000175 ], [ 1.821663000000171, 7.17275 ], [ 1.806242, 7.153527 ], [ 1.800857000000178, 7.142722000000106 ], [ 1.798363, 7.13771800000012 ], [ 1.791535000000124, 7.124017 ], [ 1.771814000000177, 7.102553 ], [ 1.75958, 7.087717000000168 ], [ 1.753323, 7.07243700000015 ], [ 1.747716, 7.050664 ], [ 1.747316, 7.047917 ], [ 1.745605, 7.036145 ], [ 1.744794, 7.030562000000145 ], [ 1.742984, 7.008852000000104 ], [ 1.742221, 7.004025 ], [ 1.74062, 6.993899000000113 ], [ 1.736968, 6.970805000000155 ], [ 1.73611000000011, 6.965379 ], [ 1.733932, 6.965885 ] ] ] ] } },
{ "type": "Feature", "properties": { "fid": 44, "GID_2": "BEN.7.2_1", "GID_0": "BEN", "COUNTRY": "Benin", "GID_1": "BEN.7_1", "NAME_1": "Kouffo", "NL_NAME_1": "NA", "NAME_2": "Djakotomey", "VARNAME_2": "Djakotome", "NL_NAME_2": "NA", "TYPE_2": "Commune", "ENGTYPE_2": "Commune", "CC_2": "NA", "HASC_2": "NA" }, "geometry": { "type": "MultiPolygon", "coordinates": [ [ [ [ 1.705932000000189, 6.822876 ], [ 1.701666, 6.81847 ], [ 1.699046000000124, 6.813007 ], [ 1.696967, 6.807552000000157 ], [ 1.688926000000151, 6.801999 ], [ 1.679232000000127, 6.798044000000175 ], [ 1.678245000000175, 6.79778 ], [ 1.670594, 6.795733 ], [ 1.660367, 6.791227000000163 ], [ 1.654423000000179, 6.790044000000137 ], [ 1.644187, 6.786079000000143 ], [ 1.625279, 6.781970000000172 ], [ 1.617699, 6.781301 ], [ 1.615078, 6.781486 ], [ 1.61570300000011, 6.784734 ], [ 1.614369, 6.788266 ], [ 1.612245722000068, 6.788661172000104 ], [ 1.612548835000155, 6.78936349200012 ], [ 1.639828000000136, 6.806522 ], [ 1.612548834000052, 6.78936349200012 ], [ 1.613419999000143, 6.791382000000169 ], [ 1.611338999000054, 6.798244001000114 ], [ 1.608929001000149, 6.799953999000024 ], [ 1.607540924000148, 6.800042471000097 ], [ 1.607171282000138, 6.800066031000085 ], [ 1.601628948000041, 6.800419282000064 ], [ 1.598696199000074, 6.800606207000158 ], [ 1.598635728000147, 6.800610061000157 ], [ 1.598621, 6.800611000000117 ], [ 1.596887, 6.806442999000126 ], [ 1.597513000000163, 6.808337 ], [ 1.598881750000089, 6.812483818000146 ], [ 1.598930000000166, 6.81262999900008 ], [ 1.604071001000023, 6.816765001000078 ], [ 1.608188, 6.818836999000098 ], [ 1.610412236000059, 6.820961255000043 ], [ 1.614767342000164, 6.825120598000183 ], [ 1.615040000000135, 6.825380999000117 ], [ 1.613312000000178, 6.82881 ], [ 1.612087432000067, 6.828561806000153 ], [ 1.611595, 6.828461999000126 ], [ 1.603698000000122, 6.827065999000126 ], [ 1.603341775000047, 6.827478882999969 ], [ 1.603185000000167, 6.832458 ], [ 1.602422000000104, 6.841301000000101 ], [ 1.602364, 6.861202 ], [ 1.603023, 6.863198000000182 ], [ 1.605476000000181, 6.863477000000159 ], [ 1.611412000000144, 6.865202 ], [ 1.624287000000152, 6.873547 ], [ 1.633928, 6.880754 ], [ 1.645738000000108, 6.887998 ], [ 1.661189, 6.904515000000174 ], [ 1.670253, 6.913880000000177 ], [ 1.68041, 6.922721 ], [ 1.685684000000151, 6.92170300000015 ], [ 1.690748, 6.920725 ], [ 1.6918280000001, 6.920936 ], [ 1.705885, 6.923686 ], [ 1.716053, 6.931985000000168 ], [ 1.716921000000127, 6.933313000000112 ], [ 1.727161, 6.948971000000142 ], [ 1.730038, 6.956157000000189 ], [ 1.733932, 6.965885 ], [ 1.73611000000011, 6.965379 ], [ 1.750832000000173, 6.960744 ], [ 1.76331400000015, 6.960408 ], [ 1.777395000000126, 6.961724000000174 ], [ 1.792734, 6.945834000000104 ], [ 1.782874000000106, 6.936243 ], [ 1.779495000000111, 6.933032000000139 ], [ 1.768215000000112, 6.926343 ], [ 1.753086000000167, 6.922841000000176 ], [ 1.756136, 6.917947 ], [ 1.766963, 6.903558 ], [ 1.76733, 6.902162000000146 ], [ 1.769742000000178, 6.892993 ], [ 1.771825, 6.885071 ], [ 1.783569, 6.859012 ], [ 1.786796, 6.851851000000124 ], [ 1.780414000000121, 6.844158 ], [ 1.777766, 6.840321000000188 ], [ 1.77622, 6.835417000000177 ], [ 1.772487, 6.831562 ], [ 1.77152800000016, 6.830791 ], [ 1.767670000000123, 6.827689 ], [ 1.763333000000102, 6.827618 ], [ 1.75761000000017, 6.82692 ], [ 1.753051, 6.826365000000123 ], [ 1.748731, 6.82521 ], [ 1.741684, 6.825093 ], [ 1.735712, 6.825537000000168 ], [ 1.731143, 6.826473 ], [ 1.722656000000143, 6.828031000000124 ], [ 1.714534000000128, 6.827355000000125 ], [ 1.711508, 6.827002 ], [ 1.709121, 6.826723 ], [ 1.705932000000189, 6.822876 ] ] ] ] } },
{ "type": "Feature", "properties": { "fid": 45, "GID_2": "BEN.9.6_1", "GID_0": "BEN", "COUNTRY": "Benin", "GID_1": "BEN.7_1", "NAME_1": "Kouffo", "NL_NAME_1": "NA", "NAME_2": "Dogbo", "VARNAME_2": "Dogbo-Tota", "NL_NAME_2": "NA", "TYPE_2": "Commune", "ENGTYPE_2": "Commune", "CC_2": "NA", "HASC_2": "BJ.CF.DO" }, "geometry": { "type": "MultiPolygon", "coordinates": [ [ [ [ 1.769184000000166, 6.735573000000159 ], [ 1.764359000000127, 6.732241000000158 ], [ 1.759001000000183, 6.728359000000125 ], [ 1.753101000000129, 6.724468 ], [ 1.737969, 6.721509 ], [ 1.722242, 6.721793 ], [ 1.721342000000163, 6.721531 ], [ 1.713946, 6.719383000000164 ], [ 1.710372, 6.718345 ], [ 1.695311000000174, 6.715398000000107 ], [ 1.683345, 6.713562 ], [ 1.671439000000134, 6.712281000000132 ], [ 1.660039000000154, 6.713175 ], [ 1.648116000000186, 6.712977 ], [ 1.641602, 6.713165000000117 ], [ 1.636184001000174, 6.713321 ], [ 1.623737000000119, 6.712029 ], [ 1.611831, 6.710746000000142 ], [ 1.592403001000037, 6.712428 ], [ 1.593014951000043, 6.707055971999978 ], [ 1.592731799999967, 6.707586900000081 ], [ 1.591959124000027, 6.708086338000157 ], [ 1.591897323000126, 6.708686588000091 ], [ 1.59103076800011, 6.717103137000038 ], [ 1.591525700000034, 6.717778 ], [ 1.591339368000035, 6.718672643000048 ], [ 1.592368836000162, 6.72344105500008 ], [ 1.592426286000091, 6.723707157000092 ], [ 1.592819714000143, 6.725529487000017 ], [ 1.592920001000039, 6.725994001000117 ], [ 1.59736168500018, 6.726006435000045 ], [ 1.598051150000117, 6.726008365000041 ], [ 1.600064001000135, 6.726013999000145 ], [ 1.600523222, 6.726444903000129 ], [ 1.608178401000032, 6.733628035000095 ], [ 1.608286000000135, 6.733729000000153 ], [ 1.614044000000149, 6.737865999000064 ], [ 1.61953, 6.741452999000046 ], [ 1.620214727000132, 6.743526790000089 ], [ 1.620298948000084, 6.743781863000152 ], [ 1.62067372100006, 6.744916916000022 ], [ 1.620709583000178, 6.745025528000156 ], [ 1.620891999000037, 6.745578 ], [ 1.620798001000026, 6.745755281000186 ], [ 1.619338011000025, 6.748508814000047 ], [ 1.618129001, 6.750789 ], [ 1.620177985000112, 6.754684571000041 ], [ 1.620236180000177, 6.754795213000136 ], [ 1.620589, 6.755466000000126 ], [ 1.621793703000037, 6.756609702999981 ], [ 1.624993000000131, 6.759647001000133 ], [ 1.625264184000173, 6.759701973000062 ], [ 1.625596233000067, 6.759769287000097 ], [ 1.625876001000108, 6.759826001000022 ], [ 1.625782588999982, 6.759944170000097 ], [ 1.62253662300003, 6.764050417000135 ], [ 1.622084000000143, 6.764623001000075 ], [ 1.616163211000071, 6.767118367000137 ], [ 1.613179253999988, 6.768375979000098 ], [ 1.610740062000161, 6.769403996000165 ], [ 1.610382250000043, 6.769554799000105 ], [ 1.609681905000116, 6.769849965000049 ], [ 1.609482903000128, 6.769933836000121 ], [ 1.608327001000077, 6.770421000000113 ], [ 1.608383936000109, 6.771692258000144 ], [ 1.608539226000119, 6.775159613000028 ], [ 1.608611131000146, 6.776765145000184 ], [ 1.608649998999965, 6.777633000000151 ], [ 1.610006999000177, 6.783474 ], [ 1.612245721000136, 6.788661172000104 ], [ 1.613919100000146, 6.788349733000189 ], [ 1.614369, 6.788266 ], [ 1.61570300000011, 6.784734 ], [ 1.615078, 6.781486 ], [ 1.617699, 6.781301 ], [ 1.625279, 6.781970000000172 ], [ 1.644187, 6.786079000000143 ], [ 1.654423000000179, 6.790044000000137 ], [ 1.660367, 6.791227000000163 ], [ 1.670594, 6.795733 ], [ 1.678245000000175, 6.79778 ], [ 1.679232000000127, 6.798044000000175 ], [ 1.688926000000151, 6.801999 ], [ 1.696967, 6.807552000000157 ], [ 1.699046000000124, 6.813007 ], [ 1.701666, 6.81847 ], [ 1.705932000000189, 6.822876 ], [ 1.709121, 6.826723 ], [ 1.711508, 6.827002 ], [ 1.714534000000128, 6.827355000000125 ], [ 1.722656000000143, 6.828031000000124 ], [ 1.731143, 6.826473 ], [ 1.735712, 6.825537000000168 ], [ 1.741684, 6.825093 ], [ 1.748731, 6.82521 ], [ 1.753051, 6.826365000000123 ], [ 1.75761000000017, 6.82692 ], [ 1.763333000000102, 6.827618 ], [ 1.767670000000123, 6.827689 ], [ 1.77152800000016, 6.830791 ], [ 1.772487, 6.831562 ], [ 1.77622, 6.835417000000177 ], [ 1.777766, 6.840321000000188 ], [ 1.780414000000121, 6.844158 ], [ 1.786796, 6.851851000000124 ], [ 1.798217, 6.84987000000018 ], [ 1.809104, 6.847338 ], [ 1.813084000000174, 6.846153000000129 ], [ 1.819458000000168, 6.844255 ], [ 1.826515, 6.843829 ], [ 1.828568, 6.843521000000123 ], [ 1.836301, 6.842362000000151 ], [ 1.845544, 6.840887000000123 ], [ 1.849916000000178, 6.838790000000188 ], [ 1.8564310000001, 6.838354000000152 ], [ 1.863558, 6.833591 ], [ 1.868473000000108, 6.831503000000168 ], [ 1.875032, 6.828357 ], [ 1.880506, 6.825193000000127 ], [ 1.886513, 6.82258000000013 ], [ 1.891970000000185, 6.820501 ], [ 1.900741, 6.81468000000018 ], [ 1.907247000000154, 6.811747000000139 ], [ 1.910027000000127, 6.810494000000176 ], [ 1.917678, 6.806823 ], [ 1.959321, 6.773260000000164 ], [ 1.995403000000181, 6.744172 ], [ 1.982036000000107, 6.749857000000191 ], [ 1.96890400000018, 6.757236 ], [ 1.952511, 6.765104000000179 ], [ 1.937761, 6.771914 ], [ 1.917056000000173, 6.771978000000161 ], [ 1.906907000000103, 6.772008000000142 ], [ 1.901966000000186, 6.77242200000012 ], [ 1.892033, 6.772757000000126 ], [ 1.891115000000184, 6.772789000000103 ], [ 1.880798, 6.773706000000118 ], [ 1.869938000000161, 6.774614 ], [ 1.855879, 6.772218000000123 ], [ 1.842407, 6.767121 ], [ 1.833769000000132, 6.764812000000177 ], [ 1.823007000000189, 6.759759 ], [ 1.818675, 6.758028 ], [ 1.811694000000102, 6.755238 ], [ 1.803652000000113, 6.749687000000165 ], [ 1.802197, 6.749886000000117 ], [ 1.796588, 6.750655000000165 ], [ 1.787355000000161, 6.751588 ], [ 1.779740000000174, 6.75309 ], [ 1.77644400000014, 6.748215 ], [ 1.773458000000119, 6.739437000000123 ], [ 1.769184000000166, 6.735573000000159 ] ] ] ] } },
{ "type": "Feature", "properties": { "fid": 46, "GID_2": "BEN.7.4_1", "GID_0": "BEN", "COUNTRY": "Benin", "GID_1": "BEN.7_1", "NAME_1": "Kouffo", "NL_NAME_1": "NA", "NAME_2": "Klouékanmè", "VARNAME_2": "Klouékanmey", "NL_NAME_2": "NA", "TYPE_2": "Commune", "ENGTYPE_2": "Commune", "CC_2": "NA", "HASC_2": "BJ.CF.KL" }, "geometry": { "type": "MultiPolygon", "coordinates": [ [ [ [ 1.824245000000133, 6.949484000000155 ], [ 1.816565, 6.94790200000017 ], [ 1.804243, 6.945363 ], [ 1.792734, 6.945834000000104 ], [ 1.777395000000126, 6.961724000000174 ], [ 1.76331400000015, 6.960408 ], [ 1.750832000000173, 6.960744 ], [ 1.73611000000011, 6.965379 ], [ 1.736968, 6.970805000000155 ], [ 1.74062, 6.993899000000113 ], [ 1.742221, 7.004025 ], [ 1.742984, 7.008852000000104 ], [ 1.744794, 7.030562000000145 ], [ 1.745605, 7.036145 ], [ 1.747316, 7.047917 ], [ 1.747716, 7.050664 ], [ 1.753323, 7.07243700000015 ], [ 1.75958, 7.087717000000168 ], [ 1.771814000000177, 7.102553 ], [ 1.791535000000124, 7.124017 ], [ 1.798363, 7.13771800000012 ], [ 1.800857000000178, 7.142722000000106 ], [ 1.806242, 7.153527 ], [ 1.821663000000171, 7.17275 ], [ 1.829525, 7.189682000000175 ], [ 1.837273, 7.19736 ], [ 1.843963, 7.193979 ], [ 1.852705000000185, 7.196135 ], [ 1.854336000000103, 7.193949 ], [ 1.852681000000132, 7.187955000000102 ], [ 1.861941000000172, 7.140128 ], [ 1.864513, 7.126842000000124 ], [ 1.862862000000177, 7.122484000000156 ], [ 1.86564900000019, 7.117438000000107 ], [ 1.871007000000134, 7.107735 ], [ 1.877833, 7.100348 ], [ 1.87806600000016, 7.095171000000164 ], [ 1.881323000000179, 7.089162000000158 ], [ 1.901507, 7.067627 ], [ 1.91668900000019, 7.051425000000108 ], [ 1.926580000000172, 7.0387 ], [ 1.930649, 7.033465 ], [ 1.947151000000133, 7.012231 ], [ 1.953655, 7.003863000000138 ], [ 1.957472, 7.00276 ], [ 1.966189, 7.002586000000179 ], [ 1.956977000000109, 6.993373000000133 ], [ 1.940313000000117, 6.983890000000144 ], [ 1.928372000000138, 6.973932 ], [ 1.926396, 6.972283 ], [ 1.911404, 6.960116 ], [ 1.901792, 6.950747 ], [ 1.897253000000148, 6.94688600000012 ], [ 1.892696, 6.94301 ], [ 1.880819, 6.937317000000121 ], [ 1.872789000000182, 6.933468000000119 ], [ 1.853581, 6.946711 ], [ 1.849484000000132, 6.947098 ], [ 1.824245000000133, 6.949484000000155 ] ] ] ] } },
{ "type": "Feature", "properties": { "fid": 47, "GID_2": "BEN.7.5_1", "GID_0": "BEN", "COUNTRY": "Benin", "GID_1": "BEN.7_1", "NAME_1": "Kouffo", "NL_NAME_1": "NA", "NAME_2": "Lalo", "VARNAME_2": "NA", "NL_NAME_2": "NA", "TYPE_2": "Commune", "ENGTYPE_2": "Commune", "CC_2": "NA", "HASC_2": "BJ.CF.LA" }, "geometry": { "type": "MultiPolygon", "coordinates": [ [ [ [ 2.056404, 6.788388 ], [ 2.053078, 6.786041 ], [ 2.045734, 6.781903000000113 ], [ 2.042132, 6.77983300000011 ], [ 2.037835, 6.776935000000151 ], [ 2.035617000000173, 6.774863 ], [ 2.03519800000015, 6.772925000000157 ], [ 2.03588, 6.767525000000148 ], [ 2.036707000000149, 6.765585 ], [ 2.038360000000125, 6.761013000000105 ], [ 2.038904000000173, 6.755889000000138 ], [ 2.039167, 6.747720000000129 ], [ 2.038604, 6.742876 ], [ 2.038463, 6.741215000000125 ], [ 2.038457000000164, 6.738002 ], [ 2.004985, 6.73884 ], [ 1.995403000000181, 6.744172 ], [ 1.959321, 6.773260000000164 ], [ 1.917678, 6.806823 ], [ 1.910027000000127, 6.810494000000176 ], [ 1.907247000000154, 6.811747000000139 ], [ 1.900741, 6.81468000000018 ], [ 1.891970000000185, 6.820501 ], [ 1.886513, 6.82258000000013 ], [ 1.880506, 6.825193000000127 ], [ 1.875032, 6.828357 ], [ 1.868473000000108, 6.831503000000168 ], [ 1.863558, 6.833591 ], [ 1.8564310000001, 6.838354000000152 ], [ 1.860654000000125, 6.845469 ], [ 1.863713, 6.857442000000162 ], [ 1.866177, 6.872659000000112 ], [ 1.869876, 6.878681000000142 ], [ 1.871197, 6.886203 ], [ 1.872358, 6.892815 ], [ 1.873037, 6.89639 ], [ 1.877179000000126, 6.91817 ], [ 1.880819, 6.937317000000121 ], [ 1.892696, 6.94301 ], [ 1.897253000000148, 6.94688600000012 ], [ 1.901792, 6.950747 ], [ 1.911404, 6.960116 ], [ 1.926396, 6.972283 ], [ 1.928372000000138, 6.973932 ], [ 1.940313000000117, 6.983890000000144 ], [ 1.956977000000109, 6.993373000000133 ], [ 1.966189, 7.002586000000179 ], [ 1.972703, 6.986896000000172 ], [ 1.977569000000187, 6.9727 ], [ 1.97859300000016, 6.97145300000011 ], [ 1.987897000000146, 6.960124000000121 ], [ 1.990053000000159, 6.95193600000016 ], [ 1.990388000000166, 6.942221000000131 ], [ 1.99105, 6.923028000000158 ], [ 2.005256, 6.91603600000019 ], [ 2.014476000000172, 6.911497000000168 ], [ 2.021229, 6.913161000000173 ], [ 2.023214000000166, 6.913650000000132 ], [ 2.034372000000189, 6.912815000000137 ], [ 2.037321000000134, 6.912594000000183 ], [ 2.03849, 6.912507 ], [ 2.049415000000181, 6.915742 ], [ 2.0554360000001, 6.921175000000176 ], [ 2.062000000000182, 6.92551600000013 ], [ 2.063964000000112, 6.926070000000152 ], [ 2.069647000000145, 6.927671 ], [ 2.078945, 6.933639 ], [ 2.081135000000131, 6.935812000000112 ], [ 2.087445000000173, 6.937199000000135 ], [ 2.088183000000129, 6.933626 ], [ 2.090161, 6.931332000000168 ], [ 2.0914, 6.92773 ], [ 2.094158000000107, 6.921771 ], [ 2.096366, 6.918306 ], [ 2.09982, 6.914976 ], [ 2.103138, 6.912339 ], [ 2.103967000000125, 6.911645 ], [ 2.105621000000156, 6.907765 ], [ 2.106189, 6.904978 ], [ 2.106581, 6.903056 ], [ 2.106577, 6.900564 ], [ 2.10532400000011, 6.896967000000188 ], [ 2.102135, 6.893928 ], [ 2.098946000000126, 6.89075 ], [ 2.097005000000138, 6.888816 ], [ 2.09478700000011, 6.887020000000177 ], [ 2.08841, 6.88177300000018 ], [ 2.084808000000123, 6.880257000000142 ], [ 2.082315, 6.879431000000181 ], [ 2.077467, 6.877226000000178 ], [ 2.073586, 6.874465000000157 ], [ 2.071503, 6.870731000000148 ], [ 2.070527000000141, 6.866995 ], [ 2.069131, 6.860491 ], [ 2.067168, 6.856465000000128 ], [ 2.065352, 6.851950000000159 ], [ 2.065294957000049, 6.851725903000158 ], [ 2.065545, 6.851759000000129 ], [ 2.064412, 6.841679000000113 ], [ 2.065035, 6.836042 ], [ 2.064932000000113, 6.836075 ], [ 2.064381, 6.836305 ], [ 2.064370000000167, 6.83004300000016 ], [ 2.064084, 6.825475 ], [ 2.063663, 6.821877 ], [ 2.06213, 6.816065 ], [ 2.061569, 6.812051 ], [ 2.061564000000146, 6.809582 ], [ 2.062074, 6.809427 ], [ 2.062106, 6.808337 ], [ 2.061562000000151, 6.808395 ], [ 2.061559000000102, 6.806790000000149 ], [ 2.06209900000016, 6.799036 ], [ 2.061538, 6.795161 ], [ 2.059038, 6.790597 ], [ 2.056404, 6.788388 ] ] ] ] } },
{ "type": "Feature", "properties": { "fid": 48, "GID_2": "BEN.7.6_1", "GID_0": "BEN", "COUNTRY": "Benin", "GID_1": "BEN.7_1", "NAME_1": "Kouffo", "NL_NAME_1": "NA", "NAME_2": "Toviklin", "VARNAME_2": "NA", "NL_NAME_2": "NA", "TYPE_2": "Commune", "ENGTYPE_2": "Commune", "CC_2": "NA", "HASC_2": "BJ.CF.TO" }, "geometry": { "type": "MultiPolygon", "coordinates": [ [ [ [ 1.866177, 6.872659000000112 ], [ 1.863713, 6.857442000000162 ], [ 1.860654000000125, 6.845469 ], [ 1.8564310000001, 6.838354000000152 ], [ 1.849916000000178, 6.838790000000188 ], [ 1.845544, 6.840887000000123 ], [ 1.836301, 6.842362000000151 ], [ 1.828568, 6.843521000000123 ], [ 1.826515, 6.843829 ], [ 1.819458000000168, 6.844255 ], [ 1.813084000000174, 6.846153000000129 ], [ 1.809104, 6.847338 ], [ 1.798217, 6.84987000000018 ], [ 1.786796, 6.851851000000124 ], [ 1.783569, 6.859012 ], [ 1.771825, 6.885071 ], [ 1.769742000000178, 6.892993 ], [ 1.76733, 6.902162000000146 ], [ 1.766963, 6.903558 ], [ 1.756136, 6.917947 ], [ 1.753086000000167, 6.922841000000176 ], [ 1.768215000000112, 6.926343 ], [ 1.779495000000111, 6.933032000000139 ], [ 1.782874000000106, 6.936243 ], [ 1.792734, 6.945834000000104 ], [ 1.804243, 6.945363 ], [ 1.816565, 6.94790200000017 ], [ 1.824245000000133, 6.949484000000155 ], [ 1.849484000000132, 6.947098 ], [ 1.853581, 6.946711 ], [ 1.872789000000182, 6.933468000000119 ], [ 1.880819, 6.937317000000121 ], [ 1.877179000000126, 6.91817 ], [ 1.873037, 6.89639 ], [ 1.872358, 6.892815 ], [ 1.871197, 6.886203 ], [ 1.869876, 6.878681000000142 ], [ 1.866177, 6.872659000000112 ] ] ] ] } },
{ "type": "Feature", "properties": { "fid": 49, "GID_2": "BEN.8.1_1", "GID_0": "BEN", "COUNTRY": "Benin", "GID_1": "BEN.8_1", "NAME_1": "Littoral", "NL_NAME_1": "NA", "NAME_2": "Cotonou", "VARNAME_2": "NA", "NL_NAME_2": "NA", "TYPE_2": "Commune", "ENGTYPE_2": "Commune", "CC_2": "NA", "HASC_2": "BJ.LI.CO" }, "geometry": { "type": "MultiPolygon", "coordinates": [ [ [ [ 2.427916050000135, 6.343750001000046 ], [ 2.427083969000137, 6.343750001000046 ], [ 2.427083969000137, 6.343852095000159 ], [ 2.427083969000137, 6.344027997000126 ], [ 2.424583912000116, 6.344027997000126 ], [ 2.424583912000116, 6.343910921000031 ], [ 2.424583912000116, 6.343910920000155 ], [ 2.424583912000116, 6.343750001000046 ], [ 2.423748970000133, 6.343750001000046 ], [ 2.423748970000133, 6.343930565000107 ], [ 2.423748970000133, 6.343930566000154 ], [ 2.423748970000133, 6.344305992000159 ], [ 2.423470974000054, 6.344305992000159 ], [ 2.423470974000054, 6.344583988000068 ], [ 2.423192979000078, 6.344583988000068 ], [ 2.423192979000078, 6.344861984000147 ], [ 2.422640086000058, 6.344861984000147 ], [ 2.422640086000058, 6.344305992000159 ], [ 2.422360897000146, 6.344305992000159 ], [ 2.422360897000146, 6.343963226000028 ], [ 2.422360897000146, 6.343750001000046 ], [ 2.418749093000088, 6.343750001000046 ], [ 2.418749093000088, 6.344027997000126 ], [ 2.418473005000124, 6.344027997000126 ], [ 2.418473005000124, 6.344063634000179 ], [ 2.418473005000124, 6.344305993000035 ], [ 2.418195010000147, 6.344305993000035 ], [ 2.418195010000147, 6.344583989000171 ], [ 2.41763901600018, 6.344583989000171 ], [ 2.41763901600018, 6.344305993000035 ], [ 2.417361021000147, 6.344305993000035 ], [ 2.417361021000147, 6.344089415999974 ], [ 2.417361021000147, 6.344027997000126 ], [ 2.417083025000068, 6.344027997000126 ], [ 2.417083025000068, 6.343750001000046 ], [ 2.414582968000047, 6.343750001000046 ], [ 2.414582968000047, 6.343472005000137 ], [ 2.41347289100014, 6.343472005000137 ], [ 2.41347289100014, 6.343194008000182 ], [ 2.412916898000049, 6.343194008000182 ], [ 2.412916898000049, 6.343472005000137 ], [ 2.41236090600006, 6.343472005000137 ], [ 2.41236090600006, 6.343750001000046 ], [ 2.411803960000157, 6.343750001000046 ], [ 2.411803960000157, 6.344027997000126 ], [ 2.409581899000102, 6.344027997000126 ], [ 2.409581899000102, 6.344269780000161 ], [ 2.409581899000102, 6.344305993000035 ], [ 2.408472061999987, 6.344305993000035 ], [ 2.408472061999987, 6.344583989000171 ], [ 2.408194066000078, 6.344583989000171 ], [ 2.408194066000078, 6.344305993000035 ], [ 2.408020062000105, 6.344305993000035 ], [ 2.406805991000112, 6.344305993000035 ], [ 2.406805991000112, 6.34433414200015 ], [ 2.406805991000112, 6.344583989000171 ], [ 2.406250000000171, 6.344583989000171 ], [ 2.406250000000171, 6.344861984000147 ], [ 2.40458393199998, 6.344861984000147 ], [ 2.40458393199998, 6.345139982000035 ], [ 2.404305934000092, 6.345139982000035 ], [ 2.404305934000092, 6.345416069000066 ], [ 2.404027939000116, 6.345416069000066 ], [ 2.404027939000116, 6.345694066000078 ], [ 2.403471947000071, 6.345694066000078 ], [ 2.403471947000071, 6.345416069000066 ], [ 2.402637958000128, 6.345416069000066 ], [ 2.402637958000128, 6.345139982000035 ], [ 2.401527881000163, 6.345139982000035 ], [ 2.401527881000163, 6.345416069000066 ], [ 2.400140046, 6.345416069000066 ], [ 2.400140046, 6.345694066000078 ], [ 2.399584055000105, 6.345694066000078 ], [ 2.399584055000105, 6.345972062000158 ], [ 2.399306060000129, 6.345972062000158 ], [ 2.399306060000129, 6.345694066000078 ], [ 2.398750066000105, 6.345694066000078 ], [ 2.398750066000105, 6.345416069000066 ], [ 2.397639989000027, 6.345416069000066 ], [ 2.397639989000027, 6.345139982000035 ], [ 2.397361994, 6.345139982000035 ], [ 2.397361994, 6.345416069000066 ], [ 2.396249056000102, 6.345416069000066 ], [ 2.396249056000102, 6.345694066000078 ], [ 2.395695925000098, 6.345694066000078 ], [ 2.395695925000098, 6.345972062000158 ], [ 2.394582986000103, 6.345972062000158 ], [ 2.394582986000103, 6.346250058000066 ], [ 2.394304990000023, 6.346250058000066 ], [ 2.394304990000023, 6.346528055000078 ], [ 2.394026995000047, 6.346528055000078 ], [ 2.394026995000047, 6.347084045000031 ], [ 2.393748999000138, 6.347084045000031 ], [ 2.393748999000138, 6.347638131000053 ], [ 2.393471004000105, 6.347638131000053 ], [ 2.393471004000105, 6.347916128000065 ], [ 2.392360927000027, 6.347916128000065 ], [ 2.392360927000027, 6.347638131000053 ], [ 2.39180493300006, 6.347638131000053 ], [ 2.39180493300006, 6.347362041000167 ], [ 2.391526938000027, 6.347362041000167 ], [ 2.391526938000027, 6.347084045000031 ], [ 2.390973092000024, 6.347084045000031 ], [ 2.390973092000024, 6.347362041000167 ], [ 2.389861107000115, 6.347362041000167 ], [ 2.389861107000115, 6.347638131000053 ], [ 2.389583111000036, 6.347638131000053 ], [ 2.389583111000036, 6.347916128000065 ], [ 2.389305114000081, 6.347916128000065 ], [ 2.389305114000081, 6.348472118000075 ], [ 2.389027118000172, 6.348472118000075 ], [ 2.389027118000172, 6.348750116000133 ], [ 2.388751030000037, 6.348750116000133 ], [ 2.388751030000037, 6.349582196000085 ], [ 2.388473034000128, 6.349582196000085 ], [ 2.388473034000128, 6.349860192000165 ], [ 2.387639046000061, 6.349860192000165 ], [ 2.387639046000061, 6.349028112000042 ], [ 2.387917041000037, 6.349028112000042 ], [ 2.387917041000037, 6.348194123000042 ], [ 2.387639046000061, 6.348194123000042 ], [ 2.387639046000061, 6.347638131000053 ], [ 2.386805057000061, 6.347638131000053 ], [ 2.386805057000061, 6.347916128000065 ], [ 2.385972977000108, 6.347916128000065 ], [ 2.385972977000108, 6.348194123000042 ], [ 2.383472920000145, 6.348194123000042 ], [ 2.383472920000145, 6.348472118000075 ], [ 2.380971908000163, 6.348472118000075 ], [ 2.380971908000163, 6.348750116000133 ], [ 2.37958407300016, 6.348750116000133 ], [ 2.37958407300016, 6.349028112000042 ], [ 2.379306078000184, 6.349028112000042 ], [ 2.379306078000184, 6.348750116000133 ], [ 2.376250029000175, 6.348750116000133 ], [ 2.376250029000175, 6.349028112000042 ], [ 2.375694036000084, 6.349028112000042 ], [ 2.375694036000084, 6.348750116000133 ], [ 2.375416040000175, 6.348750116000133 ], [ 2.375416040000175, 6.349028112000042 ], [ 2.374305963000097, 6.349028112000042 ], [ 2.374305963000097, 6.349306107000075 ], [ 2.373193979000064, 6.349306107000075 ], [ 2.373193979000064, 6.349582196000085 ], [ 2.372639895000077, 6.349582196000085 ], [ 2.372639895000077, 6.349860192000165 ], [ 2.371805906000077, 6.349860192000165 ], [ 2.371805906000077, 6.349582196000085 ], [ 2.369862080000189, 6.349582196000085 ], [ 2.369862080000189, 6.349306107000075 ], [ 2.367639066000095, 6.349306107000075 ], [ 2.367639066000095, 6.349582196000085 ], [ 2.363721791000103, 6.349582196000085 ], [ 2.363589000008778, 6.364737999997086 ], [ 2.363589, 6.364738000000159 ], [ 2.363402000000178, 6.386064 ], [ 2.363326, 6.394819 ], [ 2.364852, 6.408910000000105 ], [ 2.369433000000186, 6.408338000000185 ], [ 2.399295000000109, 6.404610000000105 ], [ 2.400901, 6.40441 ], [ 2.435239000000138, 6.40012 ], [ 2.448589420000189, 6.399169246000099 ], [ 2.447713, 6.398030000000119 ], [ 2.45101000000011, 6.397652916000027 ], [ 2.480142841000145, 6.394320937000089 ], [ 2.481533981000155, 6.39416183000003 ], [ 2.480815, 6.387761000000125 ], [ 2.480603000000144, 6.382519000000173 ], [ 2.481659, 6.377813000000174 ], [ 2.484362, 6.37653100000017 ], [ 2.486885000000143, 6.375431000000106 ], [ 2.487636000000123, 6.363329 ], [ 2.487808000000143, 6.360557 ], [ 2.487868486000139, 6.359582901000181 ], [ 2.486249924000163, 6.359582901000181 ], [ 2.486249924000163, 6.360138894000102 ], [ 2.485693933000107, 6.360138894000102 ], [ 2.485693933000107, 6.359582901000181 ], [ 2.48458409300008, 6.359582901000181 ], [ 2.48458409300008, 6.35986089700009 ], [ 2.484306098000104, 6.35986089700009 ], [ 2.484306098000104, 6.360138894000102 ], [ 2.484028102000025, 6.360138894000102 ], [ 2.484028102000025, 6.360416890000181 ], [ 2.48375010400008, 6.360416890000181 ], [ 2.48375010400008, 6.360694884999987 ], [ 2.483333110000046, 6.360694884999987 ], [ 2.483194113000025, 6.360694884999987 ], [ 2.483194113000025, 6.360138894000102 ], [ 2.482916117000116, 6.360138894000102 ], [ 2.482916117000116, 6.35986089700009 ], [ 2.482362032000026, 6.35986089700009 ], [ 2.482362032000026, 6.359582901000181 ], [ 2.482084036000117, 6.359582901000181 ], [ 2.482084036000117, 6.35986089700009 ], [ 2.480972052000084, 6.35986089700009 ], [ 2.480972052000084, 6.360138894000102 ], [ 2.480694056000175, 6.360138894000102 ], [ 2.480694056000175, 6.35986089700009 ], [ 2.480139969999982, 6.35986089700009 ], [ 2.480139969999982, 6.360138894000102 ], [ 2.479861975000176, 6.360138894000102 ], [ 2.479861975000176, 6.35986089700009 ], [ 2.479583979000097, 6.35986089700009 ], [ 2.479583979000097, 6.360138894000102 ], [ 2.478471042000137, 6.360138894000102 ], [ 2.478471042000137, 6.360416890000181 ], [ 2.477917909000098, 6.360416890000181 ], [ 2.477917909000098, 6.35986089700009 ], [ 2.477082967000115, 6.35986089700009 ], [ 2.477082967000115, 6.359582901000181 ], [ 2.476804971000035, 6.359582901000181 ], [ 2.476804971000035, 6.35986089700009 ], [ 2.475970984000185, 6.35986089700009 ], [ 2.475970984000185, 6.360138894000102 ], [ 2.475416899000095, 6.360138894000102 ], [ 2.475416899000095, 6.360416890000181 ], [ 2.47374892300013, 6.360416890000181 ], [ 2.47374892300013, 6.360138894000102 ], [ 2.472917079000013, 6.360138894000102 ], [ 2.472917079000013, 6.35986089700009 ], [ 2.471251011000049, 6.35986089700009 ], [ 2.471251011000049, 6.359582901000181 ], [ 2.46763896900012, 6.359582901000181 ], [ 2.46763896900012, 6.359304905000101 ], [ 2.466528892000042, 6.359304905000101 ], [ 2.466528892000042, 6.359026910000125 ], [ 2.464859962000162, 6.359026910000125 ], [ 2.464859962000162, 6.358748914000046 ], [ 2.464581966000026, 6.358748914000046 ], [ 2.464581966000026, 6.357360839000023 ], [ 2.464307070000018, 6.357360839000023 ], [ 2.464307070000018, 6.356804848000138 ], [ 2.464029073000063, 6.356804848000138 ], [ 2.464029073000063, 6.356250762000116 ], [ 2.463751077000154, 6.356250762000116 ], [ 2.463751077000154, 6.355972767000083 ], [ 2.462915898000062, 6.355972767000083 ], [ 2.462915898000062, 6.355138780000118 ], [ 2.462637902000154, 6.355138780000118 ], [ 2.462637902000154, 6.355416775000094 ], [ 2.462359905000142, 6.355416775000094 ], [ 2.462359905000142, 6.355694771000174 ], [ 2.462250682000047, 6.355694771000174 ], [ 2.462081909000062, 6.355694771000174 ], [ 2.462081909000062, 6.354860782 ], [ 2.46152806300006, 6.354860782 ], [ 2.46152806300006, 6.354582787000027 ], [ 2.460972072000175, 6.354582787000027 ], [ 2.460972072000175, 6.35430717600002 ], [ 2.460138083000174, 6.35430717600002 ], [ 2.460138083000174, 6.354582787000027 ], [ 2.45902800600004, 6.354582787000027 ], [ 2.45902800600004, 6.354860782 ], [ 2.458194017000039, 6.354860782 ], [ 2.458194017000039, 6.355138780000118 ], [ 2.457361937000144, 6.355138780000118 ], [ 2.457361937000144, 6.355416775000094 ], [ 2.457083940000132, 6.355416775000094 ], [ 2.457083940000132, 6.355138780000118 ], [ 2.454305887000032, 6.355138780000118 ], [ 2.454305887000032, 6.354860782 ], [ 2.454027891000123, 6.354860782 ], [ 2.454027891000123, 6.35430717600002 ], [ 2.45319390200018, 6.35430717600002 ], [ 2.45319390200018, 6.354582787000027 ], [ 2.451248884000165, 6.354582787000027 ], [ 2.451248884000165, 6.354860782 ], [ 2.450417995000066, 6.354860782 ], [ 2.450417995000066, 6.354582787000027 ], [ 2.449027062000027, 6.354582787000027 ], [ 2.449027062000027, 6.35430717600002 ], [ 2.448194980999972, 6.35430717600002 ], [ 2.448194980999972, 6.354582787000027 ], [ 2.447082996000063, 6.354582787000027 ], [ 2.447082996000063, 6.35430717600002 ], [ 2.446527005000178, 6.35430717600002 ], [ 2.446527005000178, 6.354582787000027 ], [ 2.445972919000155, 6.354582787000027 ], [ 2.445972919000155, 6.35430717600002 ], [ 2.4454169280001, 6.35430717600002 ], [ 2.4454169280001, 6.354029178000133 ], [ 2.44513893200002, 6.354029178000133 ], [ 2.44513893200002, 6.353751183000156 ], [ 2.444582939000099, 6.353751183000156 ], [ 2.444582939000099, 6.353473187000077 ], [ 2.44430494300002, 6.353473187000077 ], [ 2.44430494300002, 6.353195191000168 ], [ 2.444026947999987, 6.353195191000168 ], [ 2.444026947999987, 6.352915764000045 ], [ 2.44430494300002, 6.352915764000045 ], [ 2.44430494300002, 6.352359772000057 ], [ 2.444582939000099, 6.352359772000057 ], [ 2.444582939000099, 6.351528168000129 ], [ 2.444860935000179, 6.351528168000129 ], [ 2.444860935000179, 6.350138188000074 ], [ 2.444026947999987, 6.350138188000074 ], [ 2.444026947999987, 6.350058729000182 ], [ 2.444026947999987, 6.349860192000165 ], [ 2.443195104000097, 6.349860192000165 ], [ 2.443195104000097, 6.350138188000074 ], [ 2.442082882000079, 6.350138188000074 ], [ 2.442082882000079, 6.350416184000153 ], [ 2.441251040000168, 6.350416184000153 ], [ 2.441251040000168, 6.350694179000129 ], [ 2.439028979000113, 6.350694179000129 ], [ 2.439028979000113, 6.350972175000038 ], [ 2.436528921, 6.350972175000038 ], [ 2.436528921, 6.351250173000153 ], [ 2.43485999100011, 6.351250173000153 ], [ 2.43485999100011, 6.350972175000038 ], [ 2.434583903000032, 6.350972175000038 ], [ 2.43458199500003, 6.350694179000129 ], [ 2.434305907000123, 6.350694179000129 ], [ 2.434305907000123, 6.349582195000153 ], [ 2.432359934000146, 6.349582195000153 ], [ 2.432359934000146, 6.348472118000075 ], [ 2.431806088000144, 6.348472118000075 ], [ 2.431806088000144, 6.348194122000166 ], [ 2.430694103000064, 6.348194122000166 ], [ 2.430694103000064, 6.348472118000075 ], [ 2.4295840260001, 6.348472118000075 ], [ 2.4295840260001, 6.348194122000166 ], [ 2.426805973000057, 6.348194122000166 ], [ 2.426805973000057, 6.347916127000133 ], [ 2.425417901000117, 6.347916127000133 ], [ 2.425417901000117, 6.347638131000053 ], [ 2.424305916000037, 6.347638131000053 ], [ 2.424305916000037, 6.347916127000133 ], [ 2.424026966000042, 6.347916127000133 ], [ 2.424026966000042, 6.348194122000166 ], [ 2.422640086000058, 6.348194122000166 ], [ 2.422640086000058, 6.347916127000133 ], [ 2.422360897000146, 6.347916127000133 ], [ 2.422360897000146, 6.347638131000053 ], [ 2.422082902000113, 6.347638131000053 ], [ 2.422082902000113, 6.347362041000167 ], [ 2.421804904000055, 6.347362041000167 ], [ 2.421804904000055, 6.347084045000031 ], [ 2.421526909000079, 6.347084045000031 ], [ 2.421526909000079, 6.346806050000055 ], [ 2.419583082000088, 6.346806050000055 ], [ 2.419583082000088, 6.346250058000066 ], [ 2.419861078000167, 6.346250058000066 ], [ 2.419861078000167, 6.345972061000055 ], [ 2.420139074000076, 6.345972061000055 ], [ 2.420139074000076, 6.345694065000146 ], [ 2.420695067000167, 6.345694065000146 ], [ 2.420695067000167, 6.345416069000066 ], [ 2.422640086000058, 6.345416069000066 ], [ 2.422640086000058, 6.345139981000159 ], [ 2.422918081000034, 6.345139981000159 ], [ 2.422918081000034, 6.345972061000055 ], [ 2.423192979000078, 6.345972061000055 ], [ 2.423192979000078, 6.346250058000066 ], [ 2.424305916000037, 6.346250058000066 ], [ 2.424305916000037, 6.345972061000055 ], [ 2.424583912000116, 6.345972061000055 ], [ 2.424583912000116, 6.345694065000146 ], [ 2.425417901000117, 6.345694065000146 ], [ 2.425417901000117, 6.345972061000055 ], [ 2.426527978000024, 6.345972061000055 ], [ 2.426527978000024, 6.345694065000146 ], [ 2.426805973000057, 6.345694065000146 ], [ 2.426805973000057, 6.345416069000066 ], [ 2.427083969000137, 6.345416069000066 ], [ 2.427083969000137, 6.344861984000147 ], [ 2.427361965000046, 6.344861984000147 ], [ 2.427361965000046, 6.344583988000068 ], [ 2.427916050000135, 6.344583988000068 ], [ 2.427916050000135, 6.344305992000159 ], [ 2.428194046000044, 6.344305992000159 ], [ 2.428194046000044, 6.343825975000129 ], [ 2.428194046000044, 6.343616175000022 ], [ 2.428194046000044, 6.343472005000137 ], [ 2.427916050000135, 6.343472005000137 ], [ 2.427916050000135, 6.343750001000046 ] ] ] ] } },
{ "type": "Feature", "properties": { "fid": 50, "GID_2": "BEN.9.1_1", "GID_0": "BEN", "COUNTRY": "Benin", "GID_1": "BEN.9_1", "NAME_1": "Mono", "NL_NAME_1": "NA", "NAME_2": "Athiémè", "VARNAME_2": "NA", "NL_NAME_2": "NA", "TYPE_2": "Commune", "ENGTYPE_2": "Commune", "CC_2": "NA", "HASC_2": "BJ.MO.AT" }, "geometry": { "type": "MultiPolygon", "coordinates": [ [ [ [ 1.783729000000164, 6.52430900000013 ], [ 1.788153, 6.518430999000088 ], [ 1.793135000000177, 6.511481000000117 ], [ 1.794864, 6.505017999000131 ], [ 1.793340000000114, 6.499042000000145 ], [ 1.790192999000055, 6.493039999000132 ], [ 1.787570000000187, 6.488127999000142 ], [ 1.785026999000024, 6.478349 ], [ 1.801815, 6.477002000000141 ], [ 1.819776999, 6.474661 ], [ 1.816996, 6.470489 ], [ 1.814229, 6.466339 ], [ 1.806905999000151, 6.457795 ], [ 1.802023, 6.448845000000119 ], [ 1.795514, 6.439079999000171 ], [ 1.789818, 6.43257100000011 ], [ 1.788280999000108, 6.429636 ], [ 1.784902, 6.424307 ], [ 1.783439000000158, 6.421999999000036 ], [ 1.780661762000022, 6.423286643000097 ], [ 1.780793999000082, 6.426796999000089 ], [ 1.776393001000088, 6.42942299900011 ], [ 1.774005709000051, 6.427164490000052 ], [ 1.77275336800011, 6.425979707000181 ], [ 1.772418400000106, 6.426053100000104 ], [ 1.772273864000056, 6.425962586000082 ], [ 1.768710837000185, 6.426547945000095 ], [ 1.764754, 6.427198000000146 ], [ 1.764705065000044, 6.427242143000171 ], [ 1.760739500000113, 6.430819370000108 ], [ 1.757708, 6.433553999000139 ], [ 1.753944999000055, 6.445192999000028 ], [ 1.753053, 6.450466000000119 ], [ 1.753747357000066, 6.452919360000067 ], [ 1.75436, 6.455083999000067 ], [ 1.753931499000032, 6.456570220000174 ], [ 1.753683061000061, 6.45743190900015 ], [ 1.753042519000189, 6.459653578000029 ], [ 1.753030000000138, 6.459697 ], [ 1.751930216000062, 6.461884608000048 ], [ 1.75124745800008, 6.463242699000091 ], [ 1.750822999000036, 6.464087 ], [ 1.748297602000093, 6.466869892000091 ], [ 1.746809760000076, 6.468509435000101 ], [ 1.744654, 6.470885000000123 ], [ 1.741132857000139, 6.474389271000064 ], [ 1.740689, 6.474831000000108 ], [ 1.73702246400012, 6.474454667000145 ], [ 1.736295000000155, 6.47438000000011 ], [ 1.736030809000056, 6.474595105000049 ], [ 1.734110077000082, 6.476158972000064 ], [ 1.733873001, 6.47635200000019 ], [ 1.734724368000059, 6.477409353000041 ], [ 1.735112217000051, 6.477891042000181 ], [ 1.735430628000188, 6.478286488000037 ], [ 1.737093707000042, 6.480351938000069 ], [ 1.737596999000118, 6.480977 ], [ 1.735168001000034, 6.486025999000105 ], [ 1.734575122000138, 6.486213005000138 ], [ 1.731735674, 6.487108622000051 ], [ 1.730993778000084, 6.487342631000161 ], [ 1.730329999000162, 6.487552000000164 ], [ 1.72878, 6.491944001000036 ], [ 1.728936611000165, 6.49505832900013 ], [ 1.72899, 6.496120000000133 ], [ 1.727225998999984, 6.498533000000123 ], [ 1.725898999000151, 6.501825999000175 ], [ 1.722603999000057, 6.501598001000161 ], [ 1.721293001000106, 6.498518001000036 ], [ 1.719543000000158, 6.495436998000116 ], [ 1.716903, 6.49652900100017 ], [ 1.712498999000047, 6.500254 ], [ 1.708767, 6.498926000000154 ], [ 1.705914001000053, 6.4976 ], [ 1.703273, 6.499132000000145 ], [ 1.70316179800011, 6.499150758999974 ], [ 1.701560982000046, 6.499420822000047 ], [ 1.695840319000183, 6.500385915000038 ], [ 1.695579000000123, 6.50043 ], [ 1.694382460999975, 6.504187077000154 ], [ 1.694250000000125, 6.504602998 ], [ 1.694247239000163, 6.505676325000081 ], [ 1.694246546000045, 6.505945544000099 ], [ 1.69424033700011, 6.508359356000142 ], [ 1.694239757000105, 6.508584838000161 ], [ 1.694237001000033, 6.509657 ], [ 1.695108178000112, 6.510752269000136 ], [ 1.695199043000059, 6.510866507000173 ], [ 1.69571621200015, 6.511516707000169 ], [ 1.696865001000049, 6.512960999000086 ], [ 1.700782474999983, 6.512970982000127 ], [ 1.701711814000078, 6.512973350000152 ], [ 1.702359000000172, 6.512974999000051 ], [ 1.701990303000116, 6.530152637000072 ], [ 1.701942725000094, 6.532369273000143 ], [ 1.701861846000043, 6.536137378000092 ], [ 1.701859000000184, 6.536269999000126 ], [ 1.701297625000166, 6.536868405000064 ], [ 1.696904973000187, 6.541550818000132 ], [ 1.695689001000119, 6.542847000000108 ], [ 1.695806785000059, 6.543065753000178 ], [ 1.695988728000088, 6.543403665000085 ], [ 1.697719889999973, 6.546618857000169 ], [ 1.698533000000111, 6.548129001000063 ], [ 1.696544, 6.552299 ], [ 1.696321001000172, 6.553398000000186 ], [ 1.689371805000178, 6.553557724000086 ], [ 1.687749998000186, 6.553595001000076 ], [ 1.686760424000056, 6.555446301000131 ], [ 1.683996, 6.560618001000137 ], [ 1.673899000000119, 6.556196 ], [ 1.672321988000022, 6.556079109000109 ], [ 1.671124273000089, 6.555990331000032 ], [ 1.670822999000052, 6.555967999000131 ], [ 1.67076425900018, 6.556015807000165 ], [ 1.669497730999979, 6.55704659200012 ], [ 1.668441143000166, 6.557906515000127 ], [ 1.668400001000123, 6.557940000000144 ], [ 1.66640800100015, 6.563429 ], [ 1.667178004000164, 6.564377641000135 ], [ 1.674183999000149, 6.573009001000059 ], [ 1.675501287000088, 6.57872243800017 ], [ 1.675626474000012, 6.579265411000051 ], [ 1.675704999000061, 6.579605999000023 ], [ 1.674157001000026, 6.583119000000124 ], [ 1.671016530000145, 6.585026902999971 ], [ 1.670195, 6.585526000000186 ], [ 1.662725999000145, 6.58418699900011 ], [ 1.658997, 6.581540001000121 ], [ 1.656872183000189, 6.578745721000075 ], [ 1.65615, 6.577796 ], [ 1.655696300000159, 6.577885484000035 ], [ 1.654298169000015, 6.578161244000114 ], [ 1.650796977000084, 6.57885179900012 ], [ 1.650712947000045, 6.578868373000091 ], [ 1.650654002000067, 6.578879999000151 ], [ 1.648106594000126, 6.579589060000103 ], [ 1.643616000000179, 6.580838999000036 ], [ 1.641413001000103, 6.582811001000152 ], [ 1.641036, 6.583085000000153 ], [ 1.63873287161499, 6.592191875568419 ], [ 1.638732870000126, 6.59219187900004 ], [ 1.638330706000033, 6.593782090000104 ], [ 1.636632, 6.600498998000035 ], [ 1.633054001000176, 6.602687 ], [ 1.627009000000157, 6.603218999000092 ], [ 1.621795, 6.60128200000014 ], [ 1.621652135000033, 6.601435882000089 ], [ 1.621460989000184, 6.601641766000057 ], [ 1.61848800100006, 6.604843999000082 ], [ 1.616007999000033, 6.607584 ], [ 1.612428001000126, 6.610871 ], [ 1.612511643000119, 6.611776471000098 ], [ 1.612960999000165, 6.616641001000062 ], [ 1.612859373000106, 6.6169055310001 ], [ 1.612781357000017, 6.617108606000102 ], [ 1.610747, 6.622404 ], [ 1.61019099900011, 6.624875001000134 ], [ 1.608650131000161, 6.626661813000169 ], [ 1.608537001000059, 6.626793 ], [ 1.604760941000052, 6.62923217600013 ], [ 1.603032, 6.630349 ], [ 1.603016880000098, 6.63588657400004 ], [ 1.603014774000087, 6.636657561000163 ], [ 1.603014082000072, 6.636911118000057 ], [ 1.603014001000133, 6.636941001000139 ], [ 1.608228001000043, 6.638878999000099 ], [ 1.609012642000039, 6.639536287000112 ], [ 1.60903194500014, 6.639552457000036 ], [ 1.611517999000114, 6.641634999000075 ], [ 1.610588838000069, 6.644591605000073 ], [ 1.6123462, 6.644386600000075 ], [ 1.613856758000111, 6.64627478500006 ], [ 1.616194, 6.643948999000031 ], [ 1.613783, 6.641869000000156 ], [ 1.620294000000172, 6.642258 ], [ 1.624552, 6.644738000000189 ], [ 1.627011000000152, 6.648335 ], [ 1.629474000000187, 6.650138 ], [ 1.631711000000166, 6.652837 ], [ 1.635976, 6.652849 ], [ 1.640247000000159, 6.650392000000124 ], [ 1.64519300000012, 6.64748800000018 ], [ 1.650812000000144, 6.644361000000117 ], [ 1.652387, 6.643019 ], [ 1.658226, 6.641688999000053 ], [ 1.664066000000105, 6.640134000000103 ], [ 1.67237, 6.639931 ], [ 1.67617, 6.641946000000132 ], [ 1.676503, 6.637137000000109 ], [ 1.67670800000019, 6.634562 ], [ 1.676862000000142, 6.632624 ], [ 1.677656, 6.629827001000024 ], [ 1.683758999000133, 6.6281350000001 ], [ 1.687257000000102, 6.627017 ], [ 1.692472999000074, 6.62535 ], [ 1.69344, 6.625041 ], [ 1.706121999000175, 6.620164000000159 ], [ 1.716883000000166, 6.615168000000153 ], [ 1.72038199900004, 6.612223 ], [ 1.718024, 6.604346 ], [ 1.720382000000143, 6.612223 ], [ 1.726096, 6.607415000000117 ], [ 1.733968000000175, 6.598296000000175 ], [ 1.742722, 6.589974000000154 ], [ 1.753296, 6.589579000000128 ], [ 1.75599, 6.589361 ], [ 1.759578000000147, 6.590492 ], [ 1.762044, 6.59162 ], [ 1.763165, 6.592072 ], [ 1.770226, 6.593446 ], [ 1.769778000000144, 6.583042000000148 ], [ 1.768183000000136, 6.581393000000162 ], [ 1.778511, 6.578318 ], [ 1.785577000000103, 6.57627100000019 ], [ 1.787123000000122, 6.575403000000165 ], [ 1.792129000000102, 6.5725920000001 ], [ 1.800285, 6.570022 ], [ 1.802511, 6.56627200000014 ], [ 1.801501000000144, 6.561927000000139 ], [ 1.799949, 6.557574 ], [ 1.797822, 6.555375 ], [ 1.793531, 6.553141 ], [ 1.786528, 6.551403000000164 ], [ 1.781969, 6.549491 ], [ 1.774667, 6.549043 ], [ 1.768737000000158, 6.547863000000177 ], [ 1.769375, 6.541923 ], [ 1.770591, 6.533829 ], [ 1.773517, 6.530645 ], [ 1.774997, 6.529033 ], [ 1.783729000000164, 6.52430900000013 ] ] ] ] } },
{ "type": "Feature", "properties": { "fid": 51, "GID_2": "BEN.9.2_1", "GID_0": "BEN", "COUNTRY": "Benin", "GID_1": "BEN.9_1", "NAME_1": "Mono", "NL_NAME_1": "NA", "NAME_2": "Bopa", "VARNAME_2": "NA", "NL_NAME_2": "NA", "TYPE_2": "Commune", "ENGTYPE_2": "Commune", "CC_2": "NA", "HASC_2": "BJ.MO.BO" }, "geometry": { "type": "MultiPolygon", "coordinates": [ [ [ [ 1.940242000000126, 6.545798 ], [ 1.937505000000158, 6.550542000000178 ], [ 1.933519, 6.556621 ], [ 1.931344, 6.560802000000137 ], [ 1.920963000000143, 6.567125 ], [ 1.918745000000115, 6.569452000000183 ], [ 1.914359000000104, 6.574050000000113 ], [ 1.90886300000011, 6.579371 ], [ 1.904299000000151, 6.585983000000169 ], [ 1.903323, 6.587396000000183 ], [ 1.900514000000157, 6.593842 ], [ 1.895523, 6.601334000000179 ], [ 1.890523, 6.609367000000134 ], [ 1.887207000000103, 6.613641 ], [ 1.883874, 6.618996000000152 ], [ 1.880008, 6.623802 ], [ 1.876161, 6.627526000000159 ], [ 1.871222000000159, 6.631773 ], [ 1.866816000000142, 6.63657000000012 ], [ 1.861336, 6.640808000000106 ], [ 1.856415, 6.64397300000013 ], [ 1.851234000000147, 6.647546 ], [ 1.848754, 6.649257 ], [ 1.841625, 6.655091 ], [ 1.835577000000171, 6.660942000000148 ], [ 1.827122000000145, 6.663183000000117 ], [ 1.829715, 6.682614 ], [ 1.830010000000186, 6.695915000000127 ], [ 1.826137000000188, 6.70073 ], [ 1.825498, 6.706682000000171 ], [ 1.827578, 6.712136 ], [ 1.8286, 6.715946000000145 ], [ 1.83339, 6.721445 ], [ 1.839220000000182, 6.72967 ], [ 1.844028, 6.734084 ], [ 1.847254, 6.735763 ], [ 1.855874, 6.739155 ], [ 1.86125, 6.741952 ], [ 1.867694000000142, 6.745850000000132 ], [ 1.873604000000114, 6.749198 ], [ 1.877825, 6.752472 ], [ 1.880029, 6.754180000000133 ], [ 1.885415, 6.756436000000122 ], [ 1.890039000000115, 6.759626 ], [ 1.89185, 6.76087600000011 ], [ 1.89666700000015, 6.764748 ], [ 1.902044000000103, 6.767545 ], [ 1.906907000000103, 6.772008000000142 ], [ 1.917056000000173, 6.771978000000161 ], [ 1.937761, 6.771914 ], [ 1.952511, 6.765104000000179 ], [ 1.96890400000018, 6.757236 ], [ 1.982036000000107, 6.749857000000191 ], [ 1.995403000000181, 6.744172 ], [ 2.004985, 6.73884 ], [ 2.038457000000164, 6.738002 ], [ 2.038456, 6.737338 ], [ 2.037203000000147, 6.733464 ], [ 2.036268, 6.728989000000183 ], [ 2.035527, 6.725438 ], [ 2.035789, 6.717269 ], [ 2.035784000000149, 6.714639 ], [ 2.035779000000105, 6.711455000000171 ], [ 2.03576900000013, 6.706332000000145 ], [ 2.035765, 6.704117 ], [ 2.03548, 6.699411 ], [ 2.026378000000136, 6.701962 ], [ 2.026186, 6.701583000000142 ], [ 2.020737, 6.690818 ], [ 2.021217000000149, 6.690435 ], [ 2.013362, 6.682742000000133 ], [ 2.009617000000105, 6.683214000000135 ], [ 2.005113000000108, 6.679270000000145 ], [ 1.999257000000171, 6.679546 ], [ 2.001372, 6.667776000000174 ], [ 2.000546, 6.6652610000001 ], [ 1.999145000000169, 6.660997 ], [ 1.997892, 6.657262000000117 ], [ 1.997054000000162, 6.652972 ], [ 1.996503, 6.648495 ], [ 1.996492, 6.648404000000141 ], [ 1.996412000000134, 6.648129 ], [ 1.995238, 6.64411500000017 ], [ 1.993291, 6.638858 ], [ 1.987209, 6.632921000000181 ], [ 1.987158, 6.632873 ], [ 1.987168, 6.632849 ], [ 1.987121, 6.632802 ], [ 1.987043000000142, 6.632672000000184 ], [ 1.986958, 6.632558000000131 ], [ 1.986959000000127, 6.6326 ], [ 1.985008000000164, 6.629926000000182 ], [ 1.983147, 6.627338 ], [ 1.980362000000184, 6.619794 ], [ 1.979119, 6.613366 ], [ 1.979144000000133, 6.613332000000128 ], [ 1.979225, 6.613335000000177 ], [ 1.979203429000165, 6.613249474000042 ], [ 1.979210012000067, 6.613240333000078 ], [ 1.979168000000129, 6.613109000000122 ], [ 1.977229000000136, 6.60708000000011 ], [ 1.977488, 6.603455000000167 ], [ 1.978719000000126, 6.598109 ], [ 1.979303000000129, 6.593659 ], [ 1.980104000000154, 6.587882 ], [ 1.980689, 6.58285700000016 ], [ 1.981782, 6.574783 ], [ 1.981953, 6.569659 ], [ 1.981948000000102, 6.566751000000124 ], [ 1.98202, 6.566006000000129 ], [ 1.982956, 6.566067 ], [ 1.986565, 6.536417 ], [ 1.985697000000187, 6.530077000000119 ], [ 1.985514000000137, 6.528745000000185 ], [ 1.985473000000127, 6.52844400000015 ], [ 1.982577000000106, 6.507305 ], [ 1.954747000000168, 6.518443000000104 ], [ 1.952375000000188, 6.531388 ], [ 1.946339, 6.5367 ], [ 1.940242000000126, 6.545798 ] ] ] ] } },
{ "type": "Feature", "properties": { "fid": 52, "GID_2": "BEN.9.3_1", "GID_0": "BEN", "COUNTRY": "Benin", "GID_1": "BEN.9_1", "NAME_1": "Mono", "NL_NAME_1": "NA", "NAME_2": "Comè", "VARNAME_2": "NA", "NL_NAME_2": "NA", "TYPE_2": "Commune", "ENGTYPE_2": "Commune", "CC_2": "NA", "HASC_2": "BJ.MO.CO" }, "geometry": { "type": "MultiPolygon", "coordinates": [ [ [ [ 1.881468, 6.367946000000188 ], [ 1.871144000000129, 6.371024000000148 ], [ 1.867647000000147, 6.37148400000018 ], [ 1.85651300000012, 6.372950000000174 ], [ 1.844594, 6.374379 ], [ 1.833622, 6.377232 ], [ 1.832608, 6.384317 ], [ 1.831607000000133, 6.391310000000146 ], [ 1.830713, 6.397557 ], [ 1.827642, 6.419002 ], [ 1.826325000000111, 6.428546000000154 ], [ 1.823617, 6.448175000000106 ], [ 1.831073, 6.440696000000173 ], [ 1.838660000000175, 6.439738000000148 ], [ 1.844102000000134, 6.437664000000154 ], [ 1.847372000000178, 6.436094 ], [ 1.854836, 6.442708 ], [ 1.860226, 6.447044000000176 ], [ 1.864444000000162, 6.450438000000133 ], [ 1.871891000000119, 6.458132 ], [ 1.873425, 6.459605000000124 ], [ 1.879346000000169, 6.465287 ], [ 1.884106, 6.471856000000173 ], [ 1.88693000000012, 6.475066 ], [ 1.889417, 6.477892 ], [ 1.89478, 6.480685 ], [ 1.902856, 6.48298 ], [ 1.905002, 6.484218000000169 ], [ 1.912501, 6.488546000000156 ], [ 1.92219, 6.491408 ], [ 1.923228000000108, 6.494130000000155 ], [ 1.922582000000148, 6.500611000000106 ], [ 1.924125000000117, 6.505505 ], [ 1.928252000000157, 6.506089 ], [ 1.935473, 6.506230000000187 ], [ 1.942511, 6.505803000000185 ], [ 1.947918000000186, 6.505889 ], [ 1.951137, 6.507565000000113 ], [ 1.954747000000168, 6.518443000000104 ], [ 1.982577000000106, 6.507305 ], [ 1.98243, 6.507363000000112 ], [ 1.981962, 6.503601 ], [ 1.981176, 6.502056000000152 ], [ 1.977815000000135, 6.495695000000126 ], [ 1.976741, 6.494257000000175 ], [ 1.975455, 6.491598 ], [ 1.974061000000177, 6.488796 ], [ 1.9707, 6.482399000000157 ], [ 1.962548, 6.467486 ], [ 1.962706, 6.467363 ], [ 1.962541, 6.46705500000013 ], [ 1.955212, 6.45336900000018 ], [ 1.955090881999979, 6.453358789000106 ], [ 1.95311, 6.449806 ], [ 1.949642, 6.443301 ], [ 1.948971, 6.438131 ], [ 1.948863000000188, 6.437391000000105 ], [ 1.949012, 6.437335 ], [ 1.946266, 6.414403 ], [ 1.943515, 6.401918000000137 ], [ 1.943305, 6.400835 ], [ 1.943025000000148, 6.398897 ], [ 1.943020000000104, 6.396129 ], [ 1.943155000000104, 6.39419 ], [ 1.94279100000017, 6.389999 ], [ 1.942797, 6.387024 ], [ 1.942539, 6.384199 ], [ 1.943145000000129, 6.382393 ], [ 1.944016, 6.379985 ], [ 1.945153000000175, 6.376297000000136 ], [ 1.947651000000121, 6.369298000000128 ], [ 1.954089, 6.368595 ], [ 1.955532, 6.362536 ], [ 1.96005, 6.361829000000171 ], [ 1.962373000000184, 6.358412 ], [ 1.962428000000102, 6.358332000000189 ], [ 1.9628340000001, 6.353353000000141 ], [ 1.962989000000164, 6.347815 ], [ 1.951946, 6.356643 ], [ 1.943715, 6.364084 ], [ 1.929136, 6.362767000000133 ], [ 1.894683000000157, 6.366511000000116 ], [ 1.881468, 6.367946000000188 ] ] ] ] } },
{ "type": "Feature", "properties": { "fid": 53, "GID_2": "BEN.9.4_1", "GID_0": "BEN", "COUNTRY": "Benin", "GID_1": "BEN.9_1", "NAME_1": "Mono", "NL_NAME_1": "NA", "NAME_2": "Grand-Popo", "VARNAME_2": "NA", "NL_NAME_2": "NA", "TYPE_2": "Commune", "ENGTYPE_2": "Commune", "CC_2": "NA", "HASC_2": "BJ.MO.GP" }, "geometry": { "type": "MultiPolygon", "coordinates": [ [ [ [ 1.938749, 6.295138000000179 ], [ 1.938193, 6.295138000000179 ], [ 1.938193, 6.294862 ], [ 1.937917000000141, 6.294862 ], [ 1.937917000000141, 6.294584000000157 ], [ 1.933473000000106, 6.294584000000157 ], [ 1.933473000000106, 6.294306 ], [ 1.933195, 6.294306 ], [ 1.933195, 6.294584000000157 ], [ 1.932917000000145, 6.294584000000157 ], [ 1.932917000000145, 6.294862 ], [ 1.932639, 6.294862 ], [ 1.932639, 6.295138000000179 ], [ 1.932917000000145, 6.295138000000179 ], [ 1.932917000000145, 6.295416000000102 ], [ 1.935695000000123, 6.295416000000102 ], [ 1.935695000000123, 6.295694 ], [ 1.937083, 6.295694 ], [ 1.937083, 6.295972 ], [ 1.937639, 6.295972 ], [ 1.937639, 6.296250000000157 ], [ 1.938193, 6.296250000000157 ], [ 1.938193, 6.296528 ], [ 1.938471000000106, 6.296528 ], [ 1.938471000000106, 6.296806000000174 ], [ 1.938749, 6.296806000000174 ], [ 1.938749, 6.297084 ], [ 1.939027000000124, 6.297084 ], [ 1.939027000000124, 6.29736 ], [ 1.939584, 6.29736 ], [ 1.939584, 6.297084 ], [ 1.939862000000119, 6.297084 ], [ 1.939862000000119, 6.295416000000102 ], [ 1.938749, 6.295416000000102 ], [ 1.938749, 6.295138000000179 ] ] ], [ [ [ 1.945416, 6.29986 ], [ 1.945694000000174, 6.29986 ], [ 1.945694000000174, 6.298751000000152 ], [ 1.942916, 6.298751000000152 ], [ 1.942916, 6.299029 ], [ 1.941806, 6.299029 ], [ 1.941806, 6.299304 ], [ 1.941528000000119, 6.299304 ], [ 1.941528000000119, 6.29986 ], [ 1.94125, 6.29986 ], [ 1.94125, 6.300139 ], [ 1.941528000000119, 6.300139 ], [ 1.941528000000119, 6.300417000000152 ], [ 1.942362000000173, 6.300417000000152 ], [ 1.942362000000173, 6.29986 ], [ 1.944584, 6.29986 ], [ 1.944584, 6.299582000000157 ], [ 1.945416, 6.299582000000157 ], [ 1.945416, 6.29986 ] ] ], [ [ [ 1.946528000000114, 6.299582000000157 ], [ 1.94625, 6.299582000000157 ], [ 1.94625, 6.29986 ], [ 1.946528000000114, 6.29986 ], [ 1.946528000000114, 6.300139 ], [ 1.947916, 6.300139 ], [ 1.947916, 6.29986 ], [ 1.94875, 6.29986 ], [ 1.94875, 6.299582000000157 ], [ 1.947362000000169, 6.299582000000157 ], [ 1.947362000000169, 6.299304 ], [ 1.946528000000114, 6.299304 ], [ 1.946528000000114, 6.299582000000157 ] ] ], [ [ [ 1.949860000000115, 6.300695 ], [ 1.950138, 6.300695 ], [ 1.950138, 6.30097300000017 ], [ 1.950694000000169, 6.30097300000017 ], [ 1.950694000000169, 6.301251 ], [ 1.95152800000011, 6.301251 ], [ 1.95152800000011, 6.30152900000013 ], [ 1.952360000000169, 6.30152900000013 ], [ 1.952360000000169, 6.301805 ], [ 1.952916000000187, 6.301805 ], [ 1.952916000000187, 6.30152900000013 ], [ 1.954583, 6.30152900000013 ], [ 1.954583, 6.300695 ], [ 1.954029, 6.300695 ], [ 1.954029, 6.30097300000017 ], [ 1.952638, 6.30097300000017 ], [ 1.952638, 6.300695 ], [ 1.952360000000169, 6.300695 ], [ 1.952360000000169, 6.300417000000152 ], [ 1.950972, 6.300417000000152 ], [ 1.950972, 6.300139 ], [ 1.949860000000115, 6.300139 ], [ 1.949860000000115, 6.29986 ], [ 1.94875, 6.29986 ], [ 1.94875, 6.300139 ], [ 1.949028000000169, 6.300139 ], [ 1.949028000000169, 6.300417000000152 ], [ 1.949860000000115, 6.300417000000152 ], [ 1.949860000000115, 6.300695 ] ] ], [ [ [ 1.978497098000048, 6.306805135000161 ], [ 1.97732, 6.3051 ], [ 1.975238, 6.302888000000166 ], [ 1.974881381000102, 6.302639008000142 ], [ 1.974583983, 6.302639008000142 ], [ 1.974583983, 6.302431365000132 ], [ 1.974483221000014, 6.302361012000063 ], [ 1.968749999000124, 6.302361012000063 ], [ 1.968749999000124, 6.302639008000142 ], [ 1.967918038000107, 6.302639008000142 ], [ 1.967918038000107, 6.302361012000063 ], [ 1.966806053000028, 6.302361012000063 ], [ 1.966806053000028, 6.302639008000142 ], [ 1.963749052000139, 6.302639008000142 ], [ 1.963749052000139, 6.302361012000063 ], [ 1.962638975000061, 6.302361012000063 ], [ 1.962638975000061, 6.302083016000154 ], [ 1.961526991000085, 6.302083016000154 ], [ 1.961526991000085, 6.301805018999971 ], [ 1.960139036000044, 6.301805018999971 ], [ 1.960139036000044, 6.301528931000064 ], [ 1.959583044000055, 6.301528931000064 ], [ 1.959583044000055, 6.301250935000155 ], [ 1.959305049000079, 6.301250935000155 ], [ 1.959305049000079, 6.301528931000064 ], [ 1.958194972000172, 6.301528931000064 ], [ 1.958194972000172, 6.301805018999971 ], [ 1.958472967000148, 6.301805018999971 ], [ 1.958472967000148, 6.302083016000154 ], [ 1.958750963000057, 6.302083016000154 ], [ 1.958750963000057, 6.302361012000063 ], [ 1.959583044000055, 6.302361012000063 ], [ 1.959583044000055, 6.302639008000142 ], [ 1.961526991000085, 6.302639008000142 ], [ 1.961526991000085, 6.302917003000175 ], [ 1.961804986000061, 6.302917003000175 ], [ 1.961804986000061, 6.303750992000175 ], [ 1.96208298200014, 6.303750992000175 ], [ 1.96208298200014, 6.30430507799997 ], [ 1.962360977000174, 6.30430507799997 ], [ 1.962360977000174, 6.305139065000162 ], [ 1.962638975000061, 6.305139065000162 ], [ 1.962638975000061, 6.305695058000083 ], [ 1.962916971000141, 6.305695058000083 ], [ 1.962916971000141, 6.306527137000103 ], [ 1.963194966000117, 6.306527137000103 ], [ 1.963194966000117, 6.306805135000161 ], [ 1.963471054000081, 6.306805135000161 ], [ 1.963471054000081, 6.30708313100007 ], [ 1.964305043000081, 6.30708313100007 ], [ 1.964305043000081, 6.307361126000046 ], [ 1.964861035000069, 6.307361126000046 ], [ 1.964861035000069, 6.30708313100007 ], [ 1.966806053000028, 6.30708313100007 ], [ 1.966806053000028, 6.306805135000161 ], [ 1.968194008000069, 6.306805135000161 ], [ 1.968194008000069, 6.30708313100007 ], [ 1.968472004000148, 6.30708313100007 ], [ 1.968472004000148, 6.307361126000046 ], [ 1.968749999000124, 6.307361126000046 ], [ 1.968749999000124, 6.30708313100007 ], [ 1.969305993000148, 6.30708313100007 ], [ 1.969305993000148, 6.306805135000161 ], [ 1.970139980000113, 6.306805135000161 ], [ 1.970139980000113, 6.306527137000103 ], [ 1.973749996000038, 6.306527137000103 ], [ 1.973749996000038, 6.306805135000161 ], [ 1.974583983, 6.306805135000161 ], [ 1.974583983, 6.30708313100007 ], [ 1.975137949000043, 6.30708313100007 ], [ 1.975137949000043, 6.307361126000046 ], [ 1.976806044000114, 6.307361126000046 ], [ 1.976806044000114, 6.30708313100007 ], [ 1.977360010000098, 6.30708313100007 ], [ 1.977360010000098, 6.306805135000161 ], [ 1.978497098000048, 6.306805135000161 ] ] ], [ [ [ 1.94014, 6.311527000000126 ], [ 1.940693000000124, 6.311527000000126 ], [ 1.940693000000124, 6.311249 ], [ 1.94125, 6.311249 ], [ 1.94125, 6.310971000000166 ], [ 1.941806, 6.310971000000166 ], [ 1.941806, 6.310695 ], [ 1.942084, 6.310693 ], [ 1.942084, 6.310417000000143 ], [ 1.942362000000173, 6.310417000000143 ], [ 1.942362000000173, 6.310139 ], [ 1.942916, 6.310139 ], [ 1.942918, 6.309861000000126 ], [ 1.943194000000119, 6.309861000000126 ], [ 1.943194000000119, 6.309583 ], [ 1.943472, 6.309583 ], [ 1.943472, 6.309305000000165 ], [ 1.94375, 6.309305000000165 ], [ 1.94375, 6.309027 ], [ 1.944028000000174, 6.309027 ], [ 1.944028000000174, 6.308749000000148 ], [ 1.944306, 6.308749000000148 ], [ 1.944306, 6.308471 ], [ 1.944584, 6.308471 ], [ 1.944584, 6.308195000000126 ], [ 1.944862000000114, 6.308195000000126 ], [ 1.944862000000114, 6.307917 ], [ 1.945138, 6.307917 ], [ 1.945138, 6.307639000000165 ], [ 1.945416, 6.307639000000165 ], [ 1.945416, 6.307361 ], [ 1.945694000000174, 6.307361 ], [ 1.945694000000174, 6.307083000000148 ], [ 1.947638, 6.307083000000148 ], [ 1.947638, 6.306805 ], [ 1.949860000000115, 6.306805 ], [ 1.949860000000115, 6.307083000000148 ], [ 1.950416, 6.307083000000148 ], [ 1.950416, 6.307361 ], [ 1.950972, 6.307361 ], [ 1.950972, 6.307639000000165 ], [ 1.951250000000186, 6.307639000000165 ], [ 1.951250000000186, 6.307917 ], [ 1.951807, 6.307917 ], [ 1.951807, 6.308195000000126 ], [ 1.952360000000169, 6.308195000000126 ], [ 1.952360000000169, 6.308471 ], [ 1.952638, 6.308471 ], [ 1.952638, 6.308749000000148 ], [ 1.952916000000187, 6.308749000000148 ], [ 1.952916000000187, 6.309305000000165 ], [ 1.953195000000164, 6.309305000000165 ], [ 1.953195000000164, 6.309583 ], [ 1.955139, 6.309583 ], [ 1.955139, 6.309305000000165 ], [ 1.955973000000142, 6.309305000000165 ], [ 1.955973000000142, 6.309027 ], [ 1.956805, 6.309027 ], [ 1.956805, 6.308749000000148 ], [ 1.957361, 6.308749000000148 ], [ 1.957361, 6.309027 ], [ 1.957917, 6.309027 ], [ 1.957917, 6.309305000000165 ], [ 1.959583, 6.309305000000165 ], [ 1.959583, 6.309027 ], [ 1.960139, 6.309027 ], [ 1.960139, 6.308749000000148 ], [ 1.959583, 6.308749000000148 ], [ 1.959583, 6.308471 ], [ 1.958473, 6.308471 ], [ 1.958473, 6.307639000000165 ], [ 1.958751000000177, 6.307639000000165 ], [ 1.958751000000177, 6.307083000000148 ], [ 1.959027, 6.307083000000148 ], [ 1.959027, 6.306805 ], [ 1.959305000000143, 6.306805 ], [ 1.959305000000143, 6.305417000000148 ], [ 1.958751000000177, 6.305417000000148 ], [ 1.958751000000177, 6.30486100000013 ], [ 1.958473, 6.30486100000013 ], [ 1.958473, 6.304583 ], [ 1.95819500000016, 6.304583 ], [ 1.95819500000016, 6.30319500000013 ], [ 1.957917, 6.30319500000013 ], [ 1.957917, 6.302917 ], [ 1.955695, 6.302917 ], [ 1.955695, 6.30319500000013 ], [ 1.953473, 6.30319500000013 ], [ 1.953473, 6.303473 ], [ 1.952916000000187, 6.303473 ], [ 1.952916000000187, 6.30319500000013 ], [ 1.952360000000169, 6.30319500000013 ], [ 1.952360000000169, 6.302917 ], [ 1.951807, 6.302917 ], [ 1.951807, 6.30263900000017 ], [ 1.951250000000186, 6.30263900000017 ], [ 1.951250000000186, 6.302361 ], [ 1.950694000000169, 6.302361 ], [ 1.950694000000169, 6.302083000000152 ], [ 1.947084, 6.302083000000152 ], [ 1.947084, 6.301805 ], [ 1.945972, 6.301805 ], [ 1.945972, 6.30152900000013 ], [ 1.944028000000174, 6.30152900000013 ], [ 1.944028000000174, 6.301805 ], [ 1.942362000000173, 6.301805 ], [ 1.942362000000173, 6.30152900000013 ], [ 1.938193, 6.30152900000013 ], [ 1.938193, 6.30097300000017 ], [ 1.937917000000141, 6.30097300000017 ], [ 1.937917000000141, 6.300695 ], [ 1.937639, 6.300695 ], [ 1.937639, 6.300417000000152 ], [ 1.937361000000124, 6.300417000000152 ], [ 1.937361000000124, 6.300139 ], [ 1.936527, 6.300139 ], [ 1.936527, 6.300417000000152 ], [ 1.935973, 6.300417000000152 ], [ 1.935973, 6.300695 ], [ 1.935417, 6.300695 ], [ 1.935417, 6.30097300000017 ], [ 1.934305, 6.30097300000017 ], [ 1.934305, 6.301251 ], [ 1.930973, 6.301251 ], [ 1.930973, 6.30097300000017 ], [ 1.930695000000128, 6.30097300000017 ], [ 1.930695000000128, 6.300695 ], [ 1.930139000000111, 6.300695 ], [ 1.930139000000111, 6.300417000000152 ], [ 1.929029000000128, 6.300417000000152 ], [ 1.929029000000128, 6.300695 ], [ 1.92847300000011, 6.300695 ], [ 1.92847300000011, 6.30097300000017 ], [ 1.92791700000015, 6.30097300000017 ], [ 1.92791700000015, 6.301251 ], [ 1.927639, 6.301251 ], [ 1.927639, 6.30152900000013 ], [ 1.927361000000133, 6.30152900000013 ], [ 1.927361000000133, 6.302361 ], [ 1.927082000000155, 6.302361 ], [ 1.927082000000155, 6.302917 ], [ 1.927361000000133, 6.302917 ], [ 1.927361000000133, 6.303473 ], [ 1.927639, 6.303473 ], [ 1.927639, 6.305695 ], [ 1.92791700000015, 6.305695 ], [ 1.92791700000015, 6.305973000000165 ], [ 1.928195, 6.305973000000165 ], [ 1.928195, 6.306251 ], [ 1.92847300000011, 6.306251 ], [ 1.92847300000011, 6.307083000000148 ], [ 1.928751, 6.307083000000148 ], [ 1.928751, 6.307917 ], [ 1.92847300000011, 6.307917 ], [ 1.92847300000011, 6.308749000000148 ], [ 1.928751, 6.308749000000148 ], [ 1.928751, 6.309305000000165 ], [ 1.929029000000128, 6.309305000000165 ], [ 1.929029000000128, 6.309861000000126 ], [ 1.92958300000015, 6.309861000000126 ], [ 1.92958300000015, 6.310139 ], [ 1.929861, 6.310139 ], [ 1.929861, 6.310417000000143 ], [ 1.930417, 6.310417000000143 ], [ 1.930417, 6.310693 ], [ 1.930695000000128, 6.310695 ], [ 1.930695000000128, 6.310971000000166 ], [ 1.931805000000111, 6.310971000000166 ], [ 1.931805000000111, 6.311249 ], [ 1.932917000000145, 6.311249 ], [ 1.932917000000145, 6.311527000000126 ], [ 1.934027000000128, 6.311527000000126 ], [ 1.934027000000128, 6.311805 ], [ 1.935139000000106, 6.311805 ], [ 1.935139000000106, 6.312083000000143 ], [ 1.938193, 6.312083000000143 ], [ 1.938193, 6.312362000000121 ], [ 1.939305, 6.312362000000121 ], [ 1.939305, 6.312083000000143 ], [ 1.939862000000119, 6.312083000000143 ], [ 1.939862000000119, 6.311805 ], [ 1.94014, 6.311805 ], [ 1.94014, 6.311527000000126 ] ] ], [ [ [ 1.981459228000176, 6.311248779000152 ], [ 1.981648458000052, 6.310139179000146 ], [ 1.981528998000101, 6.310139179000146 ], [ 1.981528998000101, 6.310692787000107 ], [ 1.981251002000022, 6.310695172000067 ], [ 1.981251002000022, 6.311248779000152 ], [ 1.981459228000176, 6.311248779000152 ] ] ], [ [ [ 1.936527, 6.29736 ], [ 1.935417, 6.29736 ], [ 1.935417, 6.296806000000174 ], [ 1.935139000000106, 6.296806000000174 ], [ 1.935139000000106, 6.296528 ], [ 1.934861, 6.296528 ], [ 1.934861, 6.296250000000157 ], [ 1.933749, 6.296250000000157 ], [ 1.933749, 6.296528 ], [ 1.933473000000106, 6.296528 ], [ 1.933473000000106, 6.296806000000174 ], [ 1.933195, 6.296806000000174 ], [ 1.933195, 6.297084 ], [ 1.932917000000145, 6.297084 ], [ 1.932917000000145, 6.29736 ], [ 1.932639, 6.29736 ], [ 1.932639, 6.297638 ], [ 1.932917000000145, 6.297638 ], [ 1.932917000000145, 6.298194 ], [ 1.933195, 6.298194 ], [ 1.933195, 6.298472000000174 ], [ 1.934861, 6.298472000000174 ], [ 1.934861, 6.298194 ], [ 1.935973, 6.298194 ], [ 1.935973, 6.297916000000157 ], [ 1.936527, 6.297916000000157 ], [ 1.936527, 6.29736 ] ] ], [ [ [ 1.916806, 6.29736 ], [ 1.916250000000105, 6.29736 ], [ 1.916250000000105, 6.297084 ], [ 1.915694, 6.297084 ], [ 1.915694, 6.296806000000174 ], [ 1.914584000000104, 6.296806000000174 ], [ 1.914584000000104, 6.297084 ], [ 1.914028, 6.297084 ], [ 1.914028, 6.296806000000174 ], [ 1.912640000000181, 6.296806000000174 ], [ 1.912640000000181, 6.297084 ], [ 1.912362, 6.297084 ], [ 1.912362, 6.297638 ], [ 1.912640000000181, 6.297638 ], [ 1.912640000000181, 6.297916000000157 ], [ 1.912918000000104, 6.297916000000157 ], [ 1.912918000000104, 6.298194 ], [ 1.913193, 6.298194 ], [ 1.913193, 6.298472000000174 ], [ 1.914028, 6.298472000000174 ], [ 1.914028, 6.298751000000152 ], [ 1.916806, 6.298751000000152 ], [ 1.916806, 6.298472000000174 ], [ 1.917084000000159, 6.298472000000174 ], [ 1.917084000000159, 6.297638 ], [ 1.916806, 6.297638 ], [ 1.916806, 6.29736 ] ] ], [ [ [ 1.92125, 6.30319500000013 ], [ 1.921528000000137, 6.30319500000013 ], [ 1.921528000000137, 6.302917 ], [ 1.922084000000154, 6.302917 ], [ 1.922084000000154, 6.302361 ], [ 1.92625100000015, 6.302361 ], [ 1.92625100000015, 6.30263900000017 ], [ 1.926529, 6.30263900000017 ], [ 1.926529, 6.301805 ], [ 1.926804, 6.301805 ], [ 1.92680700000011, 6.301251 ], [ 1.927082000000155, 6.301251 ], [ 1.927082000000155, 6.30097300000017 ], [ 1.927361000000133, 6.30097300000017 ], [ 1.927361000000133, 6.300695 ], [ 1.927639, 6.300695 ], [ 1.927639, 6.300139 ], [ 1.92791700000015, 6.300139 ], [ 1.92791700000015, 6.29986 ], [ 1.927361000000133, 6.29986 ], [ 1.927361000000133, 6.299582000000157 ], [ 1.927082000000155, 6.299582000000157 ], [ 1.927082000000155, 6.29986 ], [ 1.925694, 6.29986 ], [ 1.925694, 6.299582000000157 ], [ 1.925138, 6.299582000000157 ], [ 1.925138, 6.299304 ], [ 1.924860000000137, 6.299304 ], [ 1.924860000000137, 6.299029 ], [ 1.924028, 6.299029 ], [ 1.924028, 6.298751000000152 ], [ 1.920972000000177, 6.298751000000152 ], [ 1.920972000000177, 6.299029 ], [ 1.919584, 6.299029 ], [ 1.919584, 6.299304 ], [ 1.918750000000159, 6.299304 ], [ 1.918750000000159, 6.299582000000157 ], [ 1.918194, 6.299582000000157 ], [ 1.918194, 6.29986 ], [ 1.917638000000181, 6.29986 ], [ 1.917638000000181, 6.300695 ], [ 1.917362, 6.300695 ], [ 1.917362, 6.30263900000017 ], [ 1.917638000000181, 6.30263900000017 ], [ 1.917638000000181, 6.302917 ], [ 1.917916000000105, 6.302917 ], [ 1.917916000000105, 6.303473 ], [ 1.918194, 6.303473 ], [ 1.918194, 6.303751000000148 ], [ 1.918472, 6.303751000000148 ], [ 1.918472, 6.304027 ], [ 1.919584, 6.304027 ], [ 1.919584, 6.303751000000148 ], [ 1.920694, 6.303751000000148 ], [ 1.920694, 6.303473 ], [ 1.92125, 6.303473 ], [ 1.92125, 6.30319500000013 ] ] ], [ [ [ 1.968243, 6.329951000000108 ], [ 1.970249448000118, 6.32686699900006 ], [ 1.969755, 6.326866000000109 ], [ 1.969606000000169, 6.325886 ], [ 1.971040000000187, 6.324232000000109 ], [ 1.973590000000115, 6.322609000000114 ], [ 1.973829107000086, 6.322445660000085 ], [ 1.975487, 6.321153 ], [ 1.977069, 6.32014 ], [ 1.978497, 6.319228000000123 ], [ 1.978539000000126, 6.319201 ], [ 1.979819111000097, 6.317328710000027 ], [ 1.979818432000116, 6.31731244600013 ], [ 1.981146, 6.315388 ], [ 1.981150000000184, 6.315373 ], [ 1.981216000000131, 6.312675 ], [ 1.981316959000026, 6.312083000000143 ], [ 1.980695, 6.312083000000143 ], [ 1.980695, 6.311805 ], [ 1.980417000000102, 6.311805 ], [ 1.980417000000102, 6.311249 ], [ 1.980138000000125, 6.311249 ], [ 1.980138000000125, 6.309583 ], [ 1.97986, 6.309583 ], [ 1.97986, 6.309305000000165 ], [ 1.979304, 6.309305000000165 ], [ 1.979304, 6.309027 ], [ 1.979029, 6.309027 ], [ 1.979029, 6.308749000000148 ], [ 1.978472000000124, 6.308749000000148 ], [ 1.978472000000124, 6.308471 ], [ 1.978194, 6.308471 ], [ 1.978194, 6.308195000000126 ], [ 1.977916000000107, 6.308195000000126 ], [ 1.977916000000107, 6.308471 ], [ 1.977360000000147, 6.308471 ], [ 1.977360000000147, 6.308749000000148 ], [ 1.977084, 6.308749000000148 ], [ 1.977084, 6.309027 ], [ 1.977360000000147, 6.309027 ], [ 1.977360000000147, 6.309305000000165 ], [ 1.977638, 6.309305000000165 ], [ 1.977638, 6.309583 ], [ 1.977916000000107, 6.309583 ], [ 1.977916000000107, 6.310417000000143 ], [ 1.977638, 6.310417000000143 ], [ 1.977638, 6.310693 ], [ 1.976806000000124, 6.310693 ], [ 1.976806000000124, 6.310417000000143 ], [ 1.976528, 6.310417000000143 ], [ 1.976528, 6.310139 ], [ 1.975416, 6.310139 ], [ 1.975416, 6.309861000000126 ], [ 1.974028000000146, 6.309861000000126 ], [ 1.974028000000146, 6.310693 ], [ 1.97375, 6.310695 ], [ 1.97375, 6.310971000000166 ], [ 1.972916000000112, 6.310971000000166 ], [ 1.972916000000112, 6.311527000000126 ], [ 1.97264, 6.311527000000126 ], [ 1.972638, 6.311805 ], [ 1.972084, 6.311805 ], [ 1.972084, 6.311527000000126 ], [ 1.971806000000129, 6.311527000000126 ], [ 1.971806000000129, 6.310695 ], [ 1.971528, 6.310693 ], [ 1.971528, 6.310139 ], [ 1.971250000000111, 6.310139 ], [ 1.971250000000111, 6.309861000000126 ], [ 1.970694000000151, 6.309861000000126 ], [ 1.970694000000151, 6.309583 ], [ 1.970140000000129, 6.309583 ], [ 1.970140000000129, 6.309305000000165 ], [ 1.969584000000111, 6.309305000000165 ], [ 1.969584000000111, 6.309027 ], [ 1.969306, 6.309027 ], [ 1.969306, 6.308749000000148 ], [ 1.968472000000133, 6.308749000000148 ], [ 1.968472000000133, 6.308471 ], [ 1.96764, 6.308471 ], [ 1.96764, 6.308749000000148 ], [ 1.967362000000151, 6.308749000000148 ], [ 1.967362000000151, 6.309027 ], [ 1.967084, 6.309027 ], [ 1.967084, 6.309305000000165 ], [ 1.966249, 6.309305000000165 ], [ 1.966249, 6.309583 ], [ 1.965971000000138, 6.309583 ], [ 1.965971000000138, 6.310139 ], [ 1.965418, 6.310139 ], [ 1.965418, 6.310417000000143 ], [ 1.965139, 6.310417000000143 ], [ 1.965139, 6.310693 ], [ 1.964305000000138, 6.310695 ], [ 1.964305000000138, 6.310971000000166 ], [ 1.962917, 6.310971000000166 ], [ 1.962917, 6.310695 ], [ 1.962361, 6.310695 ], [ 1.962361, 6.310971000000166 ], [ 1.960695, 6.310971000000166 ], [ 1.960695, 6.310695 ], [ 1.960417000000177, 6.310693 ], [ 1.960417000000177, 6.309861000000126 ], [ 1.959583, 6.309861000000126 ], [ 1.959583, 6.310139 ], [ 1.957639000000142, 6.310139 ], [ 1.957639000000142, 6.309861000000126 ], [ 1.957083000000182, 6.309861000000126 ], [ 1.957083000000182, 6.309583 ], [ 1.956805, 6.309583 ], [ 1.956805, 6.309861000000126 ], [ 1.956251, 6.309861000000126 ], [ 1.956251, 6.310139 ], [ 1.955139, 6.310139 ], [ 1.955139, 6.310417000000143 ], [ 1.953195000000164, 6.310417000000143 ], [ 1.953195000000164, 6.310139 ], [ 1.952638, 6.310139 ], [ 1.952638, 6.309861000000126 ], [ 1.952360000000169, 6.309861000000126 ], [ 1.952360000000169, 6.309305000000165 ], [ 1.952085000000181, 6.309305000000165 ], [ 1.952085000000181, 6.309027 ], [ 1.951807, 6.309027 ], [ 1.951807, 6.308749000000148 ], [ 1.951250000000186, 6.308749000000148 ], [ 1.951250000000186, 6.308471 ], [ 1.950694000000169, 6.308471 ], [ 1.950694000000169, 6.308195000000126 ], [ 1.950138, 6.308195000000126 ], [ 1.950138, 6.307917 ], [ 1.949582, 6.307917 ], [ 1.949582, 6.307639000000165 ], [ 1.947916, 6.307639000000165 ], [ 1.947916, 6.307917 ], [ 1.945972, 6.307917 ], [ 1.945972, 6.308195000000126 ], [ 1.945694000000174, 6.308195000000126 ], [ 1.945694000000174, 6.308471 ], [ 1.945138, 6.308471 ], [ 1.945138, 6.308749000000148 ], [ 1.944862000000114, 6.308749000000148 ], [ 1.944862000000114, 6.309027 ], [ 1.944584, 6.309027 ], [ 1.944584, 6.309305000000165 ], [ 1.944306, 6.309305000000165 ], [ 1.944306, 6.309583 ], [ 1.944028000000174, 6.309583 ], [ 1.944028000000174, 6.309861000000126 ], [ 1.94375, 6.309861000000126 ], [ 1.94375, 6.310139 ], [ 1.943472, 6.310139 ], [ 1.943472, 6.310417000000143 ], [ 1.943194000000119, 6.310417000000143 ], [ 1.943194000000119, 6.310693 ], [ 1.942918, 6.310695 ], [ 1.942916, 6.310971000000166 ], [ 1.94264, 6.310971000000166 ], [ 1.94264, 6.311249 ], [ 1.942362000000173, 6.311249 ], [ 1.942362000000173, 6.311527000000126 ], [ 1.942084, 6.311527000000126 ], [ 1.942084, 6.311805 ], [ 1.941806, 6.311805 ], [ 1.941806, 6.312083000000143 ], [ 1.94125, 6.312083000000143 ], [ 1.94125, 6.312362000000121 ], [ 1.940693000000124, 6.312362000000121 ], [ 1.940693000000124, 6.31264 ], [ 1.94014, 6.31264 ], [ 1.94014, 6.312918000000138 ], [ 1.936805000000106, 6.312918000000138 ], [ 1.936805000000106, 6.31264 ], [ 1.934583000000146, 6.31264 ], [ 1.934583000000146, 6.312362000000121 ], [ 1.933749, 6.312362000000121 ], [ 1.933749, 6.312083000000143 ], [ 1.932083, 6.312083000000143 ], [ 1.932083, 6.311805 ], [ 1.931251000000145, 6.311805 ], [ 1.931251000000145, 6.311527000000126 ], [ 1.930695000000128, 6.311527000000126 ], [ 1.930695000000128, 6.311249 ], [ 1.928751, 6.311249 ], [ 1.928751, 6.310971000000166 ], [ 1.92847300000011, 6.310971000000166 ], [ 1.92847300000011, 6.310695 ], [ 1.928195, 6.310693 ], [ 1.928195, 6.310417000000143 ], [ 1.92791700000015, 6.310417000000143 ], [ 1.92791700000015, 6.309027 ], [ 1.927639, 6.309027 ], [ 1.927639, 6.308471 ], [ 1.927361000000133, 6.308471 ], [ 1.927361000000133, 6.307917 ], [ 1.927082000000155, 6.307917 ], [ 1.927082000000155, 6.307361 ], [ 1.926804, 6.307361 ], [ 1.926804, 6.306527000000131 ], [ 1.926529, 6.306527000000131 ], [ 1.926529, 6.305695 ], [ 1.925973, 6.305695 ], [ 1.925973, 6.305417000000148 ], [ 1.925694, 6.305417000000148 ], [ 1.925694, 6.304029 ], [ 1.925138, 6.304027 ], [ 1.925138, 6.303751000000148 ], [ 1.923750000000155, 6.303751000000148 ], [ 1.923750000000155, 6.304027 ], [ 1.921806, 6.304027 ], [ 1.921806, 6.303751000000148 ], [ 1.921528000000137, 6.303751000000148 ], [ 1.921528000000137, 6.304027 ], [ 1.920972000000177, 6.304029 ], [ 1.920972000000177, 6.30430500000017 ], [ 1.919862000000137, 6.30430500000017 ], [ 1.91986, 6.304583 ], [ 1.919584, 6.304583 ], [ 1.919584, 6.305139 ], [ 1.917916000000105, 6.305139 ], [ 1.917916000000105, 6.30486100000013 ], [ 1.917362, 6.30486100000013 ], [ 1.917362, 6.304583 ], [ 1.917084000000159, 6.304583 ], [ 1.917084000000159, 6.30430500000017 ], [ 1.916806, 6.30430500000017 ], [ 1.916806, 6.304029 ], [ 1.916528, 6.304027 ], [ 1.916528, 6.303751000000148 ], [ 1.916250000000105, 6.303751000000148 ], [ 1.916250000000105, 6.302917 ], [ 1.915972000000181, 6.302917 ], [ 1.915972000000181, 6.30263900000017 ], [ 1.915694, 6.30263900000017 ], [ 1.915694, 6.30097300000017 ], [ 1.915972000000181, 6.30097300000017 ], [ 1.915972000000181, 6.300139 ], [ 1.915694, 6.300139 ], [ 1.915694, 6.29986 ], [ 1.91514, 6.29986 ], [ 1.91514, 6.299582000000157 ], [ 1.913750000000164, 6.299582000000157 ], [ 1.913750000000164, 6.299304 ], [ 1.912640000000181, 6.299304 ], [ 1.912640000000181, 6.299029 ], [ 1.910695, 6.299029 ], [ 1.910695, 6.298751000000152 ], [ 1.910417000000109, 6.298751000000152 ], [ 1.910417000000109, 6.298472000000174 ], [ 1.909861, 6.298472000000174 ], [ 1.909861, 6.298194 ], [ 1.909027, 6.298194 ], [ 1.909027, 6.297916000000157 ], [ 1.908195, 6.297916000000157 ], [ 1.908195, 6.297638 ], [ 1.907639, 6.297638 ], [ 1.907639, 6.29736 ], [ 1.907083000000114, 6.29736 ], [ 1.907083000000114, 6.297084 ], [ 1.906805, 6.297084 ], [ 1.906805, 6.296806000000174 ], [ 1.905695, 6.296806000000174 ], [ 1.905695, 6.296528 ], [ 1.905139, 6.296528 ], [ 1.905139, 6.296250000000157 ], [ 1.904861, 6.296250000000157 ], [ 1.904861, 6.296528 ], [ 1.904305000000136, 6.296528 ], [ 1.904305000000136, 6.297084 ], [ 1.903751000000113, 6.297084 ], [ 1.903749000000118, 6.297916000000157 ], [ 1.902083000000118, 6.297916000000157 ], [ 1.902083000000118, 6.297638 ], [ 1.901251, 6.297638 ], [ 1.901251, 6.29736 ], [ 1.900695, 6.29736 ], [ 1.900695, 6.297084 ], [ 1.900139, 6.297084 ], [ 1.900139, 6.296806000000174 ], [ 1.899582000000123, 6.296806000000174 ], [ 1.899582000000123, 6.296528 ], [ 1.899307000000135, 6.296528 ], [ 1.899307000000135, 6.296250000000157 ], [ 1.899029, 6.296250000000157 ], [ 1.899029, 6.295972 ], [ 1.898751000000118, 6.295972 ], [ 1.898751000000118, 6.295694 ], [ 1.89847200000014, 6.295694 ], [ 1.89847200000014, 6.295416000000102 ], [ 1.897360000000106, 6.295416000000102 ], [ 1.897360000000106, 6.295138000000179 ], [ 1.896528, 6.295138000000179 ], [ 1.896528, 6.294862 ], [ 1.896250000000123, 6.294862 ], [ 1.896250000000123, 6.294584000000157 ], [ 1.895694000000105, 6.294584000000157 ], [ 1.895694000000105, 6.294306 ], [ 1.895138000000145, 6.294306 ], [ 1.895138000000145, 6.294584000000157 ], [ 1.892916000000127, 6.294584000000157 ], [ 1.892916000000127, 6.295416000000102 ], [ 1.891806000000145, 6.295416000000102 ], [ 1.891806000000145, 6.295138000000179 ], [ 1.887916000000132, 6.295138000000179 ], [ 1.887916000000132, 6.294862 ], [ 1.887084, 6.294862 ], [ 1.887084, 6.294584000000157 ], [ 1.885418, 6.294584000000157 ], [ 1.885418, 6.294028 ], [ 1.884583, 6.294028 ], [ 1.884583, 6.293750000000102 ], [ 1.883749, 6.293750000000102 ], [ 1.883749, 6.293472000000179 ], [ 1.882917, 6.293472000000179 ], [ 1.882917, 6.293194 ], [ 1.882083, 6.293194 ], [ 1.882083, 6.292916 ], [ 1.880417, 6.292916 ], [ 1.880417, 6.292362 ], [ 1.879583, 6.292362 ], [ 1.879583, 6.292916 ], [ 1.878473, 6.292916 ], [ 1.878473, 6.293194 ], [ 1.876251, 6.293194 ], [ 1.876251, 6.292638000000125 ], [ 1.872638000000109, 6.292638000000125 ], [ 1.872638000000109, 6.292362 ], [ 1.872360000000185, 6.292362 ], [ 1.872360000000185, 6.292084000000102 ], [ 1.872082, 6.292084000000102 ], [ 1.872082, 6.291806000000179 ], [ 1.871807000000103, 6.291806000000179 ], [ 1.871807000000103, 6.291528 ], [ 1.87152900000018, 6.291528 ], [ 1.87152900000018, 6.291806000000179 ], [ 1.870972000000108, 6.291806000000179 ], [ 1.870972000000108, 6.291528 ], [ 1.870416, 6.291528 ], [ 1.870416, 6.29125 ], [ 1.869584, 6.29125 ], [ 1.869584, 6.290972000000124 ], [ 1.86736000000019, 6.290972000000124 ], [ 1.86736000000019, 6.290694 ], [ 1.86652800000013, 6.290694 ], [ 1.86652800000013, 6.290416000000107 ], [ 1.86625, 6.290416000000107 ], [ 1.86625, 6.290138000000184 ], [ 1.865098570000157, 6.290138000000184 ], [ 1.86375, 6.290138000000184 ], [ 1.86375, 6.290416000000107 ], [ 1.862362000000189, 6.290416000000107 ], [ 1.862362000000189, 6.290694 ], [ 1.859584, 6.290694 ], [ 1.859584, 6.290972000000124 ], [ 1.858749, 6.290972000000124 ], [ 1.858749, 6.290694 ], [ 1.858471000000122, 6.290694 ], [ 1.858471000000122, 6.290972000000124 ], [ 1.855695000000139, 6.290972000000124 ], [ 1.855695000000139, 6.290694 ], [ 1.854583000000162, 6.290694 ], [ 1.854583000000162, 6.290416000000107 ], [ 1.854305, 6.290416000000107 ], [ 1.854305, 6.290138000000184 ], [ 1.853749, 6.290138000000184 ], [ 1.853749, 6.289584 ], [ 1.852917000000161, 6.289584 ], [ 1.852917000000161, 6.289306000000124 ], [ 1.851527, 6.289306000000124 ], [ 1.851527, 6.289028 ], [ 1.851251000000161, 6.289028 ], [ 1.851249000000166, 6.288750000000107 ], [ 1.849861, 6.288750000000107 ], [ 1.849861, 6.288472000000183 ], [ 1.849305, 6.288472000000183 ], [ 1.849305, 6.287918 ], [ 1.849027000000149, 6.287918 ], [ 1.849027000000149, 6.287362 ], [ 1.849305, 6.287362 ], [ 1.849305, 6.287084000000107 ], [ 1.849583000000166, 6.287084000000107 ], [ 1.849583000000166, 6.286806000000183 ], [ 1.849861, 6.286806000000183 ], [ 1.849861, 6.285971000000188 ], [ 1.849027000000149, 6.285971000000188 ], [ 1.849027000000149, 6.285696 ], [ 1.848473000000126, 6.285696 ], [ 1.848473000000126, 6.285418000000107 ], [ 1.848195, 6.285418000000107 ], [ 1.848195, 6.285140000000183 ], [ 1.847361000000149, 6.285140000000183 ], [ 1.847361000000149, 6.284861 ], [ 1.846807000000126, 6.284861 ], [ 1.846807000000126, 6.284305000000188 ], [ 1.845695000000148, 6.284305000000188 ], [ 1.845695000000148, 6.284027 ], [ 1.843750000000171, 6.284027 ], [ 1.843750000000171, 6.283749 ], [ 1.843472, 6.283749 ], [ 1.843472, 6.284027 ], [ 1.841806, 6.284027 ], [ 1.841806, 6.284305000000188 ], [ 1.841528000000153, 6.284305000000188 ], [ 1.841528000000153, 6.284583000000111 ], [ 1.84125, 6.284583000000111 ], [ 1.84125, 6.284305000000188 ], [ 1.840972, 6.284305000000188 ], [ 1.840972, 6.284583000000111 ], [ 1.840694, 6.284583000000111 ], [ 1.840694, 6.284305000000188 ], [ 1.840416000000175, 6.284305000000188 ], [ 1.840416000000175, 6.284583000000111 ], [ 1.839862000000153, 6.284583000000111 ], [ 1.839862000000153, 6.284861 ], [ 1.839306, 6.284861 ], [ 1.839306, 6.285418000000107 ], [ 1.839028, 6.285418000000107 ], [ 1.839028, 6.285696 ], [ 1.838750000000175, 6.285696 ], [ 1.838750000000175, 6.285971000000188 ], [ 1.838472, 6.285971000000188 ], [ 1.838472, 6.286249000000112 ], [ 1.838194000000158, 6.286249000000112 ], [ 1.838194000000158, 6.286528 ], [ 1.83764, 6.286528 ], [ 1.837638, 6.286806000000183 ], [ 1.837084000000175, 6.286806000000183 ], [ 1.837084000000175, 6.287084000000107 ], [ 1.836806, 6.287084000000107 ], [ 1.836806, 6.287362 ], [ 1.836528000000158, 6.287362 ], [ 1.836528000000158, 6.287640000000124 ], [ 1.835972, 6.287640000000124 ], [ 1.835972, 6.287918 ], [ 1.83514, 6.287918 ], [ 1.83514, 6.288194 ], [ 1.834028000000103, 6.288194 ], [ 1.834028000000103, 6.287918 ], [ 1.83375000000018, 6.287918 ], [ 1.83375000000018, 6.288194 ], [ 1.83264, 6.288194 ], [ 1.83264, 6.288472000000183 ], [ 1.830139, 6.288472000000183 ], [ 1.830139, 6.287640000000124 ], [ 1.829861000000108, 6.287640000000124 ], [ 1.829861000000108, 6.287362 ], [ 1.832362000000103, 6.287362 ], [ 1.832362000000103, 6.287084000000107 ], [ 1.833472, 6.287084000000107 ], [ 1.833472, 6.286806000000183 ], [ 1.834028000000103, 6.286806000000183 ], [ 1.834028000000103, 6.286528 ], [ 1.834862000000157, 6.286528 ], [ 1.834862000000157, 6.286249000000112 ], [ 1.83541600000018, 6.286249000000112 ], [ 1.83541600000018, 6.285971000000188 ], [ 1.835694000000103, 6.285971000000188 ], [ 1.835694000000103, 6.285418000000107 ], [ 1.835972, 6.285418000000107 ], [ 1.835972, 6.285140000000183 ], [ 1.83625, 6.285140000000183 ], [ 1.83625, 6.284861 ], [ 1.836528000000158, 6.284861 ], [ 1.836528000000158, 6.284583000000111 ], [ 1.837084000000175, 6.284583000000111 ], [ 1.837084000000175, 6.284305000000188 ], [ 1.837638, 6.284305000000188 ], [ 1.837638, 6.284027 ], [ 1.838194000000158, 6.284027 ], [ 1.838194000000158, 6.283749 ], [ 1.838472, 6.283749 ], [ 1.838472, 6.283471000000134 ], [ 1.839028, 6.283471000000134 ], [ 1.839028, 6.283195 ], [ 1.839306, 6.283195 ], [ 1.839306, 6.282917000000111 ], [ 1.839862000000153, 6.282917000000111 ], [ 1.839862000000153, 6.282361 ], [ 1.840972, 6.282361 ], [ 1.840972, 6.282083 ], [ 1.84236, 6.282083 ], [ 1.84236, 6.282361 ], [ 1.844585000000166, 6.282361 ], [ 1.844585000000166, 6.282639000000188 ], [ 1.845138, 6.282639000000188 ], [ 1.845138, 6.282361 ], [ 1.845695000000148, 6.282361 ], [ 1.845695000000148, 6.282639000000188 ], [ 1.846529, 6.282639000000188 ], [ 1.846529, 6.282917000000111 ], [ 1.847639, 6.282917000000111 ], [ 1.847639, 6.283195 ], [ 1.848473000000126, 6.283195 ], [ 1.848473000000126, 6.283471000000134 ], [ 1.848751, 6.283471000000134 ], [ 1.848751, 6.283195 ], [ 1.849305, 6.283195 ], [ 1.849305, 6.283471000000134 ], [ 1.849861, 6.283471000000134 ], [ 1.849861, 6.283749 ], [ 1.852083, 6.283749 ], [ 1.852083, 6.283471000000134 ], [ 1.852639, 6.283471000000134 ], [ 1.852639, 6.283195 ], [ 1.852361000000144, 6.283195 ], [ 1.852361000000144, 6.282639000000188 ], [ 1.851805000000127, 6.282639000000188 ], [ 1.851805000000127, 6.282361 ], [ 1.850695000000144, 6.282361 ], [ 1.850695000000144, 6.282083 ], [ 1.849027000000149, 6.282083 ], [ 1.849027000000149, 6.281805000000134 ], [ 1.848473000000126, 6.281805000000134 ], [ 1.848473000000126, 6.282083 ], [ 1.848195, 6.282083 ], [ 1.848195, 6.281805000000134 ], [ 1.847083, 6.281805000000134 ], [ 1.847083, 6.281527 ], [ 1.845695000000148, 6.281527 ], [ 1.845695000000148, 6.281249000000116 ], [ 1.844304, 6.281249000000116 ], [ 1.844304, 6.280973000000188 ], [ 1.84236, 6.280973000000188 ], [ 1.84236, 6.281249000000116 ], [ 1.840972, 6.281249000000116 ], [ 1.840972, 6.280973000000188 ], [ 1.839306, 6.280971 ], [ 1.839306, 6.280695 ], [ 1.838472, 6.280695 ], [ 1.838472, 6.280417 ], [ 1.837916, 6.280417 ], [ 1.837916, 6.280139000000133 ], [ 1.834306, 6.280139000000133 ], [ 1.834306, 6.279861 ], [ 1.83375000000018, 6.279861 ], [ 1.83375000000018, 6.279583000000116 ], [ 1.832918, 6.279583000000116 ], [ 1.832918, 6.279305 ], [ 1.832362000000103, 6.279305 ], [ 1.832362000000103, 6.279027000000156 ], [ 1.832084000000179, 6.279027000000156 ], [ 1.832084000000179, 6.278749 ], [ 1.831805, 6.278749 ], [ 1.831805, 6.278473000000133 ], [ 1.831249000000184, 6.278473000000133 ], [ 1.831249000000184, 6.278749 ], [ 1.830971, 6.278749 ], [ 1.830971, 6.279027000000156 ], [ 1.829583000000184, 6.279027000000156 ], [ 1.829583000000184, 6.278749 ], [ 1.82874900000013, 6.278749 ], [ 1.82874900000013, 6.278473000000133 ], [ 1.827917000000184, 6.278473000000133 ], [ 1.827917000000184, 6.278195 ], [ 1.82708300000013, 6.278195 ], [ 1.82708300000013, 6.277917000000116 ], [ 1.825139, 6.277917000000116 ], [ 1.825139, 6.277639 ], [ 1.824861000000112, 6.277639 ], [ 1.824861000000112, 6.277361000000155 ], [ 1.824027, 6.277361000000155 ], [ 1.824027, 6.277083 ], [ 1.822083000000134, 6.277083 ], [ 1.822083000000134, 6.276805000000138 ], [ 1.820139, 6.276805000000138 ], [ 1.820139, 6.276529 ], [ 1.818781193000063, 6.276529 ], [ 1.818781193000063, 6.27631887300015 ], [ 1.81845310000017, 6.276208800000177 ], [ 1.816250000000139, 6.275730900999974 ], [ 1.816250000000139, 6.275695000000155 ], [ 1.816084495000041, 6.275695000000155 ], [ 1.815416, 6.275549989000126 ], [ 1.815416, 6.275417 ], [ 1.814790089000041, 6.275417 ], [ 1.814584000000139, 6.275382185000069 ], [ 1.814584000000139, 6.275139000000138 ], [ 1.813223217000086, 6.275139000000138 ], [ 1.813194, 6.275129198000059 ], [ 1.813194, 6.274861 ], [ 1.81188546400017, 6.274860916000023 ], [ 1.810471100000029, 6.274385800000175 ], [ 1.809698100000162, 6.274384800000064 ], [ 1.809184100000095, 6.274125800000149 ], [ 1.807381100000157, 6.273863800000129 ], [ 1.806867100000034, 6.273604800000044 ], [ 1.806094100000053, 6.273344800000189 ], [ 1.805580100000157, 6.273085800000047 ], [ 1.804292100000168, 6.272825800000078 ], [ 1.803263100000095, 6.272565800000052 ], [ 1.802747100000033, 6.272563800000057 ], [ 1.801975100000107, 6.272304800000086 ], [ 1.80146110000004, 6.272045800000171 ], [ 1.800945100000149, 6.272044800000117 ], [ 1.800431100000083, 6.271785800000146 ], [ 1.799659100000156, 6.27152580000012 ], [ 1.799143100000094, 6.271524800000066 ], [ 1.798629100000028, 6.271265800000094 ], [ 1.796569100000113, 6.27100380000013 ], [ 1.796054100000163, 6.270744800000159 ], [ 1.795539100000155, 6.2707428 ], [ 1.795024099999978, 6.270484800000133 ], [ 1.794252100000051, 6.270224800000165 ], [ 1.793737100000101, 6.270223800000053 ], [ 1.793222100000094, 6.269964800000139 ], [ 1.7924501, 6.269704800000113 ], [ 1.791935100000046, 6.2697038 ], [ 1.790906100000143, 6.269185800000173 ], [ 1.790133100000162, 6.269184800000062 ], [ 1.789618100000155, 6.268925800000147 ], [ 1.788846100000058, 6.268665800000122 ], [ 1.788331100000107, 6.26866480000001 ], [ 1.7878161000001, 6.268405800000096 ], [ 1.787044100000173, 6.26814580000007 ], [ 1.786529100000052, 6.268144800000186 ], [ 1.785500100000149, 6.26762680000013 ], [ 1.784470100000021, 6.267366800000104 ], [ 1.784447242000056, 6.267355304000034 ], [ 1.783955100000014, 6.26710780000019 ], [ 1.780608100000052, 6.266584800000032 ], [ 1.779836100000125, 6.266324800000064 ], [ 1.779320100000064, 6.266323800000123 ], [ 1.778806100000168, 6.266064800000038 ], [ 1.77803410000007, 6.265805800000066 ], [ 1.777815800000099, 6.265685800000085 ], [ 1.777482600000099, 6.265767300000107 ], [ 1.776452600000141, 6.265507300000081 ], [ 1.775422600000184, 6.265247300000055 ], [ 1.774907600000176, 6.264988300000141 ], [ 1.774135600000079, 6.26472930000017 ], [ 1.773878600000103, 6.264728300000115 ], [ 1.773620600000072, 6.2647273 ], [ 1.773105600000122, 6.26446830000009 ], [ 1.772333600000024, 6.264209300000175 ], [ 1.772076600000048, 6.264208300000064 ], [ 1.771561600000098, 6.26420730000018 ], [ 1.77053160000014, 6.263947300000154 ], [ 1.77027360000011, 6.263946300000043 ], [ 1.769500600000072, 6.263944300000048 ], [ 1.768728600000145, 6.263943300000165 ], [ 1.767955600000164, 6.26394130000017 ], [ 1.766152600000169, 6.263679299999978 ], [ 1.764092600000083, 6.263416300000074 ], [ 1.763319600000102, 6.263414300000079 ], [ 1.763062600000126, 6.263414300000079 ], [ 1.762290600000028, 6.263154300000053 ], [ 1.761775600000078, 6.262895300000139 ], [ 1.761517600000047, 6.262895300000139 ], [ 1.760230600000114, 6.26289230000009 ], [ 1.759714600000052, 6.262890300000095 ], [ 1.759457600000133, 6.262890300000095 ], [ 1.758685599999978, 6.262630300000069 ], [ 1.75688260000004, 6.262368300000048 ], [ 1.756368600000144, 6.262109300000134 ], [ 1.756110600000113, 6.262108300000023 ], [ 1.755595600000106, 6.262107300000139 ], [ 1.754565599999978, 6.261847300000113 ], [ 1.754308600000059, 6.261847300000113 ], [ 1.753792600000168, 6.261845300000118 ], [ 1.753278600000101, 6.261586300000033 ], [ 1.752505600000063, 6.261584300000038 ], [ 1.751990600000113, 6.261583300000098 ], [ 1.751218600000186, 6.261324300000183 ], [ 1.749930600000027, 6.261063300000103 ], [ 1.749416600000131, 6.260804300000132 ], [ 1.748901600000124, 6.260803300000077 ], [ 1.748643600000094, 6.260802299999966 ], [ 1.747871600000167, 6.260542300000168 ], [ 1.746326600000089, 6.260281300000031 ], [ 1.745554600000162, 6.2600213 ], [ 1.745296600000131, 6.2600213 ], [ 1.745039600000155, 6.260020300000122 ], [ 1.744267600000057, 6.25976129999998 ], [ 1.74375260000005, 6.259502300000065 ], [ 1.7432376000001, 6.25950030000007 ], [ 1.742979600000069, 6.25950030000007 ], [ 1.742207600000143, 6.259240300000044 ], [ 1.741434600000105, 6.25923830000005 ], [ 1.741177600000185, 6.25923830000005 ], [ 1.7406626, 6.258979300000135 ], [ 1.739890600000081, 6.258719300000109 ], [ 1.73963260000005, 6.258718300000055 ], [ 1.73937560000013, 6.258718300000055 ], [ 1.738860600000123, 6.258459300000084 ], [ 1.738088600000026, 6.258199300000058 ], [ 1.737831600000106, 6.258198300000174 ], [ 1.737573600000076, 6.258198300000174 ], [ 1.736543600000118, 6.257938300000149 ], [ 1.734998600000154, 6.257676300000128 ], [ 1.733711600000106, 6.257415300000048 ], [ 1.733197599999983, 6.257156300000133 ], [ 1.731652600000075, 6.2568953 ], [ 1.731137600000068, 6.256636300000082 ], [ 1.730622600000117, 6.256635299999971 ], [ 1.730364600000087, 6.256634300000087 ], [ 1.729335600000013, 6.256374300000061 ], [ 1.728820600000063, 6.256373300000178 ], [ 1.728562600000032, 6.256372300000066 ], [ 1.727790600000105, 6.256112300000041 ], [ 1.726503600000171, 6.255851300000131 ], [ 1.72573060000002, 6.255592300000046 ], [ 1.725215600000183, 6.255590300000051 ], [ 1.724958600000093, 6.255590300000051 ], [ 1.724443600000086, 6.25533130000008 ], [ 1.722641600000031, 6.255069300000116 ], [ 1.721869600000105, 6.25480930000009 ], [ 1.721611600000074, 6.25480930000009 ], [ 1.721096600000124, 6.254807300000095 ], [ 1.720581600000116, 6.254548300000181 ], [ 1.719036599999981, 6.254287300000044 ], [ 1.718264600000055, 6.254027300000018 ], [ 1.718007600000135, 6.254026300000135 ], [ 1.717749600000104, 6.254026300000135 ], [ 1.716719600000147, 6.253765300000055 ], [ 1.716204599999969, 6.253764300000114 ], [ 1.71594760000005, 6.253764300000114 ], [ 1.715182600000162, 6.253179200000034 ], [ 1.713789200000178, 6.253164 ], [ 1.713017200000024, 6.252904000000171 ], [ 1.7127592, 6.252903000000117 ], [ 1.712502200000074, 6.252903000000117 ], [ 1.711987200000067, 6.252644000000146 ], [ 1.71121519999997, 6.25238400000012 ], [ 1.709412200000031, 6.252122000000156 ], [ 1.709155200000055, 6.252121 ], [ 1.708640200000104, 6.252120000000161 ], [ 1.707868200000178, 6.251860000000136 ], [ 1.707352200000116, 6.251859 ], [ 1.70709520000014, 6.251858000000141 ], [ 1.706323200000043, 6.251599 ], [ 1.705808200000092, 6.25134 ], [ 1.705551200000116, 6.251339 ], [ 1.705035200000054, 6.251338 ], [ 1.704006200000038, 6.251078 ], [ 1.703748200000177, 6.25107700000018 ], [ 1.70323320000017, 6.251076 ], [ 1.702719200000104, 6.2508160000001 ], [ 1.701174199999969, 6.250555000000134 ], [ 1.700659200000189, 6.250296 ], [ 1.700189500000079, 6.250186000000156 ], [ 1.699853200000121, 6.250076000000149 ], [ 1.69937520000002, 6.249992400000167 ], [ 1.698830900000075, 6.249790100000098 ], [ 1.698348500000122, 6.24969770000007 ], [ 1.698056400000155, 6.249680100000035 ], [ 1.69731320000011, 6.249514 ], [ 1.69574630000011, 6.249191800000176 ], [ 1.69438330000014, 6.248985000000118 ], [ 1.693276900000114, 6.248751900000173 ], [ 1.692413900000076, 6.248624300000074 ], [ 1.691940400000021, 6.248487899999986 ], [ 1.691108400000076, 6.248369100000104 ], [ 1.690829600000086, 6.248294399999963 ], [ 1.69006840000003, 6.248131600000022 ], [ 1.689847199999974, 6.247949000000176 ], [ 1.689351500000043, 6.247872 ], [ 1.689063800000042, 6.247788400000047 ], [ 1.688560200000097, 6.247688 ], [ 1.688125600000035, 6.247533300000043 ], [ 1.68753020000014, 6.247428 ], [ 1.687253800000178, 6.24735730000009 ], [ 1.686758200000043, 6.247168 ], [ 1.685271200000102, 6.246807400000023 ], [ 1.684698200000128, 6.246648000000164 ], [ 1.683970100000067, 6.246473100000117 ], [ 1.683124800000144, 6.2461695 ], [ 1.682354800000041, 6.246011200000055 ], [ 1.682102500000099, 6.245945200000108 ], [ 1.681609200000139, 6.245867 ], [ 1.680898799999966, 6.245654800000068 ], [ 1.680372100000113, 6.24556240000004 ], [ 1.680111000000181, 6.245452500000056 ], [ 1.679557800000055, 6.245412900000133 ], [ 1.67891620000006, 6.245280900000068 ], [ 1.678500200000144, 6.245170900000176 ], [ 1.678225800000178, 6.245122500000093 ], [ 1.677283100000125, 6.244863000000123 ], [ 1.676734400000043, 6.244744200000071 ], [ 1.676340500000151, 6.244656200000065 ], [ 1.675225300000079, 6.244524200000114 ], [ 1.673641, 6.244115100000045 ], [ 1.672733700000151, 6.243956700000069 ], [ 1.672084200000029, 6.243781000000126 ], [ 1.671609700000033, 6.243710400000111 ], [ 1.671055200000183, 6.24352 ], [ 1.670797200000152, 6.24352 ], [ 1.669582300000172, 6.243308400000103 ], [ 1.668981400000177, 6.24320570000009 ], [ 1.667770400000165, 6.242969300000084 ], [ 1.667463699999985, 6.242910199999983 ], [ 1.666936200000066, 6.242737 ], [ 1.666308500000184, 6.242588000000183 ], [ 1.664919100000134, 6.24232040000004 ], [ 1.663892700000133, 6.242090200000177 ], [ 1.663198, 6.241860000000145 ], [ 1.662177800000165, 6.241692100000137 ], [ 1.660813400000052, 6.241443200000106 ], [ 1.659386500000153, 6.241088600000069 ], [ 1.658501700000102, 6.240893200000073 ], [ 1.657559600000127, 6.240731200000027 ], [ 1.65682500000014, 6.240467200000182 ], [ 1.6559929, 6.240342000000112 ], [ 1.654552200000182, 6.240012700000079 ], [ 1.652830300000176, 6.239723400000116 ], [ 1.651656800000069, 6.239450600000112 ], [ 1.650153000000159, 6.239096600000096 ], [ 1.647874100000081, 6.238740500000119 ], [ 1.647337700000094, 6.238620200000128 ], [ 1.645652300000108, 6.238215800000091 ], [ 1.643156800000042, 6.237721500000021 ], [ 1.642232700000136, 6.23753360000012 ], [ 1.640333700000042, 6.237263300000109 ], [ 1.639062600000045, 6.236914400000046 ], [ 1.637405300000069, 6.236590900000124 ], [ 1.636346300000184, 6.236286000000121 ], [ 1.63543140000013, 6.236067600000126 ], [ 1.633423100000073, 6.235522599999967 ], [ 1.630254100000059, 6.234909500000072 ], [ 1.629444, 6.236389 ], [ 1.634167000000161, 6.238333000000182 ], [ 1.639722, 6.239444000000105 ], [ 1.644167000000152, 6.242222 ], [ 1.648333, 6.244722 ], [ 1.6525, 6.247500000000173 ], [ 1.656667, 6.25 ], [ 1.662222, 6.25 ], [ 1.667500000000189, 6.248333000000173 ], [ 1.672500000000184, 6.250278000000151 ], [ 1.675278000000162, 6.254167 ], [ 1.67888900000014, 6.257500000000107 ], [ 1.684444, 6.258889000000124 ], [ 1.689167, 6.256667000000107 ], [ 1.693889000000127, 6.255833 ], [ 1.698056000000122, 6.258333000000107 ], [ 1.703056, 6.260556 ], [ 1.708333, 6.258889000000124 ], [ 1.714722, 6.259444 ], [ 1.718889, 6.261944000000142 ], [ 1.7225, 6.265278000000137 ], [ 1.728611000000114, 6.265833 ], [ 1.734167000000127, 6.264444 ], [ 1.739444000000105, 6.264167 ], [ 1.743056, 6.2675 ], [ 1.747222, 6.270278 ], [ 1.752778, 6.27138900000017 ], [ 1.759722000000124, 6.271111 ], [ 1.765278000000137, 6.271111 ], [ 1.77, 6.273056000000111 ], [ 1.774167, 6.276111 ], [ 1.778611000000183, 6.278889000000106 ], [ 1.778907652000044, 6.278915942000026 ], [ 1.784722000000102, 6.279444000000183 ], [ 1.790833000000134, 6.278611000000183 ], [ 1.797222000000147, 6.278889000000106 ], [ 1.8025, 6.280278 ], [ 1.807465131000072, 6.282545072000062 ], [ 1.806762701000025, 6.284083937000105 ], [ 1.80671200200004, 6.284195001000057 ], [ 1.807178994000083, 6.284424505000061 ], [ 1.807527000000107, 6.286359999000126 ], [ 1.807506697000122, 6.286406532000171 ], [ 1.806511558000125, 6.288687366999966 ], [ 1.805496000000119, 6.291015000000129 ], [ 1.80470494500014, 6.291288202000146 ], [ 1.8014510000001, 6.292412 ], [ 1.800444330000118, 6.292623329000037 ], [ 1.795649001000129, 6.293630000000121 ], [ 1.793955903000153, 6.296207901000173 ], [ 1.792401014000063, 6.29857536500009 ], [ 1.791378001000055, 6.30013300000013 ], [ 1.790515927000115, 6.301446110000029 ], [ 1.789654, 6.302759000000151 ], [ 1.789803000000177, 6.302832000000137 ], [ 1.793263663000118, 6.304536696000127 ], [ 1.795935309000185, 6.30585273000014 ], [ 1.79790300000019, 6.306822 ], [ 1.798415, 6.313504999000088 ], [ 1.797695388000022, 6.315424324000048 ], [ 1.796655567000073, 6.31819769599997 ], [ 1.795056000000159, 6.322464 ], [ 1.793591133000177, 6.325958463000063 ], [ 1.793382014000031, 6.326457320000031 ], [ 1.792405, 6.328788000000145 ], [ 1.791355563000138, 6.329394384000011 ], [ 1.78695, 6.331940000000145 ], [ 1.78642314700005, 6.332835588000023 ], [ 1.785759075000158, 6.33396443200013 ], [ 1.784352677000186, 6.336355143000162 ], [ 1.782802864000075, 6.338989643 ], [ 1.78271500000011, 6.339139 ], [ 1.7842950000001, 6.339846 ], [ 1.786310594000042, 6.342175488000066 ], [ 1.787801001, 6.343898000000138 ], [ 1.788584521000189, 6.3468890850001 ], [ 1.789367998999978, 6.34988 ], [ 1.785118000000182, 6.363936 ], [ 1.782637015000148, 6.371731598000054 ], [ 1.781930999000167, 6.37395 ], [ 1.779113000000166, 6.376404999000101 ], [ 1.772425000000112, 6.38025800000014 ], [ 1.770816, 6.391682000000174 ], [ 1.773560353000164, 6.393613762000143 ], [ 1.774325, 6.394152 ], [ 1.769216, 6.39923899900009 ], [ 1.769231199999979, 6.399819970000067 ], [ 1.769377013000053, 6.40539349800008 ], [ 1.769416847000173, 6.406916089000049 ], [ 1.769538000000182, 6.411547000000155 ], [ 1.773140259000058, 6.412320643000101 ], [ 1.774464072000058, 6.41260495400013 ], [ 1.775334999000108, 6.412791999000035 ], [ 1.775855999000044, 6.415782 ], [ 1.775775006000174, 6.416416674000175 ], [ 1.775662908000129, 6.417295115000115 ], [ 1.775629999000159, 6.417553 ], [ 1.776092331000086, 6.417554223000081 ], [ 1.777521, 6.417558 ], [ 1.777983085000187, 6.418122267000172 ], [ 1.780587, 6.421302 ], [ 1.780661762000022, 6.423286643000097 ], [ 1.783439000000158, 6.422000000000139 ], [ 1.784902, 6.424307 ], [ 1.788281, 6.429636 ], [ 1.789818, 6.43257100000011 ], [ 1.795514, 6.43908 ], [ 1.802023, 6.448845000000119 ], [ 1.806906, 6.457795 ], [ 1.814229, 6.466339 ], [ 1.816996, 6.470489 ], [ 1.819777000000101, 6.474661 ], [ 1.823617, 6.448175000000106 ], [ 1.826325000000111, 6.428546000000154 ], [ 1.826324999032191, 6.428545999768167 ], [ 1.827642001000072, 6.419002 ], [ 1.830712999000184, 6.397557 ], [ 1.831607001000066, 6.391310000000146 ], [ 1.831607000002401, 6.391309999984304 ], [ 1.832608001000096, 6.384317 ], [ 1.833622001000151, 6.377232 ], [ 1.844594, 6.374379 ], [ 1.85651300000012, 6.372950000000174 ], [ 1.867647000000147, 6.37148400000018 ], [ 1.871144000000129, 6.371024000000148 ], [ 1.881468, 6.367946000000188 ], [ 1.894683000000157, 6.366511000000116 ], [ 1.929136, 6.362767000000133 ], [ 1.943715, 6.364084 ], [ 1.951946, 6.356643 ], [ 1.962989000000164, 6.347815 ], [ 1.962939000000119, 6.347622 ], [ 1.962936, 6.34760800000015 ], [ 1.960885000000133, 6.339651000000117 ], [ 1.959987000000126, 6.332207 ], [ 1.959899000000121, 6.331351 ], [ 1.960393000000124, 6.330856 ], [ 1.959825, 6.330629 ], [ 1.959811000000116, 6.330499000000145 ], [ 1.965227, 6.332731 ], [ 1.968243, 6.329951000000108 ] ] ], [ [ [ 1.864584, 6.285696 ], [ 1.861806, 6.285696 ], [ 1.861806, 6.285418000000107 ], [ 1.860418, 6.285418000000107 ], [ 1.860418, 6.285140000000183 ], [ 1.858193, 6.285140000000183 ], [ 1.858193, 6.284861 ], [ 1.857639, 6.284861 ], [ 1.857639, 6.284583000000111 ], [ 1.856805000000122, 6.284583000000111 ], [ 1.856805000000122, 6.285696 ], [ 1.857083, 6.285696 ], [ 1.857083, 6.285971000000188 ], [ 1.857361000000139, 6.285971000000188 ], [ 1.857361000000139, 6.286528 ], [ 1.857639, 6.286528 ], [ 1.857639, 6.286806000000183 ], [ 1.858471000000122, 6.286806000000183 ], [ 1.858471000000122, 6.287084000000107 ], [ 1.862916, 6.287084000000107 ], [ 1.862916, 6.287362 ], [ 1.865104538000082, 6.287362 ], [ 1.865104539000185, 6.287362 ], [ 1.86569400000019, 6.287362 ], [ 1.86569400000019, 6.287084000000107 ], [ 1.86736000000019, 6.287084000000107 ], [ 1.86736000000019, 6.287362 ], [ 1.869028000000185, 6.287362 ], [ 1.869028000000185, 6.287084000000107 ], [ 1.870416, 6.287084000000107 ], [ 1.870416, 6.287362 ], [ 1.872638000000109, 6.287362 ], [ 1.872638000000109, 6.287640000000124 ], [ 1.873751, 6.287640000000124 ], [ 1.873751, 6.287918 ], [ 1.874583, 6.287918 ], [ 1.874583, 6.288194 ], [ 1.87486100000018, 6.288194 ], [ 1.87486100000018, 6.288472000000183 ], [ 1.875139000000104, 6.288472000000183 ], [ 1.875139000000104, 6.289028 ], [ 1.875417, 6.289028 ], [ 1.875417, 6.289306000000124 ], [ 1.875695, 6.289306000000124 ], [ 1.875695, 6.289584 ], [ 1.877639000000158, 6.289584 ], [ 1.877639000000158, 6.289862 ], [ 1.878749, 6.289862 ], [ 1.878749, 6.290138000000184 ], [ 1.879305000000159, 6.290138000000184 ], [ 1.879305000000159, 6.290416000000107 ], [ 1.879861000000176, 6.290416000000107 ], [ 1.879861000000176, 6.290694 ], [ 1.881527000000176, 6.290694 ], [ 1.881527000000176, 6.290972000000124 ], [ 1.881805, 6.290972000000124 ], [ 1.881805, 6.29125 ], [ 1.884027, 6.29125 ], [ 1.884027, 6.291528 ], [ 1.886249, 6.291528 ], [ 1.886249, 6.291806000000179 ], [ 1.888194, 6.291806000000179 ], [ 1.888194, 6.292084000000102 ], [ 1.888472000000149, 6.292084000000102 ], [ 1.888472000000149, 6.292362 ], [ 1.88875, 6.292362 ], [ 1.88875, 6.292638000000125 ], [ 1.889306, 6.292638000000125 ], [ 1.889306, 6.292916 ], [ 1.889584000000127, 6.292916 ], [ 1.889584000000127, 6.293194 ], [ 1.890416, 6.293194 ], [ 1.890416, 6.292916 ], [ 1.890972, 6.292916 ], [ 1.890972, 6.292638000000125 ], [ 1.891806000000145, 6.292638000000125 ], [ 1.891806000000145, 6.292362 ], [ 1.892362000000105, 6.292362 ], [ 1.892362000000105, 6.292084000000102 ], [ 1.892638, 6.292084000000102 ], [ 1.892638, 6.291806000000179 ], [ 1.895138000000145, 6.291806000000179 ], [ 1.895138000000145, 6.292084000000102 ], [ 1.895416, 6.292084000000102 ], [ 1.895416, 6.292362 ], [ 1.895694000000105, 6.292362 ], [ 1.895694000000105, 6.292638000000125 ], [ 1.895972, 6.292638000000125 ], [ 1.895972, 6.292362 ], [ 1.897082, 6.292362 ], [ 1.897082, 6.292638000000125 ], [ 1.897360000000106, 6.292638000000125 ], [ 1.897360000000106, 6.292362 ], [ 1.897638, 6.292362 ], [ 1.897638, 6.292638000000125 ], [ 1.898751000000118, 6.292638000000125 ], [ 1.898751000000118, 6.292916 ], [ 1.899029, 6.292916 ], [ 1.899029, 6.292638000000125 ], [ 1.899307000000135, 6.292638000000125 ], [ 1.899307000000135, 6.292084000000102 ], [ 1.89986, 6.292084000000102 ], [ 1.89986, 6.291806000000179 ], [ 1.900695, 6.291806000000179 ], [ 1.900695, 6.291528 ], [ 1.902083000000118, 6.291528 ], [ 1.902083000000118, 6.29125 ], [ 1.903195, 6.29125 ], [ 1.903195, 6.291528 ], [ 1.904027, 6.291528 ], [ 1.904027, 6.292084000000102 ], [ 1.904305000000136, 6.292084000000102 ], [ 1.904305000000136, 6.292362 ], [ 1.904583, 6.292362 ], [ 1.904583, 6.292638000000125 ], [ 1.904861, 6.292638000000125 ], [ 1.904861, 6.292916 ], [ 1.905417000000114, 6.292916 ], [ 1.905417000000114, 6.292638000000125 ], [ 1.908195, 6.292638000000125 ], [ 1.908195, 6.292362 ], [ 1.908471, 6.292362 ], [ 1.908471, 6.291806000000179 ], [ 1.907361, 6.291806000000179 ], [ 1.907361, 6.291528 ], [ 1.905139, 6.291528 ], [ 1.905139, 6.290972000000124 ], [ 1.904861, 6.290972000000124 ], [ 1.904861, 6.290694 ], [ 1.904583, 6.290694 ], [ 1.904583, 6.290416000000107 ], [ 1.904305000000136, 6.290416000000107 ], [ 1.904305000000136, 6.290138000000184 ], [ 1.904027, 6.290138000000184 ], [ 1.904027, 6.289862 ], [ 1.902083000000118, 6.289862 ], [ 1.902083000000118, 6.289584 ], [ 1.89847200000014, 6.289584 ], [ 1.89847200000014, 6.289306000000124 ], [ 1.898194, 6.289306000000124 ], [ 1.898194, 6.289028 ], [ 1.897084, 6.289028 ], [ 1.897082, 6.288750000000107 ], [ 1.895138000000145, 6.288750000000107 ], [ 1.895138000000145, 6.288472000000183 ], [ 1.894584000000123, 6.288472000000183 ], [ 1.894584000000123, 6.288194 ], [ 1.892638, 6.288194 ], [ 1.892638, 6.287918 ], [ 1.890972, 6.287918 ], [ 1.890972, 6.287640000000124 ], [ 1.890694000000167, 6.287640000000124 ], [ 1.890694000000167, 6.287918 ], [ 1.890140000000144, 6.287918 ], [ 1.890140000000144, 6.288194 ], [ 1.887916000000132, 6.288194 ], [ 1.887916000000132, 6.287918 ], [ 1.887084, 6.287918 ], [ 1.887084, 6.287640000000124 ], [ 1.885140000000149, 6.287640000000124 ], [ 1.885140000000149, 6.287918 ], [ 1.883195000000171, 6.287918 ], [ 1.883195000000171, 6.287640000000124 ], [ 1.882639000000154, 6.287640000000124 ], [ 1.882639000000154, 6.287362 ], [ 1.881249, 6.287362 ], [ 1.881249, 6.287084000000107 ], [ 1.880417, 6.287084000000107 ], [ 1.880417, 6.286806000000183 ], [ 1.878749, 6.286806000000183 ], [ 1.878749, 6.286528 ], [ 1.878195000000176, 6.286528 ], [ 1.878195000000176, 6.286249000000112 ], [ 1.877917, 6.286249000000112 ], [ 1.877917, 6.286528 ], [ 1.877361, 6.286528 ], [ 1.877361, 6.286806000000183 ], [ 1.87125, 6.286806000000183 ], [ 1.87125, 6.286528 ], [ 1.870972000000108, 6.286528 ], [ 1.870972000000108, 6.286249000000112 ], [ 1.870694000000185, 6.286249000000112 ], [ 1.870694000000185, 6.285971000000188 ], [ 1.867916, 6.285971000000188 ], [ 1.867916, 6.285696 ], [ 1.86625, 6.285696 ], [ 1.86625, 6.285418000000107 ], [ 1.865416, 6.285418000000107 ], [ 1.865416, 6.285140000000183 ], [ 1.865109316000144, 6.285140000000183 ], [ 1.86486200000013, 6.285140000000183 ], [ 1.86486200000013, 6.285418000000107 ], [ 1.864584, 6.285418000000107 ], [ 1.864584, 6.285696 ] ] ], [ [ [ 1.860694, 6.289306000000124 ], [ 1.860418, 6.289306000000124 ], [ 1.860418, 6.289028 ], [ 1.858471000000122, 6.289028 ], [ 1.858471000000122, 6.288750000000107 ], [ 1.858193, 6.288750000000107 ], [ 1.858193, 6.288472000000183 ], [ 1.857918, 6.288472000000183 ], [ 1.857918, 6.288194 ], [ 1.857083, 6.288194 ], [ 1.857083, 6.287918 ], [ 1.856527, 6.287918 ], [ 1.856527, 6.287640000000124 ], [ 1.855971, 6.287640000000124 ], [ 1.855971, 6.287362 ], [ 1.855139000000122, 6.287362 ], [ 1.855139000000122, 6.287084000000107 ], [ 1.854583000000162, 6.287084000000107 ], [ 1.854583000000162, 6.286528 ], [ 1.853749, 6.286528 ], [ 1.853749, 6.286249000000112 ], [ 1.852917000000161, 6.286249000000112 ], [ 1.852917000000161, 6.285971000000188 ], [ 1.852639, 6.285971000000188 ], [ 1.852639, 6.286249000000112 ], [ 1.850973, 6.286249000000112 ], [ 1.850973, 6.286528 ], [ 1.851249000000166, 6.286528 ], [ 1.851251000000161, 6.287084000000107 ], [ 1.851527, 6.287084000000107 ], [ 1.851527, 6.287640000000124 ], [ 1.851805000000127, 6.287640000000124 ], [ 1.851805000000127, 6.287918 ], [ 1.852083, 6.287918 ], [ 1.852083, 6.288472000000183 ], [ 1.852361000000144, 6.288472000000183 ], [ 1.852361000000144, 6.288750000000107 ], [ 1.853195, 6.288750000000107 ], [ 1.853195, 6.289028 ], [ 1.854027000000144, 6.289028 ], [ 1.854027000000144, 6.289306000000124 ], [ 1.854305, 6.289306000000124 ], [ 1.854305, 6.289584 ], [ 1.854583000000162, 6.289584 ], [ 1.854583000000162, 6.289862 ], [ 1.854861, 6.289862 ], [ 1.854861, 6.290138000000184 ], [ 1.855971, 6.290138000000184 ], [ 1.855971, 6.290416000000107 ], [ 1.858193, 6.290416000000107 ], [ 1.858193, 6.290138000000184 ], [ 1.85902700000014, 6.290138000000184 ], [ 1.85902700000014, 6.290416000000107 ], [ 1.859306000000117, 6.290416000000107 ], [ 1.859306000000117, 6.290138000000184 ], [ 1.860972000000118, 6.290138000000184 ], [ 1.860972000000118, 6.289584 ], [ 1.860694, 6.289584 ], [ 1.860694, 6.289306000000124 ] ] ], [ [ [ 1.869028001000117, 6.288750001000039 ], [ 1.869306000999984, 6.288750001000039 ], [ 1.869306000999984, 6.289306000000124 ], [ 1.870416001000024, 6.289306000000124 ], [ 1.870416001000024, 6.289584 ], [ 1.873195001000113, 6.289584 ], [ 1.873195001000113, 6.289306000000124 ], [ 1.872916998999983, 6.289306000000124 ], [ 1.872916998999983, 6.289028 ], [ 1.872360000000185, 6.289028 ], [ 1.872360000000185, 6.288750001000039 ], [ 1.871528999000077, 6.288750001000039 ], [ 1.871528999000077, 6.28847199900008 ], [ 1.870972000000108, 6.28847199900008 ], [ 1.870972000000108, 6.288194 ], [ 1.870416001000024, 6.288194 ], [ 1.870416001000024, 6.287918 ], [ 1.869584, 6.287918 ], [ 1.869584, 6.288194 ], [ 1.869028001000117, 6.288194 ], [ 1.869028001000117, 6.288750001000039 ] ] ], [ [ [ 1.878195000000176, 6.291528 ], [ 1.877639000000158, 6.291528 ], [ 1.877639000000158, 6.29125 ], [ 1.877083, 6.29125 ], [ 1.877083, 6.290972000000124 ], [ 1.876529000000176, 6.290972000000124 ], [ 1.876529000000176, 6.290694 ], [ 1.875973000000158, 6.290694 ], [ 1.875973000000158, 6.290416000000107 ], [ 1.875139000000104, 6.290416000000107 ], [ 1.875139000000104, 6.290694 ], [ 1.872917, 6.290694 ], [ 1.872917, 6.291528 ], [ 1.87319500000018, 6.291528 ], [ 1.87319500000018, 6.291806000000179 ], [ 1.873473000000104, 6.291806000000179 ], [ 1.873473000000104, 6.292084000000102 ], [ 1.876529000000176, 6.292084000000102 ], [ 1.876529000000176, 6.292362 ], [ 1.877361, 6.292362 ], [ 1.877361, 6.292084000000102 ], [ 1.877639000000158, 6.292084000000102 ], [ 1.877639000000158, 6.291806000000179 ], [ 1.878195000000176, 6.291806000000179 ], [ 1.878195000000176, 6.291528 ] ] ], [ [ [ 1.932639, 6.294028 ], [ 1.932361000000128, 6.294028 ], [ 1.932361000000128, 6.293750000000102 ], [ 1.929861, 6.293750000000102 ], [ 1.929861, 6.294028 ], [ 1.92958300000015, 6.294028 ], [ 1.92958300000015, 6.294306 ], [ 1.928751, 6.294306 ], [ 1.928751, 6.294584000000157 ], [ 1.929029000000128, 6.294584000000157 ], [ 1.929029000000128, 6.294862 ], [ 1.930417, 6.294862 ], [ 1.930417, 6.294584000000157 ], [ 1.932083, 6.294584000000157 ], [ 1.932083, 6.294306 ], [ 1.932639, 6.294306 ], [ 1.932639, 6.294028 ] ] ], [ [ [ 1.905695, 6.294584000000157 ], [ 1.905417000000114, 6.294584000000157 ], [ 1.905417000000114, 6.294306 ], [ 1.905139, 6.294306 ], [ 1.905139, 6.294028 ], [ 1.903749000000118, 6.294028 ], [ 1.903749000000118, 6.294306 ], [ 1.902917, 6.294306 ], [ 1.902917, 6.294584000000157 ], [ 1.902639000000136, 6.294584000000157 ], [ 1.902639000000136, 6.294862 ], [ 1.902361, 6.294862 ], [ 1.902361, 6.295694 ], [ 1.902917, 6.295694 ], [ 1.902917, 6.295972 ], [ 1.904305000000136, 6.295972 ], [ 1.904305000000136, 6.295416000000102 ], [ 1.905139, 6.295416000000102 ], [ 1.905139, 6.295138000000179 ], [ 1.905695, 6.295138000000179 ], [ 1.905695, 6.294584000000157 ] ] ], [ [ [ 1.772667, 6.425897999000142 ], [ 1.772273863000123, 6.425962586000082 ], [ 1.772418399000173, 6.426053100000104 ], [ 1.77275336800011, 6.425979707000181 ], [ 1.772667, 6.425897999000142 ] ] ] ] } },
{ "type": "Feature", "properties": { "fid": 54, "GID_2": "BEN.9.5_1", "GID_0": "BEN", "COUNTRY": "Benin", "GID_1": "BEN.9_1", "NAME_1": "Mono", "NL_NAME_1": "NA", "NAME_2": "Houéyogbé", "VARNAME_2": "NA", "NL_NAME_2": "NA", "TYPE_2": "Commune", "ENGTYPE_2": "Commune", "CC_2": "NA", "HASC_2": "BJ.MO.HO" }, "geometry": { "type": "MultiPolygon", "coordinates": [ [ [ [ 1.884106, 6.471856000000173 ], [ 1.879346000000169, 6.465287 ], [ 1.873425, 6.459605000000124 ], [ 1.871891000000119, 6.458132 ], [ 1.864444000000162, 6.450438000000133 ], [ 1.860226, 6.447044000000176 ], [ 1.854836, 6.442708 ], [ 1.847372000000178, 6.436094 ], [ 1.844102000000134, 6.437664000000154 ], [ 1.838660000000175, 6.439738000000148 ], [ 1.831073, 6.440696000000173 ], [ 1.823617, 6.448175000000106 ], [ 1.819777000000101, 6.474661 ], [ 1.801815, 6.477002000000141 ], [ 1.785027, 6.478349 ], [ 1.787570000000187, 6.488128 ], [ 1.790193000000158, 6.49304 ], [ 1.793340000000114, 6.499042000000145 ], [ 1.794864, 6.505018 ], [ 1.793135000000177, 6.511481000000117 ], [ 1.788153, 6.518431 ], [ 1.783729000000164, 6.52430900000013 ], [ 1.774997, 6.529033 ], [ 1.773517, 6.530645 ], [ 1.770591, 6.533829 ], [ 1.769375, 6.541923 ], [ 1.768737000000158, 6.547863000000177 ], [ 1.774667, 6.549043 ], [ 1.781969, 6.549491 ], [ 1.786528, 6.551403000000164 ], [ 1.793531, 6.553141 ], [ 1.797822, 6.555375 ], [ 1.799949, 6.557574 ], [ 1.801501000000144, 6.561927000000139 ], [ 1.802511, 6.56627200000014 ], [ 1.800285, 6.570022 ], [ 1.792129000000102, 6.5725920000001 ], [ 1.787123000000122, 6.575403000000165 ], [ 1.785577000000103, 6.57627100000019 ], [ 1.778511, 6.578318 ], [ 1.768183000000136, 6.581393000000162 ], [ 1.769778000000144, 6.583042000000148 ], [ 1.770226, 6.593446 ], [ 1.774368, 6.599887 ], [ 1.778605, 6.605367000000115 ], [ 1.78177, 6.610288000000139 ], [ 1.78599800000012, 6.616308000000117 ], [ 1.791894000000184, 6.619651000000147 ], [ 1.795085, 6.622950000000117 ], [ 1.799846000000173, 6.629519 ], [ 1.804643, 6.633926 ], [ 1.807808, 6.638847 ], [ 1.811523, 6.643236000000115 ], [ 1.816292, 6.649265000000128 ], [ 1.818688, 6.652452 ], [ 1.819998000000112, 6.654195000000186 ], [ 1.82421, 6.661296000000107 ], [ 1.827122000000145, 6.663183000000117 ], [ 1.835577000000171, 6.660942000000148 ], [ 1.841625, 6.655091 ], [ 1.848754, 6.649257 ], [ 1.851234000000147, 6.647546 ], [ 1.856415, 6.64397300000013 ], [ 1.861336, 6.640808000000106 ], [ 1.866816000000142, 6.63657000000012 ], [ 1.871222000000159, 6.631773 ], [ 1.876161, 6.627526000000159 ], [ 1.880008, 6.623802 ], [ 1.883874, 6.618996000000152 ], [ 1.887207000000103, 6.613641 ], [ 1.890523, 6.609367000000134 ], [ 1.895523, 6.601334000000179 ], [ 1.900514000000157, 6.593842 ], [ 1.903323, 6.587396000000183 ], [ 1.904299000000151, 6.585983000000169 ], [ 1.90886300000011, 6.579371 ], [ 1.914359000000104, 6.574050000000113 ], [ 1.918745000000115, 6.569452000000183 ], [ 1.920963000000143, 6.567125 ], [ 1.931344, 6.560802000000137 ], [ 1.933519, 6.556621 ], [ 1.937505000000158, 6.550542000000178 ], [ 1.940242000000126, 6.545798 ], [ 1.946339, 6.5367 ], [ 1.952375000000188, 6.531388 ], [ 1.954747000000168, 6.518443000000104 ], [ 1.951137, 6.507565000000113 ], [ 1.947918000000186, 6.505889 ], [ 1.942511, 6.505803000000185 ], [ 1.935473, 6.506230000000187 ], [ 1.928252000000157, 6.506089 ], [ 1.924125000000117, 6.505505 ], [ 1.922582000000148, 6.500611000000106 ], [ 1.923228000000108, 6.494130000000155 ], [ 1.92219, 6.491408 ], [ 1.912501, 6.488546000000156 ], [ 1.905002, 6.484218000000169 ], [ 1.902856, 6.48298 ], [ 1.89478, 6.480685 ], [ 1.889417, 6.477892 ], [ 1.88693000000012, 6.475066 ], [ 1.884106, 6.471856000000173 ] ] ] ] } },
{ "type": "Feature", "properties": { "fid": 55, "GID_2": "BEN.9.7_1", "GID_0": "BEN", "COUNTRY": "Benin", "GID_1": "BEN.9_1", "NAME_1": "Mono", "NL_NAME_1": "NA", "NAME_2": "Lokossa", "VARNAME_2": "NA", "NL_NAME_2": "NA", "TYPE_2": "NA", "ENGTYPE_2": "NA", "CC_2": "NA", "HASC_2": "NA" }, "geometry": { "type": "MultiPolygon", "coordinates": [ [ [ [ 1.726096, 6.607415000000117 ], [ 1.720382000000143, 6.612223 ], [ 1.716883000000166, 6.615168000000153 ], [ 1.706122000000107, 6.620164000000159 ], [ 1.69344, 6.625041 ], [ 1.692473000000177, 6.62535 ], [ 1.687257000000102, 6.627017 ], [ 1.683759, 6.6281350000001 ], [ 1.677656, 6.629827000000148 ], [ 1.676862000000142, 6.632624 ], [ 1.67670800000019, 6.634562 ], [ 1.676503, 6.637137000000109 ], [ 1.67617, 6.641946000000132 ], [ 1.67237, 6.639931 ], [ 1.664066000000105, 6.640133999 ], [ 1.658226, 6.641689000000156 ], [ 1.652387, 6.643019 ], [ 1.650812000000144, 6.644361000000117 ], [ 1.64519300000012, 6.647487999000077 ], [ 1.640247000000159, 6.650391999000021 ], [ 1.635976, 6.652848999000128 ], [ 1.631711000000166, 6.652837 ], [ 1.629474000000187, 6.650137999000151 ], [ 1.627011000000152, 6.648335 ], [ 1.624552, 6.644737999000085 ], [ 1.620294000000172, 6.642258 ], [ 1.613783, 6.641868999000053 ], [ 1.616194, 6.643949000000134 ], [ 1.613856758000111, 6.646274784000184 ], [ 1.612346201000094, 6.644386600000075 ], [ 1.610588838000069, 6.644591606000176 ], [ 1.609185235000041, 6.649057896000045 ], [ 1.609016748000045, 6.649594023000077 ], [ 1.608111444000087, 6.652474717000075 ], [ 1.606071091000103, 6.658967157000063 ], [ 1.603755, 6.666336999 ], [ 1.601562762000071, 6.668280779000099 ], [ 1.596117674000027, 6.673108747000072 ], [ 1.594957041000157, 6.674137839000139 ], [ 1.593564, 6.67537299900016 ], [ 1.590242, 6.684153998999989 ], [ 1.583705685000041, 6.684951866000063 ], [ 1.58310604400009, 6.685025061000147 ], [ 1.581772518000037, 6.685187840000026 ], [ 1.579247999000131, 6.685495999000011 ], [ 1.578971517000184, 6.685533290000023 ], [ 1.578637590000028, 6.685578329000066 ], [ 1.578130797000085, 6.68564668200014 ], [ 1.577691001000119, 6.685706 ], [ 1.574441568000111, 6.688330218000146 ], [ 1.574117829000045, 6.688591669000175 ], [ 1.574033789, 6.688659539000128 ], [ 1.573793001000183, 6.688854000000163 ], [ 1.576526, 6.693805999000176 ], [ 1.581199, 6.69327000100003 ], [ 1.58210182900018, 6.695369817000028 ], [ 1.584747001000039, 6.701522 ], [ 1.588433301000066, 6.702556580000021 ], [ 1.589689001000181, 6.702909 ], [ 1.592152000000169, 6.706213 ], [ 1.591959124000027, 6.708086338000157 ], [ 1.592731799999967, 6.707586899000148 ], [ 1.593014951000043, 6.707055971000102 ], [ 1.592576141000166, 6.710908083000163 ], [ 1.592403000000161, 6.712427999000113 ], [ 1.611831, 6.710746000000142 ], [ 1.623737000000119, 6.712029 ], [ 1.636184, 6.713321 ], [ 1.641602, 6.713165000000117 ], [ 1.648116000000186, 6.712977 ], [ 1.660039000000154, 6.713175 ], [ 1.671439000000134, 6.712281000000132 ], [ 1.683345, 6.713562 ], [ 1.695311000000174, 6.715398000000107 ], [ 1.710372, 6.718345 ], [ 1.713946, 6.719383000000164 ], [ 1.721342000000163, 6.721531 ], [ 1.722242, 6.721793 ], [ 1.737969, 6.721509 ], [ 1.753101000000129, 6.724468 ], [ 1.759001000000183, 6.728359000000125 ], [ 1.764359000000127, 6.732241000000158 ], [ 1.769184000000166, 6.735573000000159 ], [ 1.773458000000119, 6.739437000000123 ], [ 1.77644400000014, 6.748215 ], [ 1.779740000000174, 6.75309 ], [ 1.787355000000161, 6.751588 ], [ 1.796588, 6.750655000000165 ], [ 1.802197, 6.749886000000117 ], [ 1.803652000000113, 6.749687000000165 ], [ 1.811694000000102, 6.755238 ], [ 1.818675, 6.758028 ], [ 1.823007000000189, 6.759759 ], [ 1.833769000000132, 6.764812000000177 ], [ 1.842407, 6.767121 ], [ 1.855879, 6.772218000000123 ], [ 1.869938000000161, 6.774614 ], [ 1.880798, 6.773706000000118 ], [ 1.891115000000184, 6.772789000000103 ], [ 1.892033, 6.772757000000126 ], [ 1.901966000000186, 6.77242200000012 ], [ 1.906907000000103, 6.772008000000142 ], [ 1.902044000000103, 6.767545 ], [ 1.89666700000015, 6.764748 ], [ 1.89185, 6.76087600000011 ], [ 1.890039000000115, 6.759626 ], [ 1.885415, 6.756436000000122 ], [ 1.880029, 6.754180000000133 ], [ 1.877825, 6.752472 ], [ 1.873604000000114, 6.749198 ], [ 1.867694000000142, 6.745850000000132 ], [ 1.86125, 6.741952 ], [ 1.855874, 6.739155 ], [ 1.847254, 6.735763 ], [ 1.844028, 6.734084 ], [ 1.839220000000182, 6.72967 ], [ 1.83339, 6.721445 ], [ 1.8286, 6.715946000000145 ], [ 1.827578, 6.712136 ], [ 1.825498, 6.706682000000171 ], [ 1.826137000000188, 6.70073 ], [ 1.830010000000186, 6.695915000000127 ], [ 1.829715, 6.682614 ], [ 1.827122000000145, 6.663183000000117 ], [ 1.82421, 6.661296000000107 ], [ 1.819998000000112, 6.654195000000186 ], [ 1.818688, 6.652452 ], [ 1.816292, 6.649265000000128 ], [ 1.811523, 6.643236000000115 ], [ 1.807808, 6.638847 ], [ 1.804643, 6.633926 ], [ 1.799846000000173, 6.629519 ], [ 1.795085, 6.622950000000117 ], [ 1.791894000000184, 6.619651000000147 ], [ 1.78599800000012, 6.616308000000117 ], [ 1.78177, 6.610288000000139 ], [ 1.778605, 6.605367000000115 ], [ 1.774368, 6.599887 ], [ 1.770226, 6.593446 ], [ 1.763165, 6.592072 ], [ 1.762044, 6.59162 ], [ 1.759578000000147, 6.590492 ], [ 1.75599, 6.589361 ], [ 1.753296, 6.589579000000128 ], [ 1.742722, 6.589974000000154 ], [ 1.733968000000175, 6.598296000000175 ], [ 1.726096, 6.607415000000117 ] ] ], [ [ [ 1.591287174000172, 6.718430886000078 ], [ 1.591339368000035, 6.718672643000048 ], [ 1.591525700000034, 6.717778 ], [ 1.59103076800011, 6.717103137000038 ], [ 1.591021001000115, 6.717198000000167 ], [ 1.591287174000172, 6.718430886000078 ] ] ] ] } },
{ "type": "Feature", "properties": { "fid": 56, "GID_2": "BEN.10.1_1", "GID_0": "BEN", "COUNTRY": "Benin", "GID_1": "BEN.10_1", "NAME_1": "Ouémé", "NL_NAME_1": "NA", "NAME_2": "Adjarra", "VARNAME_2": "Adjara", "NL_NAME_2": "NA", "TYPE_2": "Commune", "ENGTYPE_2": "Commune", "CC_2": "NA", "HASC_2": "BJ.OU.AA" }, "geometry": { "type": "MultiPolygon", "coordinates": [ [ [ [ 2.692424000000187, 6.448968 ], [ 2.678384000000108, 6.445512 ], [ 2.661045, 6.445260000000133 ], [ 2.652314, 6.447915 ], [ 2.653143000000114, 6.466830000000186 ], [ 2.651153000000136, 6.472341000000142 ], [ 2.647244000000171, 6.483278 ], [ 2.645654, 6.488410000000101 ], [ 2.644752, 6.491319 ], [ 2.642913, 6.497251000000119 ], [ 2.64180800000014, 6.500817 ], [ 2.631967, 6.506637 ], [ 2.627596, 6.509083000000146 ], [ 2.629475, 6.512853000000121 ], [ 2.63052400000015, 6.515484 ], [ 2.631377, 6.516524000000118 ], [ 2.633804000000112, 6.51936000000012 ], [ 2.637052, 6.522073 ], [ 2.640303000000131, 6.523159 ], [ 2.643553000000111, 6.52370500000012 ], [ 2.648969, 6.526419000000146 ], [ 2.651342000000113, 6.526544000000172 ], [ 2.653845000000103, 6.528049000000181 ], [ 2.656010000000151, 6.5307600000001 ], [ 2.658718, 6.532389 ], [ 2.660342000000128, 6.534016 ], [ 2.662506000000121, 6.537812 ], [ 2.664384, 6.540881000000184 ], [ 2.668608000000177, 6.538901000000124 ], [ 2.678386, 6.534399000000121 ], [ 2.702344000000153, 6.532445000000109 ], [ 2.702343999957359, 6.532444999921521 ], [ 2.703891, 6.532318001000135 ], [ 2.705056000000184, 6.532223 ], [ 2.706397, 6.532114 ], [ 2.720311, 6.526463001000138 ], [ 2.731402000000116, 6.539834 ], [ 2.741769009000166, 6.544486394000046 ], [ 2.72933101700005, 6.534427166000114 ], [ 2.724709033000124, 6.526391030000127 ], [ 2.720288038000149, 6.507771970000022 ], [ 2.719777107000084, 6.494887829000049 ], [ 2.719752228000061, 6.494260220000115 ], [ 2.719511032000185, 6.488175869000031 ], [ 2.719300985000075, 6.482933999000068 ], [ 2.718329906000122, 6.476606847000085 ], [ 2.717854024000189, 6.473495961000083 ], [ 2.717430114000138, 6.470749855000065 ], [ 2.71577973300009, 6.466291566 ], [ 2.714310191000152, 6.462321790000033 ], [ 2.713503953000043, 6.460143843000026 ], [ 2.713529000000108, 6.461122 ], [ 2.710212, 6.458801 ], [ 2.697827000000132, 6.450131000000113 ], [ 2.692424000000187, 6.448968 ] ] ] ] } },
{ "type": "Feature", "properties": { "fid": 57, "GID_2": "BEN.10.2_1", "GID_0": "BEN", "COUNTRY": "Benin", "GID_1": "BEN.10_1", "NAME_1": "Ouémé", "NL_NAME_1": "NA", "NAME_2": "Adjohoun", "VARNAME_2": "NA", "NL_NAME_2": "NA", "TYPE_2": "Commune", "ENGTYPE_2": "Commune", "CC_2": "NA", "HASC_2": "BJ.OU.AH" }, "geometry": { "type": "MultiPolygon", "coordinates": [ [ [ [ 2.565984000000185, 6.643905000000188 ], [ 2.556257, 6.623912000000132 ], [ 2.542399000000103, 6.625667 ], [ 2.529398000000128, 6.624932000000115 ], [ 2.521655, 6.62448 ], [ 2.518557, 6.624299000000178 ], [ 2.51694, 6.624205000000188 ], [ 2.50665800000013, 6.622968000000185 ], [ 2.505423, 6.623064000000113 ], [ 2.480868, 6.624969 ], [ 2.477349000000174, 6.625242000000185 ], [ 2.476099000000147, 6.625344 ], [ 2.443695, 6.627991000000122 ], [ 2.422162734000153, 6.631757967000112 ], [ 2.421683, 6.632722 ], [ 2.421681, 6.631842 ], [ 2.420865000000106, 6.631985000000157 ], [ 2.418705, 6.631393 ], [ 2.419385, 6.635077 ], [ 2.419405, 6.63838 ], [ 2.41942100000017, 6.641223000000139 ], [ 2.421437, 6.645731000000126 ], [ 2.421175000000176, 6.647412 ], [ 2.420565000000124, 6.65134 ], [ 2.422024, 6.653502 ], [ 2.428745000000163, 6.658885000000112 ], [ 2.430753, 6.662128 ], [ 2.430417000000148, 6.666649000000177 ], [ 2.431879, 6.669172 ], [ 2.434242, 6.67132700000019 ], [ 2.429926, 6.67533 ], [ 2.429412000000127, 6.679082 ], [ 2.42942, 6.680451000000119 ], [ 2.428582000000176, 6.68235 ], [ 2.42754900000017, 6.685456 ], [ 2.429653000000144, 6.690517 ], [ 2.431818, 6.6896 ], [ 2.435275000000104, 6.693377000000112 ], [ 2.438736946000176, 6.693278145000022 ], [ 2.442143000000101, 6.692975 ], [ 2.443033000000185, 6.694292000000132 ], [ 2.444071000000122, 6.695829000000117 ], [ 2.44469700000019, 6.696756 ], [ 2.437346, 6.707284 ], [ 2.436818, 6.709819 ], [ 2.438685000000135, 6.712573000000134 ], [ 2.438488000000177, 6.71704 ], [ 2.437419, 6.719758 ], [ 2.438533000000177, 6.724813 ], [ 2.438008, 6.727709000000175 ], [ 2.433144000000141, 6.730811000000131 ], [ 2.433165000000145, 6.734426 ], [ 2.439132, 6.734392000000128 ], [ 2.439065000000141, 6.736288000000172 ], [ 2.438921000000107, 6.740345000000104 ], [ 2.438644000000124, 6.743614 ], [ 2.441019000000153, 6.747758 ], [ 2.441799, 6.749739 ], [ 2.442306, 6.751366000000189 ], [ 2.43868700000013, 6.751026000000138 ], [ 2.434897, 6.752314000000126 ], [ 2.434191000000112, 6.755211 ], [ 2.430201000000181, 6.753245 ], [ 2.427862000000118, 6.755248 ], [ 2.426791000000151, 6.757604000000129 ], [ 2.429885000000183, 6.761021 ], [ 2.432074000000114, 6.764262000000144 ], [ 2.43321, 6.765525 ], [ 2.435180820000085, 6.767637807000142 ], [ 2.436019, 6.768235 ], [ 2.438255, 6.76983 ], [ 2.438836, 6.776335 ], [ 2.440842, 6.779215000000136 ], [ 2.443572000000188, 6.782273 ], [ 2.446010000000115, 6.787718 ], [ 2.447351, 6.793506 ], [ 2.445929, 6.797846000000163 ], [ 2.455834, 6.794596000000183 ], [ 2.478057000000149, 6.795472000000188 ], [ 2.500295000000165, 6.795262 ], [ 2.518787, 6.791742000000113 ], [ 2.535619, 6.793727 ], [ 2.555601000000138, 6.796083000000124 ], [ 2.571403, 6.792612000000133 ], [ 2.575711000000126, 6.793128 ], [ 2.575216, 6.789867 ], [ 2.57555200000013, 6.767104000000131 ], [ 2.574357, 6.757457 ], [ 2.573391000000186, 6.749663000000169 ], [ 2.573130000000106, 6.747553 ], [ 2.571432000000129, 6.738564000000167 ], [ 2.568153, 6.721194 ], [ 2.566914, 6.709749 ], [ 2.566196000000161, 6.70299800000015 ], [ 2.564348000000166, 6.681286000000114 ], [ 2.56483, 6.670274 ], [ 2.565984000000185, 6.643905000000188 ] ] ] ] } },
{ "type": "Feature", "properties": { "fid": 58, "GID_2": "BEN.10.3_1", "GID_0": "BEN", "COUNTRY": "Benin", "GID_1": "BEN.10_1", "NAME_1": "Ouémé", "NL_NAME_1": "NA", "NAME_2": "Aguégués", "VARNAME_2": "Aguegue|Aguégué", "NL_NAME_2": "NA", "TYPE_2": "Commune", "ENGTYPE_2": "Commune", "CC_2": "NA", "HASC_2": "BJ.OU.AG" }, "geometry": { "type": "MultiPolygon", "coordinates": [ [ [ [ 2.481304, 6.444545000000176 ], [ 2.483913, 6.448325 ], [ 2.485013000000151, 6.449799 ], [ 2.484954, 6.44972 ], [ 2.487937000000159, 6.453716 ], [ 2.492104, 6.461599 ], [ 2.494049000000132, 6.465472 ], [ 2.494897, 6.466425 ], [ 2.498349, 6.470308000000159 ], [ 2.500706, 6.47293400000018 ], [ 2.500990000000115, 6.476533 ], [ 2.502101, 6.478608000000179 ], [ 2.500864, 6.483732 ], [ 2.500739000000124, 6.490932 ], [ 2.501576000000114, 6.494253 ], [ 2.503518, 6.496602 ], [ 2.504352, 6.498816 ], [ 2.504909, 6.500753000000145 ], [ 2.505467000000181, 6.503105 ], [ 2.505473000000165, 6.506013000000166 ], [ 2.505479, 6.509751000000165 ], [ 2.50521, 6.513628000000153 ], [ 2.503141, 6.517785000000174 ], [ 2.502726, 6.517925 ], [ 2.499544000000185, 6.518623 ], [ 2.497514, 6.52028 ], [ 2.496278343000085, 6.521485266000127 ], [ 2.502099, 6.52857500000016 ], [ 2.504218, 6.531859000000111 ], [ 2.507899000000123, 6.539503 ], [ 2.515867, 6.550464 ], [ 2.519660000000158, 6.55052000000012 ], [ 2.526746, 6.547915 ], [ 2.532399000000112, 6.543159000000173 ], [ 2.534979, 6.540989 ], [ 2.543378, 6.532835 ], [ 2.548242000000187, 6.523838 ], [ 2.553239, 6.51578 ], [ 2.559862, 6.507746000000168 ], [ 2.562991000000181, 6.506393000000173 ], [ 2.570772, 6.503028 ], [ 2.577641000000142, 6.478192 ], [ 2.580807, 6.471374 ], [ 2.586273, 6.459603000000129 ], [ 2.588766, 6.454234000000156 ], [ 2.53096, 6.421650000000113 ], [ 2.501068, 6.404796 ], [ 2.481856, 6.394125000000145 ], [ 2.481533981000155, 6.39416183000003 ], [ 2.480142841000145, 6.394320937000089 ], [ 2.45101000000011, 6.397652916000027 ], [ 2.447713, 6.398030000000119 ], [ 2.448589420000189, 6.399169246000099 ], [ 2.448635, 6.39916600000015 ], [ 2.456026000000179, 6.408276 ], [ 2.466953000000103, 6.421744000000103 ], [ 2.468506, 6.424683 ], [ 2.473504, 6.432841 ], [ 2.476974, 6.438510000000122 ], [ 2.47765, 6.439421 ], [ 2.480967, 6.445008 ], [ 2.480924998000091, 6.445066157000042 ], [ 2.480863000000113, 6.445152000000121 ], [ 2.481304, 6.444545000000176 ] ] ] ] } },
{ "type": "Feature", "properties": { "fid": 59, "GID_2": "BEN.10.4_1", "GID_0": "BEN", "COUNTRY": "Benin", "GID_1": "BEN.10_1", "NAME_1": "Ouémé", "NL_NAME_1": "NA", "NAME_2": "Akpro-Missérété", "VARNAME_2": "NA", "NL_NAME_2": "NA", "TYPE_2": "Commune", "ENGTYPE_2": "Commune", "CC_2": "NA", "HASC_2": "BJ.OU.AM" }, "geometry": { "type": "MultiPolygon", "coordinates": [ [ [ [ 2.58153, 6.508608 ], [ 2.570772, 6.503028 ], [ 2.562991000000181, 6.506393000000173 ], [ 2.559862, 6.507746000000168 ], [ 2.553239, 6.51578 ], [ 2.548242000000187, 6.523838 ], [ 2.543378, 6.532835 ], [ 2.552019, 6.543916 ], [ 2.555469, 6.548339000000112 ], [ 2.558494, 6.563554000000124 ], [ 2.559416000000112, 6.564959 ], [ 2.567510000000141, 6.577249000000108 ], [ 2.572252000000105, 6.586534 ], [ 2.571138000000133, 6.589425000000176 ], [ 2.568306000000121, 6.596777 ], [ 2.560550000000148, 6.60804700000017 ], [ 2.559529, 6.61065 ], [ 2.55717, 6.61667 ], [ 2.556257, 6.623912000000132 ], [ 2.565984000000185, 6.643905000000188 ], [ 2.576777, 6.647317 ], [ 2.5882, 6.644775 ], [ 2.597745000000145, 6.642253 ], [ 2.601807000000179, 6.641180000000134 ], [ 2.62309, 6.631734000000165 ], [ 2.618881000000158, 6.622999 ], [ 2.613667, 6.60882800000013 ], [ 2.606018, 6.59724800000015 ], [ 2.599071, 6.586731 ], [ 2.597757, 6.584742000000119 ], [ 2.605528, 6.572387000000163 ], [ 2.607201, 6.567383 ], [ 2.609496, 6.56051900000017 ], [ 2.609066, 6.552923 ], [ 2.598664000000156, 6.534715000000176 ], [ 2.589927, 6.519420000000139 ], [ 2.58153, 6.508608 ] ] ] ] } },
{ "type": "Feature", "properties": { "fid": 60, "GID_2": "BEN.10.5_1", "GID_0": "BEN", "COUNTRY": "Benin", "GID_1": "BEN.10_1", "NAME_1": "Ouémé", "NL_NAME_1": "NA", "NAME_2": "Avrankou", "VARNAME_2": "NA", "NL_NAME_2": "NA", "TYPE_2": "Commune", "ENGTYPE_2": "Commune", "CC_2": "NA", "HASC_2": "BJ.OU.AV" }, "geometry": { "type": "MultiPolygon", "coordinates": [ [ [ [ 2.696753000000115, 6.55810600000018 ], [ 2.700511000000176, 6.551851000000113 ], [ 2.702461, 6.548281000000145 ], [ 2.705060000000117, 6.545360000000187 ], [ 2.705711000000179, 6.542438 ], [ 2.705713000000173, 6.539841 ], [ 2.706039000000146, 6.537244000000157 ], [ 2.70604, 6.535296 ], [ 2.705365000000143, 6.533189 ], [ 2.705056000000184, 6.532223 ], [ 2.703891, 6.532318 ], [ 2.702344000000153, 6.532445000000109 ], [ 2.678386, 6.534399000000121 ], [ 2.668608000000177, 6.538901000000124 ], [ 2.664384, 6.540881000000184 ], [ 2.662506000000121, 6.537812 ], [ 2.660342000000128, 6.534016 ], [ 2.658718, 6.532389 ], [ 2.656010000000151, 6.5307600000001 ], [ 2.653845000000103, 6.528049000000181 ], [ 2.651342000000113, 6.526544000000172 ], [ 2.648969, 6.526419000000146 ], [ 2.643553000000111, 6.52370500000012 ], [ 2.640303000000131, 6.523159 ], [ 2.637052, 6.522073 ], [ 2.633804000000112, 6.51936000000012 ], [ 2.631377, 6.516524000000118 ], [ 2.63052400000015, 6.515484 ], [ 2.629475, 6.512853000000121 ], [ 2.627596, 6.509083000000146 ], [ 2.622932000000105, 6.511693 ], [ 2.621583, 6.512448 ], [ 2.617439, 6.516250000000184 ], [ 2.616517000000101, 6.517096 ], [ 2.611694, 6.521520000000123 ], [ 2.6050800000001, 6.529012 ], [ 2.602275, 6.535476 ], [ 2.597448, 6.529200000000174 ], [ 2.589927, 6.519420000000139 ], [ 2.598664000000156, 6.534715000000176 ], [ 2.609066, 6.552923 ], [ 2.609496, 6.56051900000017 ], [ 2.607201, 6.567383 ], [ 2.605528, 6.572387000000163 ], [ 2.597757, 6.584742000000119 ], [ 2.599071, 6.586731 ], [ 2.606018, 6.59724800000015 ], [ 2.619807, 6.606718000000171 ], [ 2.633481, 6.616109 ], [ 2.638224, 6.61936100000014 ], [ 2.639218, 6.620043 ], [ 2.64922300000012, 6.626902 ], [ 2.657017000000167, 6.61693 ], [ 2.660272, 6.613139000000103 ], [ 2.665154, 6.608266000000185 ], [ 2.666782, 6.605558 ], [ 2.668952, 6.60285 ], [ 2.67058, 6.600684 ], [ 2.671577000000127, 6.598694 ], [ 2.675357, 6.591151 ], [ 2.676009, 6.589850000000183 ], [ 2.678181000000166, 6.584974000000159 ], [ 2.678725, 6.582807 ], [ 2.68393900000018, 6.576516 ], [ 2.686143, 6.574864000000105 ], [ 2.689137000000187, 6.570999 ], [ 2.690762000000177, 6.567754 ], [ 2.693037000000118, 6.564508 ], [ 2.694270000000188, 6.5618750000001 ], [ 2.694987, 6.559964 ], [ 2.696753000000115, 6.55810600000018 ] ] ] ] } },
{ "type": "Feature", "properties": { "fid": 61, "GID_2": "BEN.10.6_1", "GID_0": "BEN", "COUNTRY": "Benin", "GID_1": "BEN.10_1", "NAME_1": "Ouémé", "NL_NAME_1": "NA", "NAME_2": "Bonou", "VARNAME_2": "NA", "NL_NAME_2": "NA", "TYPE_2": "Commune", "ENGTYPE_2": "Commune", "CC_2": "NA", "HASC_2": "BJ.OU.BO" }, "geometry": { "type": "MultiPolygon", "coordinates": [ [ [ [ 2.569266000000141, 6.825558000000115 ], [ 2.571403, 6.792612000000133 ], [ 2.555601000000138, 6.796083000000124 ], [ 2.535619, 6.793727 ], [ 2.518787, 6.791742000000113 ], [ 2.500295000000165, 6.795262 ], [ 2.478057000000149, 6.795472000000188 ], [ 2.455834, 6.794596000000183 ], [ 2.445929, 6.797846000000163 ], [ 2.445073, 6.800064 ], [ 2.448218, 6.804923 ], [ 2.447891000000141, 6.80782900000014 ], [ 2.446652000000142, 6.810383 ], [ 2.442738000000134, 6.811846000000173 ], [ 2.438875, 6.812474 ], [ 2.435081, 6.81379 ], [ 2.435119000000157, 6.816874000000155 ], [ 2.431540000000155, 6.820908000000145 ], [ 2.429748000000188, 6.822744000000171 ], [ 2.429064, 6.826198000000147 ], [ 2.426370000000134, 6.828408 ], [ 2.425865000000101, 6.831679000000122 ], [ 2.428426, 6.833280000000116 ], [ 2.429406000000142, 6.836944000000187 ], [ 2.428132, 6.838907 ], [ 2.424505000000181, 6.839133000000118 ], [ 2.421208, 6.836634000000117 ], [ 2.416, 6.841050000000109 ], [ 2.419116000000145, 6.843552 ], [ 2.421315, 6.845338 ], [ 2.419536000000107, 6.848262000000148 ], [ 2.417428, 6.853911 ], [ 2.416568, 6.857731 ], [ 2.416094, 6.863541000000112 ], [ 2.415765, 6.866266000000167 ], [ 2.419711000000177, 6.872869 ], [ 2.420349, 6.873937000000183 ], [ 2.420591950000073, 6.87418829100011 ], [ 2.420188, 6.876554000000169 ], [ 2.419400868000082, 6.876239321000185 ], [ 2.416341, 6.883671000000163 ], [ 2.413699000000122, 6.890233 ], [ 2.4134, 6.909820000000138 ], [ 2.414917000000173, 6.915611 ], [ 2.400403, 6.91597 ], [ 2.402498, 6.924107000000106 ], [ 2.415635, 6.944624 ], [ 2.419836, 6.946749000000182 ], [ 2.422963000000152, 6.950157 ], [ 2.424633, 6.956504000000109 ], [ 2.454925, 6.958057000000167 ], [ 2.499836000000187, 6.960357 ], [ 2.511851, 6.961941 ], [ 2.524830000000179, 6.97874800000011 ], [ 2.519282000000146, 6.965478000000132 ], [ 2.516832000000136, 6.957118 ], [ 2.511932, 6.939980000000162 ], [ 2.510821000000135, 6.934855000000141 ], [ 2.510578000000123, 6.933735000000183 ], [ 2.510284000000127, 6.932379 ], [ 2.509485, 6.928695000000118 ], [ 2.515032, 6.916886 ], [ 2.515628000000163, 6.915617000000168 ], [ 2.521453000000179, 6.903217 ], [ 2.528803, 6.898748000000126 ], [ 2.535862000000122, 6.894456000000105 ], [ 2.542891000000111, 6.88903 ], [ 2.552372000000105, 6.867592000000116 ], [ 2.551368, 6.862156 ], [ 2.557874, 6.848180000000127 ], [ 2.56089100000014, 6.841698 ], [ 2.569266000000141, 6.825558000000115 ] ] ] ] } },
{ "type": "Feature", "properties": { "fid": 62, "GID_2": "BEN.10.7_1", "GID_0": "BEN", "COUNTRY": "Benin", "GID_1": "BEN.10_1", "NAME_1": "Ouémé", "NL_NAME_1": "NA", "NAME_2": "Dangbo", "VARNAME_2": "NA", "NL_NAME_2": "NA", "TYPE_2": "Commune", "ENGTYPE_2": "Commune", "CC_2": "NA", "HASC_2": "BJ.OU.DA" }, "geometry": { "type": "MultiPolygon", "coordinates": [ [ [ [ 2.453487, 6.53893 ], [ 2.449061000000142, 6.540739000000144 ], [ 2.446297, 6.542359 ], [ 2.442424, 6.5446290000001 ], [ 2.439798, 6.546573 ], [ 2.437726, 6.549207 ], [ 2.436904, 6.553778 ], [ 2.436085000000162, 6.560286 ], [ 2.435399, 6.563195 ], [ 2.435069000000112, 6.564915 ], [ 2.434576000000163, 6.567488 ], [ 2.433753, 6.571643 ], [ 2.433071000000155, 6.577321 ], [ 2.432798000000105, 6.579537 ], [ 2.432663000000161, 6.58092100000016 ], [ 2.432806, 6.583829 ], [ 2.432542, 6.590613 ], [ 2.430067000000122, 6.59975500000013 ], [ 2.429379, 6.602387 ], [ 2.428283000000135, 6.608204000000171 ], [ 2.428018, 6.61471100000017 ], [ 2.427055000000109, 6.618036000000131 ], [ 2.425677000000178, 6.621777 ], [ 2.424576000000172, 6.62524 ], [ 2.42389, 6.628287 ], [ 2.422162734000153, 6.631757968000045 ], [ 2.443695, 6.627991000000122 ], [ 2.476099000000147, 6.625344 ], [ 2.477349000000174, 6.625242000000185 ], [ 2.480868, 6.624969 ], [ 2.505423, 6.623064000000113 ], [ 2.50665800000013, 6.622968000000185 ], [ 2.51694, 6.624205000000188 ], [ 2.518557, 6.624299000000178 ], [ 2.521655, 6.62448 ], [ 2.529398000000128, 6.624932000000115 ], [ 2.542399000000103, 6.625667 ], [ 2.556257, 6.623912000000132 ], [ 2.55717, 6.61667 ], [ 2.559529, 6.61065 ], [ 2.560550000000148, 6.60804700000017 ], [ 2.568306000000121, 6.596777 ], [ 2.571138000000133, 6.589425000000176 ], [ 2.572252000000105, 6.586534 ], [ 2.567510000000141, 6.577249000000108 ], [ 2.559416000000112, 6.564959 ], [ 2.558494, 6.563554000000124 ], [ 2.555469, 6.548339000000112 ], [ 2.552019, 6.543916 ], [ 2.543378, 6.532835 ], [ 2.534979, 6.540989 ], [ 2.532399000000112, 6.543159000000173 ], [ 2.526746, 6.547915 ], [ 2.519660000000158, 6.55052000000012 ], [ 2.515867, 6.550464 ], [ 2.507899000000123, 6.539503 ], [ 2.504218, 6.531859000000111 ], [ 2.502099, 6.52857500000016 ], [ 2.496278343000085, 6.521485266000127 ], [ 2.496242, 6.521441 ], [ 2.49138900000014, 6.523468 ], [ 2.486873, 6.523857 ], [ 2.482718000000148, 6.524243000000183 ], [ 2.479121, 6.525048 ], [ 2.478923, 6.525091 ], [ 2.479201000000103, 6.525976 ], [ 2.474232, 6.52892 ], [ 2.471063000000186, 6.530657000000133 ], [ 2.469669000000124, 6.531421 ], [ 2.463999000000115, 6.534202000000164 ], [ 2.455147000000125, 6.538373000000149 ], [ 2.453487, 6.53893 ] ] ] ] } },
{ "type": "Feature", "properties": { "fid": 63, "GID_2": "BEN.10.8_1", "GID_0": "BEN", "COUNTRY": "Benin", "GID_1": "BEN.10_1", "NAME_1": "Ouémé", "NL_NAME_1": "NA", "NAME_2": "Porto-Novo", "VARNAME_2": "Porto Novo", "NL_NAME_2": "NA", "TYPE_2": "Commune", "ENGTYPE_2": "Commune", "CC_2": "NA", "HASC_2": "BJ.OU.PN" }, "geometry": { "type": "MultiPolygon", "coordinates": [ [ [ [ 2.645654, 6.488410000000101 ], [ 2.647244000000171, 6.483278 ], [ 2.651153000000136, 6.472341000000142 ], [ 2.653143000000114, 6.466830000000186 ], [ 2.652314, 6.447915 ], [ 2.648387, 6.449109000000135 ], [ 2.647435000000144, 6.449398 ], [ 2.634297, 6.458423 ], [ 2.626414, 6.460924 ], [ 2.610424, 6.46078400000016 ], [ 2.600356, 6.460637 ], [ 2.588766, 6.454234000000156 ], [ 2.586273, 6.459603000000129 ], [ 2.580807, 6.471374 ], [ 2.577641000000142, 6.478192 ], [ 2.570772, 6.503028 ], [ 2.58153, 6.508608 ], [ 2.589927, 6.519420000000139 ], [ 2.597448, 6.529200000000174 ], [ 2.602275, 6.535476 ], [ 2.6050800000001, 6.529012 ], [ 2.611694, 6.521520000000123 ], [ 2.616517000000101, 6.517096 ], [ 2.617439, 6.516250000000184 ], [ 2.621583, 6.512448 ], [ 2.622932000000105, 6.511693 ], [ 2.627596, 6.509083000000146 ], [ 2.631967, 6.506637 ], [ 2.64180800000014, 6.500817 ], [ 2.642913, 6.497251000000119 ], [ 2.644752, 6.491319 ], [ 2.645654, 6.488410000000101 ] ] ] ] } },
{ "type": "Feature", "properties": { "fid": 64, "GID_2": "BEN.10.9_1", "GID_0": "BEN", "COUNTRY": "Benin", "GID_1": "BEN.10_1", "NAME_1": "Ouémé", "NL_NAME_1": "NA", "NAME_2": "Sèmè-Kpodji", "VARNAME_2": "Sèmè-Podji", "NL_NAME_2": "NA", "TYPE_2": "Commune", "ENGTYPE_2": "Commune", "CC_2": "NA", "HASC_2": "BJ.OU.SK" }, "geometry": { "type": "MultiPolygon", "coordinates": [ [ [ [ 2.527082920000055, 6.358472824000103 ], [ 2.527082920000055, 6.358194828000023 ], [ 2.52652692900017, 6.358194828000023 ], [ 2.52652692900017, 6.358472824000103 ], [ 2.525417088999973, 6.358472824000103 ], [ 2.525417088999973, 6.358748914000046 ], [ 2.525139094000167, 6.358748914000046 ], [ 2.525139094000167, 6.359026910000125 ], [ 2.524027109000087, 6.359026910000125 ], [ 2.524027109000087, 6.358748914000046 ], [ 2.52375102100018, 6.358748914000046 ], [ 2.52375102100018, 6.358472824000103 ], [ 2.521805048000033, 6.358472824000103 ], [ 2.521805048000033, 6.358748914000046 ], [ 2.521527052000124, 6.358748914000046 ], [ 2.521527052000124, 6.359026910000125 ], [ 2.52125096400016, 6.359026910000125 ], [ 2.52125096400016, 6.359304905000101 ], [ 2.519582985999989, 6.359304905000101 ], [ 2.519582985999989, 6.359026910000125 ], [ 2.519028902000173, 6.359026910000125 ], [ 2.519028902000173, 6.358748914000046 ], [ 2.518472909000081, 6.358748914000046 ], [ 2.518472909000081, 6.358472824000103 ], [ 2.517081976000043, 6.358472824000103 ], [ 2.517081976000043, 6.358194828000023 ], [ 2.516249894999987, 6.358194828000023 ], [ 2.516249894999987, 6.357916833 ], [ 2.511528016, 6.357916833 ], [ 2.511528016, 6.358194828000023 ], [ 2.510416031000148, 6.358194828000023 ], [ 2.510416031000148, 6.357916833 ], [ 2.509861945000125, 6.357916833 ], [ 2.509861945000125, 6.358194828000023 ], [ 2.50652790100014, 6.358194828000023 ], [ 2.50652790100014, 6.358472824000103 ], [ 2.50319290300007, 6.358472824000103 ], [ 2.50319290300007, 6.358194828000023 ], [ 2.500694991000159, 6.358194828000023 ], [ 2.500694991000159, 6.358472824000103 ], [ 2.49958300600008, 6.358472824000103 ], [ 2.49958300600008, 6.358748914000046 ], [ 2.499027013000159, 6.358748914000046 ], [ 2.499027013000159, 6.359026910000125 ], [ 2.49874901700008, 6.359026910000125 ], [ 2.49874901700008, 6.359304905000101 ], [ 2.498472929000116, 6.359304905000101 ], [ 2.498472929000116, 6.359582901000181 ], [ 2.49791693800006, 6.359582901000181 ], [ 2.49791693800006, 6.359304905000101 ], [ 2.497638940000115, 6.359304905000101 ], [ 2.497638940000115, 6.358748914000046 ], [ 2.495417118000148, 6.358748914000046 ], [ 2.495417118000148, 6.358472824000103 ], [ 2.492917061000185, 6.358472824000103 ], [ 2.492917061000185, 6.358748914000046 ], [ 2.492639066000152, 6.358748914000046 ], [ 2.492639066000152, 6.359026910000125 ], [ 2.492082118999974, 6.359026910000125 ], [ 2.492082118999974, 6.359582901000181 ], [ 2.491803884000149, 6.359582901000181 ], [ 2.491803884000149, 6.35986089700009 ], [ 2.491528989000074, 6.35986089700009 ], [ 2.491528989000074, 6.360138894000102 ], [ 2.49097299500005, 6.360138894000102 ], [ 2.49097299500005, 6.360416890000181 ], [ 2.49013805400017, 6.360416890000181 ], [ 2.49013805400017, 6.35986089700009 ], [ 2.490416048999975, 6.35986089700009 ], [ 2.490416048999975, 6.359582901000181 ], [ 2.49069404700009, 6.359582901000181 ], [ 2.49069404700009, 6.359304905000101 ], [ 2.489027977000092, 6.359304905000101 ], [ 2.489027977000092, 6.359582901000181 ], [ 2.487868486000139, 6.359582901000181 ], [ 2.487808000000143, 6.360557 ], [ 2.487636000000123, 6.363329 ], [ 2.486885000000143, 6.375431000000106 ], [ 2.484362, 6.37653100000017 ], [ 2.481659, 6.377813000000174 ], [ 2.480603000000144, 6.382519000000173 ], [ 2.480815, 6.387761000000125 ], [ 2.481533981000155, 6.39416183000003 ], [ 2.481856, 6.394125000000145 ], [ 2.501068, 6.404796 ], [ 2.53096, 6.421650000000113 ], [ 2.588766, 6.454234000000156 ], [ 2.600356, 6.460637 ], [ 2.610424, 6.46078400000016 ], [ 2.626414, 6.460924 ], [ 2.634297, 6.458423 ], [ 2.647435000000144, 6.449398 ], [ 2.648387, 6.449109000000135 ], [ 2.652314, 6.447915 ], [ 2.661045, 6.445260000000133 ], [ 2.678384000000108, 6.445512 ], [ 2.692424000000187, 6.448968 ], [ 2.697827000000132, 6.450131000000113 ], [ 2.710212, 6.458801 ], [ 2.713529000000108, 6.461122 ], [ 2.713503953000043, 6.460143843000026 ], [ 2.710711002000153, 6.452599049000128 ], [ 2.70627999400017, 6.42560482000016 ], [ 2.708297014000095, 6.409361839000098 ], [ 2.708415985000102, 6.405684949000147 ], [ 2.70917010200003, 6.382326127000113 ], [ 2.709382057000084, 6.375693798000157 ], [ 2.709305048000033, 6.375693798000157 ], [ 2.709305048000033, 6.375418186000104 ], [ 2.708472966999977, 6.37541580300018 ], [ 2.708472966999977, 6.375137807000044 ], [ 2.70569396000019, 6.375137807000044 ], [ 2.70569396000019, 6.374862194000116 ], [ 2.704305887000032, 6.374862194000116 ], [ 2.704305887000032, 6.374584199000083 ], [ 2.703471900000181, 6.374584199000083 ], [ 2.703471900000181, 6.374306203000174 ], [ 2.701806069000099, 6.374306203000174 ], [ 2.701806069000099, 6.374584199000083 ], [ 2.701528072000144, 6.374584199000083 ], [ 2.701528072000144, 6.374306203000174 ], [ 2.700138092000032, 6.374306203000174 ], [ 2.700138092000032, 6.374028205000116 ], [ 2.698750019000045, 6.374028205000116 ], [ 2.698750019000045, 6.373750210000082 ], [ 2.697083951000025, 6.373750210000082 ], [ 2.697083951000025, 6.374028205000116 ], [ 2.695415973000024, 6.374028205000116 ], [ 2.695415973000024, 6.373750210000082 ], [ 2.695139885000117, 6.373750210000082 ], [ 2.695139885000117, 6.373472214000174 ], [ 2.693192959000157, 6.373472214000174 ], [ 2.693192959000157, 6.373194218000094 ], [ 2.69291806300015, 6.373194218000094 ], [ 2.69291806300015, 6.373472214000174 ], [ 2.692640065000035, 6.373472214000174 ], [ 2.692640065000035, 6.373194218000094 ], [ 2.691526890000034, 6.373194218000094 ], [ 2.691526890000034, 6.372916221000082 ], [ 2.691248895000058, 6.372916221000082 ], [ 2.691248895000058, 6.373194218000094 ], [ 2.690417051000168, 6.373194218000094 ], [ 2.690417051000168, 6.373472214000174 ], [ 2.689583064000146, 6.373472214000174 ], [ 2.689583064000146, 6.373194218000094 ], [ 2.689305066000088, 6.373194218000094 ], [ 2.689305066000088, 6.372916221000082 ], [ 2.687638998000068, 6.372916221000082 ], [ 2.687638998000068, 6.372638225 ], [ 2.687361003000035, 6.372638225 ], [ 2.687361003000035, 6.372916221000082 ], [ 2.685972930000048, 6.372916221000082 ], [ 2.685972930000048, 6.372638225 ], [ 2.685416937000127, 6.372638225 ], [ 2.685416937000127, 6.372362137000096 ], [ 2.684029102000181, 6.372362137000096 ], [ 2.684029102000181, 6.372084141000187 ], [ 2.680695057999969, 6.372084141000187 ], [ 2.680695057999969, 6.371806145999983 ], [ 2.679860115999986, 6.371806145999983 ], [ 2.679860115999986, 6.371528148000095 ], [ 2.679582118000098, 6.371528148000095 ], [ 2.679582118000098, 6.371806145999983 ], [ 2.677916050000078, 6.371806145999983 ], [ 2.677916050000078, 6.371528148000095 ], [ 2.677360056999987, 6.371528148000095 ], [ 2.677360056999987, 6.371250153000119 ], [ 2.676249982000058, 6.371250153000119 ], [ 2.676249982000058, 6.37097215700004 ], [ 2.67458391200006, 6.37097215700004 ], [ 2.67458391200006, 6.371250153000119 ], [ 2.67347192699998, 6.371250153000119 ], [ 2.67347192699998, 6.37097215700004 ], [ 2.672915936000095, 6.37097215700004 ], [ 2.672915936000095, 6.371250153000119 ], [ 2.672637940000186, 6.371250153000119 ], [ 2.672637940000186, 6.37097215700004 ], [ 2.671806096000125, 6.37097215700004 ], [ 2.671806096000125, 6.370694161000131 ], [ 2.671528101000092, 6.370694161000131 ], [ 2.671528101000092, 6.370416164000119 ], [ 2.669584035000184, 6.370416164000119 ], [ 2.669584035000184, 6.370140075999984 ], [ 2.669028044000129, 6.370140075999984 ], [ 2.669028044000129, 6.370416164000119 ], [ 2.667917967000164, 6.370416164000119 ], [ 2.667916059000049, 6.370140075999984 ], [ 2.666805982000085, 6.370140075999984 ], [ 2.666805982000085, 6.369862080000075 ], [ 2.665971040000102, 6.369862080000075 ], [ 2.665971040000102, 6.370140075999984 ], [ 2.665417910000031, 6.370140075999984 ], [ 2.665417910000031, 6.369862080000075 ], [ 2.664026977000105, 6.369862080000075 ], [ 2.664026977000105, 6.370140075999984 ], [ 2.663470983000138, 6.370140075999984 ], [ 2.663470983000138, 6.369862080000075 ], [ 2.662916900000027, 6.369862080000075 ], [ 2.662916900000027, 6.369584084000167 ], [ 2.660695076000025, 6.369584084000167 ], [ 2.660695076000025, 6.36930608900019 ], [ 2.660417080000116, 6.36930608900019 ], [ 2.660417080000116, 6.369028091000075 ], [ 2.660139084000036, 6.369028091000075 ], [ 2.660139084000036, 6.36930608900019 ], [ 2.658473014000037, 6.36930608900019 ], [ 2.658473014000037, 6.369028091000075 ], [ 2.655138970000053, 6.369028091000075 ], [ 2.655138970000053, 6.36847210000019 ], [ 2.654028893000145, 6.36847210000019 ], [ 2.654028893000145, 6.368194104000111 ], [ 2.653472900000054, 6.368194104000111 ], [ 2.653472900000054, 6.367915154000116 ], [ 2.652916909000112, 6.367915154000116 ], [ 2.652916909000112, 6.368194104000111 ], [ 2.652359963000038, 6.368194104000111 ], [ 2.652359963000038, 6.367915154000116 ], [ 2.65124988600013, 6.367915154000116 ], [ 2.65124988600013, 6.368194104000111 ], [ 2.65041589700013, 6.368194104000111 ], [ 2.65041589700013, 6.36847210000019 ], [ 2.648750066000048, 6.36847210000019 ], [ 2.648750066000048, 6.368194104000111 ], [ 2.648194075000163, 6.368194104000111 ], [ 2.648194075000163, 6.367915154000116 ], [ 2.647916079000083, 6.367915154000116 ], [ 2.647916079000083, 6.367640018000088 ], [ 2.645694018000142, 6.367640018000088 ], [ 2.645694018000142, 6.367362023000112 ], [ 2.645416022000063, 6.367362023000112 ], [ 2.645416022000063, 6.367084027000033 ], [ 2.644583941000064, 6.367084027000033 ], [ 2.644583941000064, 6.367362023000112 ], [ 2.643193961000179, 6.367362023000112 ], [ 2.643193961000179, 6.367084027000033 ], [ 2.642640114000073, 6.367084027000033 ], [ 2.642640114000073, 6.366806030000021 ], [ 2.642362117000062, 6.366806030000021 ], [ 2.642362117000062, 6.367084027000033 ], [ 2.641805888000135, 6.367084027000033 ], [ 2.641805888000135, 6.366806030000021 ], [ 2.641587260000165, 6.366806030000021 ], [ 2.641527890000077, 6.366806030000021 ], [ 2.641527890000077, 6.366527081000129 ], [ 2.640971898999965, 6.366527081000129 ], [ 2.640971898999965, 6.366806030000021 ], [ 2.64041805300019, 6.366806030000021 ], [ 2.64041805300019, 6.366527081000129 ], [ 2.640140057000053, 6.366527081000129 ], [ 2.640140057000053, 6.366249085000049 ], [ 2.639584064000189, 6.366249085000049 ], [ 2.639584064000189, 6.366527081000129 ], [ 2.639027118000115, 6.366527081000129 ], [ 2.639027118000115, 6.366249085000049 ], [ 2.637917996000169, 6.366249085000049 ], [ 2.637917996000169, 6.366527081000129 ], [ 2.637083054000186, 6.366527081000129 ], [ 2.637083054000186, 6.366249085000049 ], [ 2.635416984000187, 6.366249085000049 ], [ 2.635416984000187, 6.365971088000038 ], [ 2.634582997000166, 6.365971088000038 ], [ 2.634582997000166, 6.365139008000085 ], [ 2.634027004000075, 6.365139008000085 ], [ 2.634027004000075, 6.365417956999977 ], [ 2.632360935000179, 6.365417956999977 ], [ 2.632360935000179, 6.365139008000085 ], [ 2.631248951000032, 6.365139008000085 ], [ 2.631248951000032, 6.36486101100013 ], [ 2.630695105000029, 6.36486101100013 ], [ 2.630695105000029, 6.365139008000085 ], [ 2.627639054000042, 6.365139008000085 ], [ 2.627639054000042, 6.36486101100013 ], [ 2.624860049000063, 6.36486101100013 ], [ 2.624860049000063, 6.364583015 ], [ 2.624027967000131, 6.364583015 ], [ 2.624027967000131, 6.364305020000188 ], [ 2.623193979, 6.364305020000188 ], [ 2.623193979, 6.364027024000109 ], [ 2.621527910000111, 6.364027024000109 ], [ 2.621527910000111, 6.363749028000029 ], [ 2.618750095000053, 6.363749028000029 ], [ 2.618750095000053, 6.363472938000086 ], [ 2.618472100000076, 6.363471031000188 ], [ 2.618472100000076, 6.36319494300011 ], [ 2.618194104000167, 6.36319494300011 ], [ 2.618194104000167, 6.362916947000031 ], [ 2.617916106000052, 6.362916947000031 ], [ 2.617916106000052, 6.36319494300011 ], [ 2.617638111000076, 6.36319494300011 ], [ 2.617638111000076, 6.362916947000031 ], [ 2.617084027000033, 6.362916947000031 ], [ 2.617084027000033, 6.36319494300011 ], [ 2.616528034000112, 6.36319494300011 ], [ 2.616528034000112, 6.362916947000031 ], [ 2.615972042000124, 6.362916947000031 ], [ 2.615972042000124, 6.36319494300011 ], [ 2.615416049000032, 6.36319494300011 ], [ 2.615416049000032, 6.363471031000188 ], [ 2.614305972000125, 6.363471031000188 ], [ 2.614305972000125, 6.36319494300011 ], [ 2.614027977000148, 6.36319494300011 ], [ 2.614027977000148, 6.362916947000031 ], [ 2.611526967000145, 6.362916947000031 ], [ 2.611526967000145, 6.362638951000122 ], [ 2.610696078000046, 6.362638951000122 ], [ 2.610696078000046, 6.36236095400011 ], [ 2.609582901000067, 6.36236095400011 ], [ 2.609582901000067, 6.362638951000122 ], [ 2.609304905000158, 6.362638951000122 ], [ 2.609304905000158, 6.36236095400011 ], [ 2.607917070000155, 6.36236095400011 ], [ 2.607917070000155, 6.362916947000031 ], [ 2.607639074000076, 6.362916947000031 ], [ 2.607639074000076, 6.36319494300011 ], [ 2.607083081000155, 6.36319494300011 ], [ 2.607083081000155, 6.363749028000029 ], [ 2.606805086000179, 6.363749028000029 ], [ 2.606805086000179, 6.36319494300011 ], [ 2.605973006000056, 6.36319494300011 ], [ 2.605973006000056, 6.362916947000031 ], [ 2.604027033000079, 6.362916947000031 ], [ 2.604027033000079, 6.36236095400011 ], [ 2.603750945000172, 6.36236095400011 ], [ 2.603750945000172, 6.36208295800003 ], [ 2.602916956000172, 6.36208295800003 ], [ 2.602916956000172, 6.36236095400011 ], [ 2.602082967000172, 6.36236095400011 ], [ 2.602082967000172, 6.362638951000122 ], [ 2.600972890000094, 6.362638951000122 ], [ 2.600972890000094, 6.36236095400011 ], [ 2.599307059000182, 6.36236095400011 ], [ 2.599307059000182, 6.361804962000122 ], [ 2.59763789100009, 6.361804962000122 ], [ 2.59763789100009, 6.36208295800003 ], [ 2.597359895000181, 6.36208295800003 ], [ 2.597359895000181, 6.361804962000122 ], [ 2.597081899999978, 6.361804962000122 ], [ 2.597081899999978, 6.36208295800003 ], [ 2.595972061000111, 6.36208295800003 ], [ 2.595972061000111, 6.361804962000122 ], [ 2.592361926000081, 6.361804962000122 ], [ 2.592360019000182, 6.361526967000088 ], [ 2.591527939000116, 6.361526967000088 ], [ 2.591527939000116, 6.361248971 ], [ 2.590971946000025, 6.361248971 ], [ 2.590971946000025, 6.361526967000088 ], [ 2.588749885000084, 6.361526967000088 ], [ 2.588749885000084, 6.361248971 ], [ 2.586528063000117, 6.361248971 ], [ 2.586528063000117, 6.360972881000123 ], [ 2.586250067000037, 6.360972881000123 ], [ 2.586250067000037, 6.360694884999987 ], [ 2.585971117000042, 6.360694884999987 ], [ 2.585971117000042, 6.360972881000123 ], [ 2.585692883000092, 6.360972881000123 ], [ 2.585692883000092, 6.361248971 ], [ 2.584861995000097, 6.361248971 ], [ 2.584861995000097, 6.360972881000123 ], [ 2.584027053000113, 6.360972881000123 ], [ 2.584027053000113, 6.360694884999987 ], [ 2.583747421000112, 6.360694884999987 ], [ 2.579860925000048, 6.360694884999987 ], [ 2.579860925000048, 6.360972881000123 ], [ 2.579582930000015, 6.360972881000123 ], [ 2.579582930000015, 6.360694884999987 ], [ 2.575973033000025, 6.360694884999987 ], [ 2.575973033000025, 6.360416890000181 ], [ 2.575139046000061, 6.360416890000181 ], [ 2.575139046000061, 6.360694884999987 ], [ 2.574028969000153, 6.360694884999987 ], [ 2.574028969000153, 6.360416890000181 ], [ 2.573472976000062, 6.360416890000181 ], [ 2.573472976000062, 6.360138894000102 ], [ 2.572360039000046, 6.360138894000102 ], [ 2.572360039000046, 6.360416890000181 ], [ 2.57180404800016, 6.360416890000181 ], [ 2.57180404800016, 6.360138894000102 ], [ 2.569859982000082, 6.360138894000102 ], [ 2.569859982000082, 6.35986089700009 ], [ 2.567915916000175, 6.35986089700009 ], [ 2.567915916000175, 6.359582901000181 ], [ 2.567637920000095, 6.359582901000181 ], [ 2.567637920000095, 6.359304905000101 ], [ 2.567359925000062, 6.359304905000101 ], [ 2.567359925000062, 6.359582901000181 ], [ 2.560139894000145, 6.359582901000181 ], [ 2.560139894000145, 6.35986089700009 ], [ 2.559861898000065, 6.35986089700009 ], [ 2.559861898000065, 6.359582901000181 ], [ 2.557918072000177, 6.359582901000181 ], [ 2.557918072000177, 6.35986089700009 ], [ 2.556526899000119, 6.35986089700009 ], [ 2.556526899000119, 6.359582901000181 ], [ 2.553749084, 6.359582901000181 ], [ 2.553749084, 6.359304905000101 ], [ 2.552639007000096, 6.359304905000101 ], [ 2.552639007000096, 6.359582901000181 ], [ 2.551527023000119, 6.359582901000181 ], [ 2.551527023000119, 6.35986089700009 ], [ 2.550416946000041, 6.35986089700009 ], [ 2.550416946000041, 6.360138894000102 ], [ 2.54958295900002, 6.360138894000102 ], [ 2.54958295900002, 6.360416890000181 ], [ 2.54875111500013, 6.360416890000181 ], [ 2.54875111500013, 6.361248971 ], [ 2.548194884, 6.361248971 ], [ 2.548194884, 6.360972881000123 ], [ 2.547916889000021, 6.360972881000123 ], [ 2.547916889000021, 6.361248971 ], [ 2.547082902, 6.361248971 ], [ 2.547082902, 6.360972881000123 ], [ 2.546804904000112, 6.360972881000123 ], [ 2.546804904000112, 6.360694884999987 ], [ 2.546529054000189, 6.360694884999987 ], [ 2.546529054000189, 6.360416890000181 ], [ 2.546251058000109, 6.360416890000181 ], [ 2.546251058000109, 6.360138894000102 ], [ 2.544859885000051, 6.360138894000102 ], [ 2.544859885000051, 6.35986089700009 ], [ 2.54430699400001, 6.35986089700009 ], [ 2.54430699400001, 6.359582901000181 ], [ 2.544028997000055, 6.359582901000181 ], [ 2.544028997000055, 6.359304905000101 ], [ 2.543194055000072, 6.359304905000101 ], [ 2.543194055000072, 6.359582901000181 ], [ 2.542082070000163, 6.359582901000181 ], [ 2.542082070000163, 6.35986089700009 ], [ 2.540971995000064, 6.35986089700009 ], [ 2.540971995000064, 6.359582901000181 ], [ 2.539305925000065, 6.359582901000181 ], [ 2.539305925000065, 6.358748914000046 ], [ 2.539027929000156, 6.358748914000046 ], [ 2.539027929000156, 6.359026910000125 ], [ 2.537084103000041, 6.359026910000125 ], [ 2.537084103000041, 6.359582901000181 ], [ 2.536806106000085, 6.359582901000181 ], [ 2.536806106000085, 6.35986089700009 ], [ 2.53625011400004, 6.35986089700009 ], [ 2.53625011400004, 6.359582901000181 ], [ 2.534862042000157, 6.359582901000181 ], [ 2.534862042000157, 6.359304905000101 ], [ 2.533750057000077, 6.359304905000101 ], [ 2.533750057000077, 6.359026910000125 ], [ 2.530695914000034, 6.359026910000125 ], [ 2.530695914000034, 6.358748914000046 ], [ 2.529860973000154, 6.358748914000046 ], [ 2.529860973000154, 6.358472824000103 ], [ 2.528748990000054, 6.358472824000103 ], [ 2.528748990000054, 6.358748914000046 ], [ 2.528194904000088, 6.358748914000046 ], [ 2.528194904000088, 6.359026910000125 ], [ 2.527916909000055, 6.359026910000125 ], [ 2.527916909000055, 6.358748914000046 ], [ 2.527377850000164, 6.358748914000046 ], [ 2.527360915000088, 6.358748914000046 ], [ 2.527360915000088, 6.358567981000078 ], [ 2.527360915000088, 6.358472824000103 ], [ 2.52735200800015, 6.358472824000103 ], [ 2.527082920000055, 6.358472824000103 ] ] ] ] } },
{ "type": "Feature", "properties": { "fid": 65, "GID_2": "BEN.11.1_1", "GID_0": "BEN", "COUNTRY": "Benin", "GID_1": "BEN.11_1", "NAME_1": "Plateau", "NL_NAME_1": "NA", "NAME_2": "Adja-Ouèrè", "VARNAME_2": "Ikpinle", "NL_NAME_2": "NA", "TYPE_2": "Commune", "ENGTYPE_2": "Commune", "CC_2": "NA", "HASC_2": "BJ.PL.AO" }, "geometry": { "type": "MultiPolygon", "coordinates": [ [ [ [ 2.669350000000122, 6.88015200000018 ], [ 2.667371000000117, 6.867113 ], [ 2.665407000000187, 6.85299 ], [ 2.660016000000155, 6.850742 ], [ 2.649083, 6.856546 ], [ 2.63052800000014, 6.864779 ], [ 2.627791000000173, 6.865993000000117 ], [ 2.601649, 6.873198000000116 ], [ 2.566439000000173, 6.869968 ], [ 2.561760000000106, 6.869178 ], [ 2.552372000000105, 6.867592000000116 ], [ 2.542891000000111, 6.88903 ], [ 2.535862000000122, 6.894456000000105 ], [ 2.528803, 6.898748000000126 ], [ 2.521453000000179, 6.903217 ], [ 2.515628000000163, 6.915617000000168 ], [ 2.515032, 6.916886 ], [ 2.509485, 6.928695000000118 ], [ 2.510284000000127, 6.932379 ], [ 2.510578000000123, 6.933735000000183 ], [ 2.510821000000135, 6.934855000000141 ], [ 2.511932, 6.939980000000162 ], [ 2.516832000000136, 6.957118 ], [ 2.519282000000146, 6.965478000000132 ], [ 2.524830000000179, 6.97874800000011 ], [ 2.526124000000152, 6.980424 ], [ 2.546087, 6.994835000000137 ], [ 2.552408, 6.999398 ], [ 2.555686, 6.999929 ], [ 2.554927000000134, 7.031726 ], [ 2.554306000000111, 7.057752000000107 ], [ 2.536445000000185, 7.092739 ], [ 2.53702200000015, 7.099827000000118 ], [ 2.535185, 7.107252000000187 ], [ 2.52819600000015, 7.135495 ], [ 2.518781000000104, 7.173541000000114 ], [ 2.518276, 7.176286 ], [ 2.535734000000161, 7.188080000000127 ], [ 2.564476000000127, 7.18544 ], [ 2.576941, 7.186708000000124 ], [ 2.601441, 7.181649 ], [ 2.611776, 7.180175000000133 ], [ 2.621041000000162, 7.177601000000152 ], [ 2.627585000000181, 7.175529 ], [ 2.63037, 7.170691 ], [ 2.627736, 7.16523 ], [ 2.619301, 7.148302000000115 ], [ 2.610843000000159, 7.132999 ], [ 2.599673000000166, 7.117656000000181 ], [ 2.596376, 7.110408000000177 ], [ 2.590737000000104, 7.098009000000161 ], [ 2.595438, 7.073683000000187 ], [ 2.600284000000102, 7.065069000000165 ], [ 2.601971, 7.062072000000171 ], [ 2.602753000000121, 7.060681000000159 ], [ 2.606025000000102, 7.054866 ], [ 2.617538, 7.046904000000154 ], [ 2.625276, 7.037260000000117 ], [ 2.631953, 7.025973 ], [ 2.633333, 7.005936 ], [ 2.633654000000149, 7.004759 ], [ 2.638493000000153, 6.987038000000155 ], [ 2.641584, 6.973462 ], [ 2.642552, 6.969208 ], [ 2.662867000000176, 6.952700000000164 ], [ 2.67792900000012, 6.950914000000182 ], [ 2.71412400000014, 6.946621 ], [ 2.71372, 6.94465200000019 ], [ 2.718253334, 6.941080726000109 ], [ 2.71821403600012, 6.940331937000053 ], [ 2.719523907000053, 6.936367989000189 ], [ 2.720041989000151, 6.934806823000145 ], [ 2.726933957000142, 6.930419922000169 ], [ 2.732505070000059, 6.92985348000019 ], [ 2.736013, 6.92709 ], [ 2.741393, 6.922153 ], [ 2.709663000000148, 6.905674000000147 ], [ 2.6918280000001, 6.901079 ], [ 2.68055, 6.893325000000118 ], [ 2.677632, 6.891602 ], [ 2.673020000000179, 6.888879000000145 ], [ 2.669350000000122, 6.88015200000018 ] ] ] ] } },
{ "type": "Feature", "properties": { "fid": 66, "GID_2": "BEN.11.2_1", "GID_0": "BEN", "COUNTRY": "Benin", "GID_1": "BEN.11_1", "NAME_1": "Plateau", "NL_NAME_1": "NA", "NAME_2": "Ifangni", "VARNAME_2": "NA", "NL_NAME_2": "NA", "TYPE_2": "Commune", "ENGTYPE_2": "Commune", "CC_2": "NA", "HASC_2": "BJ.PL.IF" }, "geometry": { "type": "MultiPolygon", "coordinates": [ [ [ [ 2.744647027000099, 6.583831787000065 ], [ 2.751950089, 6.572316485000101 ], [ 2.753123044000176, 6.570466995 ], [ 2.750556946000131, 6.557365894000043 ], [ 2.750381899000104, 6.557091791 ], [ 2.742933034000089, 6.545427799000038 ], [ 2.741769009000166, 6.544486394000046 ], [ 2.731402000000116, 6.539834 ], [ 2.720311, 6.526463 ], [ 2.706397, 6.532114 ], [ 2.705056000000184, 6.532223 ], [ 2.705365000000143, 6.533189 ], [ 2.70604, 6.535296 ], [ 2.706039000000146, 6.537244000000157 ], [ 2.705713000000173, 6.539841 ], [ 2.705711000000179, 6.542438 ], [ 2.705060000000117, 6.545360000000187 ], [ 2.702461, 6.548281000000145 ], [ 2.700511000000176, 6.551851000000113 ], [ 2.696753000000115, 6.55810600000018 ], [ 2.694987, 6.559964 ], [ 2.694270000000188, 6.5618750000001 ], [ 2.693037000000118, 6.564508 ], [ 2.690762000000177, 6.567754 ], [ 2.689137000000187, 6.570999 ], [ 2.686143, 6.574864000000105 ], [ 2.68393900000018, 6.576516 ], [ 2.678725, 6.582807 ], [ 2.678181000000166, 6.584974000000159 ], [ 2.676009, 6.589850000000183 ], [ 2.675357, 6.591151 ], [ 2.671577000000127, 6.598694 ], [ 2.67058, 6.600684 ], [ 2.668952, 6.60285 ], [ 2.666782, 6.605558 ], [ 2.665154, 6.608266000000185 ], [ 2.660272, 6.613139000000103 ], [ 2.657017000000167, 6.61693 ], [ 2.64922300000012, 6.626902 ], [ 2.657142, 6.638214 ], [ 2.650999000000184, 6.651116000000172 ], [ 2.649062000000129, 6.658409000000177 ], [ 2.64870400000018, 6.659756 ], [ 2.653362, 6.675003 ], [ 2.65910300000013, 6.690266 ], [ 2.660319000000186, 6.69251700000018 ], [ 2.669135, 6.708843 ], [ 2.674629, 6.714498 ], [ 2.685668, 6.725860000000125 ], [ 2.706187000000114, 6.734843000000126 ], [ 2.711563000000126, 6.737107 ], [ 2.713209, 6.737633 ], [ 2.741791, 6.746759 ], [ 2.779986246000078, 6.758424136000087 ], [ 2.78629398400011, 6.75458002 ], [ 2.787945986000182, 6.751255037000135 ], [ 2.789498091000098, 6.748132228000145 ], [ 2.78970289300014, 6.738934040000061 ], [ 2.785979032000171, 6.723308087000078 ], [ 2.786450763000175, 6.701293400000168 ], [ 2.786590100000069, 6.694790841000099 ], [ 2.785764309000058, 6.694049690000156 ], [ 2.784898996000152, 6.693273067000121 ], [ 2.769984007000176, 6.679887772000086 ], [ 2.760765075000165, 6.674167157000056 ], [ 2.752460003000124, 6.665681839000172 ], [ 2.733359907000022, 6.633991464000076 ], [ 2.731427908000114, 6.630785942000102 ], [ 2.735970973000065, 6.608695031000025 ], [ 2.742660189000162, 6.589521928000011 ], [ 2.742686988000173, 6.589445114000057 ], [ 2.744647027000099, 6.583831787000065 ] ] ] ] } },
{ "type": "Feature", "properties": { "fid": 67, "GID_2": "BEN.11.3_1", "GID_0": "BEN", "COUNTRY": "Benin", "GID_1": "BEN.11_1", "NAME_1": "Plateau", "NL_NAME_1": "NA", "NAME_2": "Kétou", "VARNAME_2": "NA", "NL_NAME_2": "NA", "TYPE_2": "Commune", "ENGTYPE_2": "Commune", "CC_2": "NA", "HASC_2": "BJ.PL.KE" }, "geometry": { "type": "MultiPolygon", "coordinates": [ [ [ [ 2.799680948000173, 7.437972068000022 ], [ 2.799190998000142, 7.426600933000032 ], [ 2.799186945000088, 7.426483155000028 ], [ 2.795725108000056, 7.423275947000093 ], [ 2.785810948000119, 7.418708801000037 ], [ 2.76278209700007, 7.41923284500001 ], [ 2.757020950000083, 7.417181969000183 ], [ 2.749599934000173, 7.41738414800011 ], [ 2.747577905000128, 7.417438984 ], [ 2.747441053000159, 7.365962982000042 ], [ 2.750052928000173, 7.311028957000019 ], [ 2.748857022000152, 7.293791772000134 ], [ 2.748867987999972, 7.293223858000033 ], [ 2.749218941000152, 7.274205207000023 ], [ 2.749284982000063, 7.270662786000116 ], [ 2.749335052000106, 7.26785516700005 ], [ 2.749458075000064, 7.261154175000058 ], [ 2.750602961000084, 7.257472993000079 ], [ 2.754184826000085, 7.253601271000036 ], [ 2.756572008000092, 7.251020907000054 ], [ 2.757455174000143, 7.250576500000136 ], [ 2.762089014000026, 7.248244763 ], [ 2.774255037000103, 7.23441982300011 ], [ 2.780992985000182, 7.19675016500014 ], [ 2.783551930000044, 7.182446957000082 ], [ 2.783793925999987, 7.178180216999976 ], [ 2.784868955000036, 7.159226894000028 ], [ 2.775346993000028, 7.128221036000014 ], [ 2.76725602200014, 7.116982937000046 ], [ 2.750653029000148, 7.105764866000072 ], [ 2.745110034000106, 7.099114895000071 ], [ 2.74510186800012, 7.095823366000161 ], [ 2.744692457000099, 7.096571636000078 ], [ 2.745304000000147, 7.102205 ], [ 2.746127004000073, 7.109797421000053 ], [ 2.746183, 7.110314 ], [ 2.751344926000115, 7.116467150000062 ], [ 2.767601999000078, 7.135846000000129 ], [ 2.759456000000114, 7.206938 ], [ 2.720743000000141, 7.204068999000128 ], [ 2.71945099900006, 7.204125999000041 ], [ 2.716457, 7.204259999000101 ], [ 2.699874999000031, 7.205857 ], [ 2.693672999000057, 7.205980999000019 ], [ 2.684129, 7.206170000000157 ], [ 2.663482999000053, 7.207496 ], [ 2.642309, 7.207728 ], [ 2.622357000000136, 7.198760999000058 ], [ 2.6116, 7.192098 ], [ 2.601441, 7.181649 ], [ 2.576941, 7.186708000000124 ], [ 2.564476000000127, 7.18544 ], [ 2.535734000000161, 7.188080000000127 ], [ 2.526138, 7.200026 ], [ 2.437574, 7.310244000000182 ], [ 2.435814000000107, 7.312434 ], [ 2.435283, 7.316254 ], [ 2.43478000000016, 7.326619 ], [ 2.434474, 7.328990000000147 ], [ 2.432663000000161, 7.342990000000157 ], [ 2.432683, 7.347899 ], [ 2.428385, 7.356089 ], [ 2.427806, 7.357192000000168 ], [ 2.42346, 7.363209 ], [ 2.428961, 7.372459 ], [ 2.432832, 7.383896 ], [ 2.432882000000177, 7.395896000000107 ], [ 2.432374, 7.40517 ], [ 2.429668000000163, 7.411181 ], [ 2.406848, 7.442363 ], [ 2.406871, 7.447903000000167 ], [ 2.406886, 7.451635 ], [ 2.410191000000111, 7.458167000000117 ], [ 2.413505, 7.46688 ], [ 2.412983, 7.472881 ], [ 2.419045000000153, 7.485402 ], [ 2.419872000000169, 7.488718000000176 ], [ 2.421054, 7.492177 ], [ 2.421391, 7.495044 ], [ 2.436654000000146, 7.515327000000184 ], [ 2.442155000000184, 7.524032000000147 ], [ 2.448230000000137, 7.539279 ], [ 2.453722000000141, 7.545801 ], [ 2.460307000000171, 7.552319 ], [ 2.464146, 7.555575 ], [ 2.46918600000015, 7.584462 ], [ 2.466003, 7.607382 ], [ 2.46171, 7.62649 ], [ 2.462833000000103, 7.633576000000176 ], [ 2.467786000000103, 7.641736000000151 ], [ 2.470069, 7.643713000000105 ], [ 2.472175000000163, 7.645536000000106 ], [ 2.474389, 7.652072 ], [ 2.478792, 7.659144 ], [ 2.486549, 7.683656 ], [ 2.49379000000016, 7.683861 ], [ 2.616396, 7.687347000000102 ], [ 2.719472001000042, 7.690251 ], [ 2.72644, 7.690220000000181 ], [ 2.728114000000176, 7.697829000000183 ], [ 2.730068934000087, 7.704849505000141 ], [ 2.730367898000168, 7.699183941000115 ], [ 2.72628903400016, 7.657187938 ], [ 2.725394965000021, 7.6479668610001 ], [ 2.729012012000055, 7.6229119300001 ], [ 2.728055, 7.610048772000027 ], [ 2.728378535000161, 7.605704679000041 ], [ 2.729012013000158, 7.597198963999972 ], [ 2.729712249000158, 7.587812361000033 ], [ 2.729779081, 7.586916482999982 ], [ 2.730282069000054, 7.5801739690001 ], [ 2.732660201000044, 7.574193029000128 ], [ 2.733346940000104, 7.572465896000097 ], [ 2.733908800000052, 7.571054741000125 ], [ 2.734005928000101, 7.570810795000057 ], [ 2.734291062000068, 7.570093543000041 ], [ 2.734744073000115, 7.568953991000058 ], [ 2.735970879000035, 7.56586962800003 ], [ 2.736227990000089, 7.565223215000117 ], [ 2.736376965000034, 7.565080740000099 ], [ 2.74610805500015, 7.555774211000085 ], [ 2.747694015000093, 7.547038079 ], [ 2.746457099999986, 7.541802884000049 ], [ 2.746235629000068, 7.540867129000162 ], [ 2.746097088000056, 7.540281773 ], [ 2.746129037000117, 7.540167809000025 ], [ 2.749644995000097, 7.527316092000092 ], [ 2.754766941000184, 7.521283149000169 ], [ 2.760488987000087, 7.519481182 ], [ 2.76174092399998, 7.519085884000162 ], [ 2.762103081000021, 7.51890897800007 ], [ 2.76257705800009, 7.518611907000093 ], [ 2.775238038000168, 7.510655879000126 ], [ 2.786029101000111, 7.498676778000117 ], [ 2.78833350300016, 7.497287200000073 ], [ 2.788595914000155, 7.497128963000023 ], [ 2.792216454802376, 7.494948668721221 ], [ 2.79221645500013, 7.494948669000109 ], [ 2.792927980000115, 7.494520188000081 ], [ 2.798191071000076, 7.482555867000031 ], [ 2.799680948000173, 7.437972068000022 ] ] ] ] } },
{ "type": "Feature", "properties": { "fid": 68, "GID_2": "BEN.11.4_1", "GID_0": "BEN", "COUNTRY": "Benin", "GID_1": "BEN.11_1", "NAME_1": "Plateau", "NL_NAME_1": "NA", "NAME_2": "Pobè", "VARNAME_2": "NA", "NL_NAME_2": "NA", "TYPE_2": "Commune", "ENGTYPE_2": "Commune", "CC_2": "NA", "HASC_2": "BJ.PL.PB" }, "geometry": { "type": "MultiPolygon", "coordinates": [ [ [ [ 2.717306600000029, 6.945593500000143 ], [ 2.715627600000175, 6.947705500000097 ], [ 2.714601765203582, 6.948949680753323 ], [ 2.71412400000014, 6.946621 ], [ 2.67792900000012, 6.950914000000182 ], [ 2.662867000000176, 6.952700000000164 ], [ 2.642552, 6.969208 ], [ 2.641584, 6.973462 ], [ 2.638493000000153, 6.987038000000155 ], [ 2.633654000000149, 7.004759 ], [ 2.633333, 7.005936 ], [ 2.631953, 7.025973 ], [ 2.625276, 7.037260000000117 ], [ 2.617538, 7.046904000000154 ], [ 2.606025000000102, 7.054866 ], [ 2.602753000000121, 7.060681000000159 ], [ 2.601971, 7.062072000000171 ], [ 2.600284000000102, 7.065069000000165 ], [ 2.595438, 7.073683000000187 ], [ 2.590737000000104, 7.098009000000161 ], [ 2.596376, 7.110408000000177 ], [ 2.599673000000166, 7.117656000000181 ], [ 2.610843000000159, 7.132999 ], [ 2.619301, 7.148302000000115 ], [ 2.627736, 7.16523 ], [ 2.63037, 7.170691 ], [ 2.627585000000181, 7.175529 ], [ 2.621041000000162, 7.177601000000152 ], [ 2.611776, 7.180175000000133 ], [ 2.601441, 7.181649 ], [ 2.6116, 7.192098 ], [ 2.622357000000136, 7.198761000000161 ], [ 2.642309, 7.207728 ], [ 2.663483000000156, 7.207496 ], [ 2.684129, 7.206170000000157 ], [ 2.69367300000016, 7.205981000000122 ], [ 2.699875000000134, 7.205857 ], [ 2.716457, 7.20426 ], [ 2.719451000000163, 7.204126000000144 ], [ 2.720743000000141, 7.204069 ], [ 2.759456000000114, 7.206938 ], [ 2.767602000000181, 7.135846000000129 ], [ 2.746183, 7.110314 ], [ 2.745304000000147, 7.102205 ], [ 2.745303999887646, 7.102204999963808 ], [ 2.744692458000031, 7.096571636000078 ], [ 2.745101869000052, 7.095823365000058 ], [ 2.745095132000131, 7.093107872000189 ], [ 2.745094061000088, 7.092676163000078 ], [ 2.746869259000107, 7.089158286000043 ], [ 2.752876998000033, 7.077252865000048 ], [ 2.757832180000094, 7.072052821000057 ], [ 2.758908033000182, 7.070923806000167 ], [ 2.762978076000024, 7.066648006000037 ], [ 2.767117023000139, 7.065258026000151 ], [ 2.78182005900004, 7.053722858000185 ], [ 2.792602062000128, 7.04127693200013 ], [ 2.785454989000016, 7.036469937000049 ], [ 2.775089979000086, 7.033510208 ], [ 2.766551971000069, 7.026408195000101 ], [ 2.75295209900014, 7.019320011000161 ], [ 2.743266105000032, 7.012450219000186 ], [ 2.729186058000096, 6.998007774000087 ], [ 2.727287054000158, 6.995457172000101 ], [ 2.723610637000149, 6.99052425400015 ], [ 2.724297110025255, 6.995326682761342 ], [ 2.723610636000103, 6.990524255000082 ], [ 2.720638990000054, 6.986536980000096 ], [ 2.719663319000063, 6.967946563000169 ], [ 2.71842291400003, 6.94431189300002 ], [ 2.717306600000029, 6.945593500000143 ] ] ] ] } },
{ "type": "Feature", "properties": { "fid": 69, "GID_2": "BEN.11.5_1", "GID_0": "BEN", "COUNTRY": "Benin", "GID_1": "BEN.11_1", "NAME_1": "Plateau", "NL_NAME_1": "NA", "NAME_2": "Sakété", "VARNAME_2": "NA", "NL_NAME_2": "NA", "TYPE_2": "Commune", "ENGTYPE_2": "Commune", "CC_2": "NA", "HASC_2": "BJ.PL.SA" }, "geometry": { "type": "MultiPolygon", "coordinates": [ [ [ [ 2.653362, 6.675003 ], [ 2.64870400000018, 6.659756 ], [ 2.649062000000129, 6.658409000000177 ], [ 2.650999000000184, 6.651116000000172 ], [ 2.657142, 6.638214 ], [ 2.64922300000012, 6.626902 ], [ 2.639218, 6.620043 ], [ 2.638224, 6.61936100000014 ], [ 2.633481, 6.616109 ], [ 2.619807, 6.606718000000171 ], [ 2.606018, 6.59724800000015 ], [ 2.613667, 6.60882800000013 ], [ 2.618881000000158, 6.622999 ], [ 2.62309, 6.631734000000165 ], [ 2.601807000000179, 6.641180000000134 ], [ 2.597745000000145, 6.642253 ], [ 2.5882, 6.644775 ], [ 2.576777, 6.647317 ], [ 2.565984000000185, 6.643905000000188 ], [ 2.56483, 6.670274 ], [ 2.564348000000166, 6.681286000000114 ], [ 2.566196000000161, 6.70299800000015 ], [ 2.566914, 6.709749 ], [ 2.568153, 6.721194 ], [ 2.571432000000129, 6.738564000000167 ], [ 2.573130000000106, 6.747553 ], [ 2.573391000000186, 6.749663000000169 ], [ 2.574357, 6.757457 ], [ 2.57555200000013, 6.767104000000131 ], [ 2.575216, 6.789867 ], [ 2.575711000000126, 6.793128 ], [ 2.571403, 6.792612000000133 ], [ 2.569266000000141, 6.825558000000115 ], [ 2.56089100000014, 6.841698 ], [ 2.557874, 6.848180000000127 ], [ 2.551368, 6.862156 ], [ 2.552372000000105, 6.867592000000116 ], [ 2.561760000000106, 6.869178 ], [ 2.566439000000173, 6.869968 ], [ 2.601649, 6.873198000000116 ], [ 2.627791000000173, 6.865993000000117 ], [ 2.63052800000014, 6.864779 ], [ 2.626135, 6.845060000000103 ], [ 2.630528001000073, 6.864778999000123 ], [ 2.649083, 6.856546 ], [ 2.660016001000088, 6.850742 ], [ 2.665407000000187, 6.85299 ], [ 2.667371000000117, 6.867113 ], [ 2.669350000000122, 6.88015200000018 ], [ 2.673020000000179, 6.888879000000145 ], [ 2.677632, 6.891602 ], [ 2.680550001000142, 6.893325000000118 ], [ 2.6918280000001, 6.901079 ], [ 2.709663000000148, 6.905673999000044 ], [ 2.741393, 6.922152999000161 ], [ 2.736013001000117, 6.92709 ], [ 2.732505071000162, 6.92985348000019 ], [ 2.737892908000163, 6.929305673000101 ], [ 2.747874021000086, 6.928290845000163 ], [ 2.751513958999965, 6.912416936000056 ], [ 2.751308917000074, 6.906813146000047 ], [ 2.750869035999983, 6.894717217000107 ], [ 2.750520945000062, 6.885057927000105 ], [ 2.745803119000186, 6.865159034000044 ], [ 2.743767023000089, 6.856566907000115 ], [ 2.744112015000042, 6.852944852 ], [ 2.744663, 6.847136020000107 ], [ 2.749243975000127, 6.839306831000044 ], [ 2.738384201000031, 6.822101164000117 ], [ 2.729830980000145, 6.808549881000033 ], [ 2.727972984000075, 6.801654816000166 ], [ 2.729321957000025, 6.790154935000146 ], [ 2.730627231000028, 6.785764898000082 ], [ 2.731177761000083, 6.78391329700014 ], [ 2.731353044000116, 6.783323765000034 ], [ 2.732580899000027, 6.779188156000032 ], [ 2.739195110000082, 6.765315056000077 ], [ 2.744323969000163, 6.763769151000133 ], [ 2.75117898100018, 6.759446143000048 ], [ 2.75179505400007, 6.75905609199998 ], [ 2.755224943000087, 6.758595943000046 ], [ 2.762937069000145, 6.757692814000166 ], [ 2.767158032000054, 6.758093834000135 ], [ 2.778268558000093, 6.759157547000143 ], [ 2.778712988000052, 6.759200097000075 ], [ 2.778922210000133, 6.759072591 ], [ 2.779986246000078, 6.758424136000087 ], [ 2.741791, 6.746759 ], [ 2.713209, 6.737633 ], [ 2.711563000000126, 6.737107 ], [ 2.706187000000114, 6.734843000000126 ], [ 2.685668, 6.725860000000125 ], [ 2.674629, 6.714498 ], [ 2.669135, 6.708843 ], [ 2.660319000000186, 6.69251700000018 ], [ 2.65910300000013, 6.690266 ], [ 2.653362, 6.675003 ] ] ], [ [ [ 2.71412400000014, 6.946621 ], [ 2.714601765000111, 6.948949680000169 ], [ 2.715627600000175, 6.947705500000097 ], [ 2.717306600000029, 6.94559349900004 ], [ 2.71842291400003, 6.94431189300002 ], [ 2.718253335000099, 6.941080726000109 ], [ 2.71372, 6.94465200000019 ], [ 2.71412400000014, 6.946621 ] ] ] ] } },
{ "type": "Feature", "properties": { "fid": 70, "GID_2": "BEN.12.1_1", "GID_0": "BEN", "COUNTRY": "Benin", "GID_1": "BEN.12_1", "NAME_1": "Zou", "NL_NAME_1": "NA", "NAME_2": "Abomey", "VARNAME_2": "Abomé", "NL_NAME_2": "NA", "TYPE_2": "Commune", "ENGTYPE_2": "Commune", "CC_2": "NA", "HASC_2": "BJ.ZO.AB" }, "geometry": { "type": "MultiPolygon", "coordinates": [ [ [ [ 2.029493000000116, 7.140344000000141 ], [ 2.0096190000001, 7.127559000000133 ], [ 2.004661, 7.125323 ], [ 1.989968, 7.118694000000119 ], [ 1.977689000000169, 7.122168000000158 ], [ 1.978057, 7.133015 ], [ 1.974619000000189, 7.144342 ], [ 1.973333, 7.145218 ], [ 1.965291, 7.150696000000153 ], [ 1.95276, 7.153747000000124 ], [ 1.941899, 7.157407 ], [ 1.940346, 7.15793 ], [ 1.928237000000138, 7.162262000000169 ], [ 1.929656000000136, 7.172886000000119 ], [ 1.930067, 7.181023 ], [ 1.926688, 7.188557000000174 ], [ 1.919992, 7.199831000000188 ], [ 1.910539, 7.213770000000125 ], [ 1.901182000000176, 7.221748000000161 ], [ 1.893435, 7.230836000000181 ], [ 1.896549000000164, 7.239559000000156 ], [ 1.908425000000136, 7.243546 ], [ 1.921448000000112, 7.243759 ], [ 1.933938, 7.243419000000131 ], [ 1.948607000000152, 7.242572 ], [ 1.958952, 7.240572000000157 ], [ 1.971429, 7.238997 ], [ 1.977989, 7.238168 ], [ 1.988589000000161, 7.240245 ], [ 1.999091000000135, 7.242302000000109 ], [ 2.006723, 7.240256000000102 ], [ 2.015565, 7.23807 ], [ 2.02487, 7.235769000000118 ], [ 2.03336400000012, 7.226213 ], [ 2.039439, 7.208665000000167 ], [ 2.03898, 7.209086000000184 ], [ 2.034485000000132, 7.213876 ], [ 2.032475, 7.214349 ], [ 2.031314000000123, 7.198861 ], [ 2.030723, 7.190962000000184 ], [ 2.032291000000157, 7.190835000000163 ], [ 2.040624, 7.188933000000191 ], [ 2.044793, 7.187022000000184 ], [ 2.04740100000015, 7.185664 ], [ 2.047572000000116, 7.185171000000139 ], [ 2.047362000000135, 7.183828 ], [ 2.045773000000111, 7.178065000000174 ], [ 2.043863000000158, 7.171982 ], [ 2.041626000000178, 7.169418 ], [ 2.039523, 7.166781000000185 ], [ 2.039937, 7.165987 ], [ 2.042806, 7.156275 ], [ 2.037174, 7.149536 ], [ 2.031524000000104, 7.142774000000145 ], [ 2.029493000000116, 7.140344000000141 ] ] ] ] } },
{ "type": "Feature", "properties": { "fid": 71, "GID_2": "BEN.12.2_1", "GID_0": "BEN", "COUNTRY": "Benin", "GID_1": "BEN.12_1", "NAME_1": "Zou", "NL_NAME_1": "NA", "NAME_2": "Agbangnizoun", "VARNAME_2": "NA", "NL_NAME_2": "NA", "TYPE_2": "Commune", "ENGTYPE_2": "Commune", "CC_2": "NA", "HASC_2": "BJ.ZO.AG" }, "geometry": { "type": "MultiPolygon", "coordinates": [ [ [ [ 1.996248, 7.014059 ], [ 1.988207, 7.007967 ], [ 1.979083, 7.001859 ], [ 1.97316, 6.999054000000172 ], [ 1.966189, 7.002586000000179 ], [ 1.957472, 7.00276 ], [ 1.953655, 7.003863000000138 ], [ 1.947151000000133, 7.012231 ], [ 1.930649, 7.033465 ], [ 1.926580000000172, 7.0387 ], [ 1.91668900000019, 7.051425000000108 ], [ 1.901507, 7.067627 ], [ 1.881323000000179, 7.089162000000158 ], [ 1.87806600000016, 7.095171000000164 ], [ 1.877833, 7.100348 ], [ 1.871007000000134, 7.107735 ], [ 1.86564900000019, 7.117438000000107 ], [ 1.862862000000177, 7.122484000000156 ], [ 1.864513, 7.126842000000124 ], [ 1.861941000000172, 7.140128 ], [ 1.864487000000167, 7.142557000000124 ], [ 1.873034000000189, 7.150827000000106 ], [ 1.888661000000127, 7.157586 ], [ 1.902661000000137, 7.164318 ], [ 1.914037000000121, 7.165586 ], [ 1.928237000000138, 7.162262000000169 ], [ 1.940346, 7.15793 ], [ 1.941899, 7.157407 ], [ 1.95276, 7.153747000000124 ], [ 1.965291, 7.150696000000153 ], [ 1.973333, 7.145218 ], [ 1.974619000000189, 7.144342 ], [ 1.978057, 7.133015 ], [ 1.977689000000169, 7.122168000000158 ], [ 1.989968, 7.118694000000119 ], [ 2.004661, 7.125323 ], [ 2.0096190000001, 7.127559000000133 ], [ 2.029493000000116, 7.140344000000141 ], [ 2.031524000000104, 7.142774000000145 ], [ 2.037174, 7.149536 ], [ 2.039429, 7.147977 ], [ 2.049689000000114, 7.143199000000152 ], [ 2.05675, 7.136494 ], [ 2.061408, 7.133793 ], [ 2.06109, 7.132717 ], [ 2.05051600000013, 7.115203000000122 ], [ 2.046606000000111, 7.107992000000138 ], [ 2.041028, 7.09770600000013 ], [ 2.03287900000015, 7.080755000000181 ], [ 2.031575, 7.078042 ], [ 2.025816000000134, 7.064941 ], [ 2.0241410000001, 7.058304000000135 ], [ 2.022244000000171, 7.050791 ], [ 2.023984, 7.04377200000016 ], [ 2.022706, 7.039494 ], [ 2.020894, 7.033424 ], [ 2.01748, 7.030196 ], [ 2.014480000000106, 7.02735900000016 ], [ 2.006913, 7.025612 ], [ 2.003295000000151, 7.023118000000125 ], [ 2.002084000000139, 7.02228300000013 ], [ 2.000101, 7.019489 ], [ 1.997714, 7.016125 ], [ 1.996248, 7.014059 ] ] ] ] } },
{ "type": "Feature", "properties": { "fid": 72, "GID_2": "BEN.12.3_1", "GID_0": "BEN", "COUNTRY": "Benin", "GID_1": "BEN.12_1", "NAME_1": "Zou", "NL_NAME_1": "NA", "NAME_2": "Bohicon", "VARNAME_2": "NA", "NL_NAME_2": "NA", "TYPE_2": "Commune", "ENGTYPE_2": "Commune", "CC_2": "NA", "HASC_2": "BJ.ZO.BO" }, "geometry": { "type": "MultiPolygon", "coordinates": [ [ [ [ 2.066239, 7.150144000000125 ], [ 2.061408, 7.133793 ], [ 2.05675, 7.136494 ], [ 2.049689000000114, 7.143199000000152 ], [ 2.039429, 7.147977 ], [ 2.037174, 7.149536 ], [ 2.042806, 7.156275 ], [ 2.039937, 7.165987 ], [ 2.039523, 7.166781000000185 ], [ 2.041626000000178, 7.169418 ], [ 2.043863000000158, 7.171982 ], [ 2.045773000000111, 7.178065000000174 ], [ 2.047362000000135, 7.183828 ], [ 2.047572000000116, 7.185171000000139 ], [ 2.04740100000015, 7.185664 ], [ 2.044793, 7.187022000000184 ], [ 2.040624, 7.188933000000191 ], [ 2.032291000000157, 7.190835000000163 ], [ 2.030723, 7.190962000000184 ], [ 2.031314000000123, 7.198861 ], [ 2.032475, 7.214349 ], [ 2.034485000000132, 7.213876 ], [ 2.03898, 7.209086000000184 ], [ 2.039439, 7.208665000000167 ], [ 2.03336400000012, 7.226213 ], [ 2.043306, 7.226749 ], [ 2.049258000000123, 7.227928 ], [ 2.053305000000137, 7.235422 ], [ 2.054772, 7.234686 ], [ 2.059919, 7.232129 ], [ 2.06442, 7.231175000000121 ], [ 2.07149, 7.230869 ], [ 2.073476, 7.230625 ], [ 2.09913900000015, 7.236396000000127 ], [ 2.098368000000107, 7.23175700000013 ], [ 2.099386000000152, 7.227362000000142 ], [ 2.099996000000147, 7.220605 ], [ 2.099411, 7.214571000000149 ], [ 2.101108000000181, 7.206580000000145 ], [ 2.103962, 7.199270000000126 ], [ 2.111979, 7.200708000000134 ], [ 2.118262000000186, 7.202358 ], [ 2.121673000000158, 7.205504 ], [ 2.123988, 7.210013000000117 ], [ 2.127808, 7.213296000000184 ], [ 2.134907000000169, 7.217814 ], [ 2.136133, 7.219864 ], [ 2.138455000000135, 7.220551 ], [ 2.139819000000159, 7.222191 ], [ 2.141885, 7.222505 ], [ 2.149061000000131, 7.223519000000124 ], [ 2.155249, 7.220568 ], [ 2.164592000000141, 7.220585 ], [ 2.174644000000171, 7.221132000000182 ], [ 2.17847600000016, 7.219011 ], [ 2.180084000000136, 7.215548000000183 ], [ 2.180631000000119, 7.208351000000107 ], [ 2.182502, 7.207021 ], [ 2.184909, 7.204626000000133 ], [ 2.187315000000183, 7.202498 ], [ 2.192127, 7.198508000000174 ], [ 2.197738000000129, 7.195318 ], [ 2.202822, 7.188396000000182 ], [ 2.207638, 7.182272 ], [ 2.212714, 7.179615000000126 ], [ 2.214586, 7.177486 ], [ 2.217796000000135, 7.173492000000124 ], [ 2.219936, 7.170830000000137 ], [ 2.221543000000167, 7.1679 ], [ 2.222334, 7.165543 ], [ 2.221579000000133, 7.164886 ], [ 2.219682, 7.163365000000113 ], [ 2.215949, 7.160959 ], [ 2.212483, 7.158821 ], [ 2.209816000000103, 7.157216000000119 ], [ 2.202073, 7.158803000000148 ], [ 2.194066, 7.158789 ], [ 2.176473000000158, 7.159126 ], [ 2.177516000000139, 7.157555000000116 ], [ 2.181222000000162, 7.152764000000161 ], [ 2.188968000000159, 7.144783 ], [ 2.198733, 7.135605000000112 ], [ 2.20313300000015, 7.125625000000184 ], [ 2.17461800000018, 7.125834 ], [ 2.16637, 7.126990000000148 ], [ 2.139810000000125, 7.130709 ], [ 2.115347, 7.128318 ], [ 2.108959000000141, 7.127693 ], [ 2.106758000000127, 7.127478 ], [ 2.098667000000148, 7.125321 ], [ 2.093409000000122, 7.125525 ], [ 2.086159000000123, 7.126068 ], [ 2.073448, 7.140501 ], [ 2.066239, 7.150144000000125 ] ] ] ] } },
{ "type": "Feature", "properties": { "fid": 73, "GID_2": "BEN.12.4_1", "GID_0": "BEN", "COUNTRY": "Benin", "GID_1": "BEN.12_1", "NAME_1": "Zou", "NL_NAME_1": "NA", "NAME_2": "Covè", "VARNAME_2": "NA", "NL_NAME_2": "NA", "TYPE_2": "Commune", "ENGTYPE_2": "Commune", "CC_2": "NA", "HASC_2": "BJ.ZO.CO" }, "geometry": { "type": "MultiPolygon", "coordinates": [ [ [ [ 2.369444, 7.161368 ], [ 2.361636, 7.139566000000116 ], [ 2.355925, 7.122674 ], [ 2.336343, 7.090696 ], [ 2.292655, 7.122738 ], [ 2.309732, 7.126846000000114 ], [ 2.316785, 7.126954000000183 ], [ 2.299464000000114, 7.159212 ], [ 2.297418000000107, 7.186284 ], [ 2.2967, 7.191664000000173 ], [ 2.295873000000142, 7.197855000000118 ], [ 2.294963000000166, 7.204677 ], [ 2.287674000000152, 7.219743000000165 ], [ 2.290745, 7.231716000000119 ], [ 2.285218000000157, 7.238135000000113 ], [ 2.273712000000103, 7.245004 ], [ 2.271007000000111, 7.244421000000102 ], [ 2.274095000000159, 7.255310000000122 ], [ 2.277251, 7.261863000000176 ], [ 2.278494, 7.263465000000167 ], [ 2.279380000000117, 7.264606 ], [ 2.270612, 7.269891 ], [ 2.262387000000103, 7.275185 ], [ 2.260106000000178, 7.282197 ], [ 2.260021000000108, 7.287701000000141 ], [ 2.264322000000163, 7.290393000000108 ], [ 2.267019000000175, 7.291519 ], [ 2.263586, 7.302849 ], [ 2.258532000000173, 7.313612000000148 ], [ 2.25297, 7.322198000000185 ], [ 2.248868, 7.329049 ], [ 2.244608, 7.33616300000017 ], [ 2.240164, 7.342598 ], [ 2.236017000000118, 7.364758000000165 ], [ 2.234711, 7.378831 ], [ 2.222039000000166, 7.425251000000173 ], [ 2.218739000000141, 7.42790900000017 ], [ 2.20462300000014, 7.4276890000001 ], [ 2.1953, 7.433506 ], [ 2.205471000000159, 7.44288 ], [ 2.207353, 7.461339 ], [ 2.207623, 7.478689 ], [ 2.207445, 7.490070000000117 ], [ 2.205153000000109, 7.497623000000146 ], [ 2.19638, 7.50290600000011 ], [ 2.188158000000101, 7.507656000000168 ], [ 2.187564000000179, 7.510898 ], [ 2.193511000000171, 7.512618 ], [ 2.194478, 7.520222 ], [ 2.187325000000101, 7.52607200000017 ], [ 2.176844000000131, 7.536206 ], [ 2.171005, 7.544742 ], [ 2.189792000000125, 7.541830000000118 ], [ 2.210445000000107, 7.541070000000161 ], [ 2.232311, 7.532197000000167 ], [ 2.248119000000145, 7.528649 ], [ 2.278665000000103, 7.520451000000151 ], [ 2.316524000000129, 7.425632 ], [ 2.323958, 7.401353 ], [ 2.32424200000014, 7.382927000000166 ], [ 2.326639, 7.368328000000133 ], [ 2.330757, 7.347792 ], [ 2.333178, 7.331567000000177 ], [ 2.328075000000183, 7.310348 ], [ 2.323508000000174, 7.289679 ], [ 2.324334000000135, 7.271262000000149 ], [ 2.33394200000015, 7.257936000000143 ], [ 2.338002000000188, 7.25845 ], [ 2.339163000000156, 7.258597000000123 ], [ 2.362484, 7.261546 ], [ 2.366432, 7.251849000000107 ], [ 2.369017, 7.241020000000105 ], [ 2.369913000000111, 7.237266000000147 ], [ 2.371420000000114, 7.209643 ], [ 2.372568, 7.200592 ], [ 2.372399000000144, 7.19449 ], [ 2.371834, 7.182546000000173 ], [ 2.369444, 7.161368 ] ] ] ] } },
{ "type": "Feature", "properties": { "fid": 74, "GID_2": "BEN.12.5_1", "GID_0": "BEN", "COUNTRY": "Benin", "GID_1": "BEN.12_1", "NAME_1": "Zou", "NL_NAME_1": "NA", "NAME_2": "Djidja", "VARNAME_2": "NA", "NL_NAME_2": "NA", "TYPE_2": "Commune", "ENGTYPE_2": "Commune", "CC_2": "NA", "HASC_2": "BJ.ZO.DJ" }, "geometry": { "type": "MultiPolygon", "coordinates": [ [ [ [ 2.053305000000137, 7.235422 ], [ 2.049258000000123, 7.227928 ], [ 2.043306, 7.226749 ], [ 2.03336400000012, 7.226213 ], [ 2.02487, 7.235769000000118 ], [ 2.015565, 7.23807 ], [ 2.006723, 7.240256000000102 ], [ 1.999091000000135, 7.242302000000109 ], [ 1.988589000000161, 7.240245 ], [ 1.977989, 7.238168 ], [ 1.971429, 7.238997 ], [ 1.958952, 7.240572000000157 ], [ 1.948607000000152, 7.242572 ], [ 1.933938, 7.243419000000131 ], [ 1.921448000000112, 7.243759 ], [ 1.908425000000136, 7.243546 ], [ 1.896549000000164, 7.239559000000156 ], [ 1.893435, 7.230836000000181 ], [ 1.901182000000176, 7.221748000000161 ], [ 1.910539, 7.213770000000125 ], [ 1.919992, 7.199831000000188 ], [ 1.926688, 7.188557000000174 ], [ 1.930067, 7.181023 ], [ 1.929656000000136, 7.172886000000119 ], [ 1.928237000000138, 7.162262000000169 ], [ 1.914037000000121, 7.165586 ], [ 1.902661000000137, 7.164318 ], [ 1.888661000000127, 7.157586 ], [ 1.873034000000189, 7.150827000000106 ], [ 1.864487000000167, 7.142557000000124 ], [ 1.861941000000172, 7.140128 ], [ 1.852681000000132, 7.187955000000102 ], [ 1.854336000000103, 7.193949 ], [ 1.852705000000185, 7.196135 ], [ 1.843963, 7.193979 ], [ 1.837273, 7.19736 ], [ 1.83143, 7.20274 ], [ 1.827073000000155, 7.20657 ], [ 1.818905, 7.214228 ], [ 1.813879, 7.223306 ], [ 1.801543, 7.254086 ], [ 1.782525, 7.288494 ], [ 1.75971, 7.306616 ], [ 1.752034000000151, 7.317399000000137 ], [ 1.750796, 7.323352000000114 ], [ 1.749784000000147, 7.32822 ], [ 1.751165000000185, 7.335019000000159 ], [ 1.751879, 7.33853100000016 ], [ 1.750204, 7.345022 ], [ 1.747989000000132, 7.350967 ], [ 1.743069000000162, 7.355808 ], [ 1.741146, 7.361797000000138 ], [ 1.740292, 7.364458 ], [ 1.739143, 7.37312 ], [ 1.735284000000149, 7.381220000000155 ], [ 1.728711, 7.3893 ], [ 1.727034, 7.395791000000145 ], [ 1.726444, 7.402289 ], [ 1.726412, 7.406624000000136 ], [ 1.726906, 7.413131 ], [ 1.723059, 7.419605 ], [ 1.719163000000151, 7.432582 ], [ 1.711926000000176, 7.435097 ], [ 1.708817000000181, 7.436840000000132 ], [ 1.700623, 7.443824000000177 ], [ 1.698379000000159, 7.453561 ], [ 1.693959, 7.463824000000102 ], [ 1.687862, 7.480577 ], [ 1.680151000000137, 7.49515 ], [ 1.678499, 7.498389 ], [ 1.677234033000104, 7.499698010000031 ], [ 1.677104999000051, 7.501119 ], [ 1.676356909000162, 7.503661673000181 ], [ 1.675498, 7.506581 ], [ 1.670355999000151, 7.513007999000081 ], [ 1.669071000000145, 7.515579001000162 ], [ 1.66875, 7.518149000000108 ], [ 1.660074001000112, 7.52072 ], [ 1.659654667000041, 7.521009953000089 ], [ 1.659587781000027, 7.521056202000125 ], [ 1.6592539990001, 7.521287 ], [ 1.657942945000173, 7.524302427 ], [ 1.657887835000054, 7.524429179000037 ], [ 1.65300400000018, 7.535662001000048 ], [ 1.651398000000142, 7.542732000000171 ], [ 1.649470000000122, 7.548194 ], [ 1.649271565000163, 7.554728784000133 ], [ 1.649148000000139, 7.558798 ], [ 1.650245689000087, 7.596111896000082 ], [ 1.650755001000164, 7.61342500000012 ], [ 1.650502666000136, 7.613935571000013 ], [ 1.640316444000064, 7.634546236000119 ], [ 1.696316, 7.635722000000101 ], [ 1.746945, 7.636778 ], [ 1.823182, 7.638357000000155 ], [ 1.850629, 7.653987 ], [ 1.863673000000119, 7.653661 ], [ 1.883876, 7.647489 ], [ 1.90456, 7.645119 ], [ 1.932847, 7.642871 ], [ 1.951172, 7.635147000000131 ], [ 1.956370000000163, 7.632956 ], [ 1.978316000000177, 7.619761 ], [ 1.991072, 7.603708000000154 ], [ 2.000560000000178, 7.588142 ], [ 2.002197, 7.587343 ], [ 2.029579000000126, 7.573975 ], [ 2.055873, 7.560304000000144 ], [ 2.087379, 7.560266000000183 ], [ 2.109170000000177, 7.556276 ], [ 2.129738, 7.560939 ], [ 2.138048, 7.559929000000182 ], [ 2.145521000000144, 7.559021 ], [ 2.154356000000178, 7.549945 ], [ 2.171005, 7.544742 ], [ 2.176844000000131, 7.536206 ], [ 2.187325000000101, 7.52607200000017 ], [ 2.194478, 7.520222 ], [ 2.193511000000171, 7.512618 ], [ 2.187564000000179, 7.510898 ], [ 2.188158000000101, 7.507656000000168 ], [ 2.19638, 7.50290600000011 ], [ 2.205153000000109, 7.497623000000146 ], [ 2.207445, 7.490070000000117 ], [ 2.207623, 7.478689 ], [ 2.207353, 7.461339 ], [ 2.205471000000159, 7.44288 ], [ 2.1953, 7.433506 ], [ 2.20462300000014, 7.4276890000001 ], [ 2.218739000000141, 7.42790900000017 ], [ 2.222039000000166, 7.425251000000173 ], [ 2.234711, 7.378831 ], [ 2.236017000000118, 7.364758000000165 ], [ 2.240164, 7.342598 ], [ 2.205458000000135, 7.339889 ], [ 2.17995500000012, 7.338947 ], [ 2.161008, 7.335397000000171 ], [ 2.136548, 7.337181 ], [ 2.124624, 7.335908000000188 ], [ 2.115215000000148, 7.31299300000012 ], [ 2.106815, 7.294972 ], [ 2.095582000000149, 7.284495000000106 ], [ 2.081635000000119, 7.273975 ], [ 2.073928000000137, 7.266666 ], [ 2.068266000000108, 7.261296000000129 ], [ 2.058415, 7.244605 ], [ 2.056639000000132, 7.241597 ], [ 2.053305000000137, 7.235422 ] ] ] ] } },
{ "type": "Feature", "properties": { "fid": 75, "GID_2": "BEN.12.6_1", "GID_0": "BEN", "COUNTRY": "Benin", "GID_1": "BEN.12_1", "NAME_1": "Zou", "NL_NAME_1": "NA", "NAME_2": "Ouinhi", "VARNAME_2": "NA", "NL_NAME_2": "NA", "TYPE_2": "Commune", "ENGTYPE_2": "Commune", "CC_2": "NA", "HASC_2": "BJ.ZO.ON" }, "geometry": { "type": "MultiPolygon", "coordinates": [ [ [ [ 2.555686, 6.999929 ], [ 2.552408, 6.999398 ], [ 2.546087, 6.994835000000137 ], [ 2.526124000000152, 6.980424 ], [ 2.524830000000179, 6.97874800000011 ], [ 2.511851, 6.961941 ], [ 2.499836000000187, 6.960357 ], [ 2.454925, 6.958057000000167 ], [ 2.424633, 6.956504000000109 ], [ 2.423448000000121, 6.960127 ], [ 2.41581, 6.958951 ], [ 2.41126700000018, 6.958462000000111 ], [ 2.408408, 6.962125000000128 ], [ 2.410603, 6.963549 ], [ 2.413002000000176, 6.963069 ], [ 2.413732, 6.963068 ], [ 2.416419000000133, 6.964203000000111 ], [ 2.420635, 6.96759800000018 ], [ 2.419781000000114, 6.971962000000133 ], [ 2.420374000000152, 6.975945 ], [ 2.41638, 6.97581200000019 ], [ 2.413106, 6.975308 ], [ 2.408594000000164, 6.977358 ], [ 2.405362, 6.980300000000113 ], [ 2.404627829000162, 6.982860335999987 ], [ 2.404609000000107, 6.982926000000134 ], [ 2.406152, 6.993498000000159 ], [ 2.409236000000135, 7.006936 ], [ 2.408521000000121, 7.018309000000102 ], [ 2.407149000000118, 7.037261 ], [ 2.408587000000125, 7.049751000000128 ], [ 2.417645000000107, 7.060730000000149 ], [ 2.427969, 7.059802000000104 ], [ 2.431759000000113, 7.060401 ], [ 2.432684000000108, 7.061673000000155 ], [ 2.433353, 7.062593000000106 ], [ 2.431101, 7.067980000000148 ], [ 2.426696000000106, 7.072250000000111 ], [ 2.428784000000178, 7.077703 ], [ 2.429803000000106, 7.082055000000139 ], [ 2.428669, 7.0852900000001 ], [ 2.423795, 7.08467400000012 ], [ 2.416667000000189, 7.089446 ], [ 2.413889, 7.093741000000136 ], [ 2.412155, 7.100761 ], [ 2.413174, 7.105113000000131 ], [ 2.419101000000126, 7.107914 ], [ 2.425069000000121, 7.108004 ], [ 2.428834, 7.110229000000118 ], [ 2.429854, 7.114581000000157 ], [ 2.427202, 7.121014 ], [ 2.420951000000116, 7.129083 ], [ 2.420359000000133, 7.132326 ], [ 2.425703000000169, 7.137828000000184 ], [ 2.423352, 7.149718 ], [ 2.416775, 7.15395500000011 ], [ 2.414506, 7.160426000000143 ], [ 2.417112, 7.167512 ], [ 2.425095000000113, 7.177933 ], [ 2.429848000000106, 7.186678000000143 ], [ 2.437874, 7.192589000000169 ], [ 2.440318000000104, 7.194389 ], [ 2.445491000000175, 7.197824 ], [ 2.454630000000122, 7.198977 ], [ 2.463313, 7.199108 ], [ 2.472554000000116, 7.198163 ], [ 2.47803, 7.194993000000125 ], [ 2.487304000000165, 7.191879 ], [ 2.492229000000179, 7.189242000000149 ], [ 2.50535, 7.182934000000159 ], [ 2.509708, 7.181915 ], [ 2.514616000000103, 7.180362000000116 ], [ 2.517855, 7.181494 ], [ 2.518276, 7.176286 ], [ 2.518781000000104, 7.173541000000114 ], [ 2.52819600000015, 7.135495 ], [ 2.535185, 7.107252000000187 ], [ 2.53702200000015, 7.099827000000118 ], [ 2.536445000000185, 7.092739 ], [ 2.554306000000111, 7.057752000000107 ], [ 2.554927000000134, 7.031726 ], [ 2.555686, 6.999929 ] ] ] ] } },
{ "type": "Feature", "properties": { "fid": 76, "GID_2": "BEN.12.7_1", "GID_0": "BEN", "COUNTRY": "Benin", "GID_1": "BEN.12_1", "NAME_1": "Zou", "NL_NAME_1": "NA", "NAME_2": "Za-Kpota", "VARNAME_2": "Za Kpota", "NL_NAME_2": "NA", "TYPE_2": "Commune", "ENGTYPE_2": "Commune", "CC_2": "NA", "HASC_2": "BJ.ZO.ZK" }, "geometry": { "type": "MultiPolygon", "coordinates": [ [ [ [ 2.316785, 7.126954000000183 ], [ 2.309732, 7.126846000000114 ], [ 2.292655, 7.122738 ], [ 2.270734, 7.121908000000133 ], [ 2.265565000000151, 7.123257 ], [ 2.260926, 7.124467 ], [ 2.245209, 7.12314 ], [ 2.221837000000164, 7.125487000000135 ], [ 2.22067, 7.125496000000169 ], [ 2.20313300000015, 7.125625000000184 ], [ 2.198733, 7.135605000000112 ], [ 2.188968000000159, 7.144783 ], [ 2.181222000000162, 7.152764000000161 ], [ 2.177516000000139, 7.157555000000116 ], [ 2.176473000000158, 7.159126 ], [ 2.194066, 7.158789 ], [ 2.202073, 7.158803000000148 ], [ 2.209816000000103, 7.157216000000119 ], [ 2.212483, 7.158821 ], [ 2.215949, 7.160959 ], [ 2.219682, 7.163365000000113 ], [ 2.221579000000133, 7.164886 ], [ 2.222334, 7.165543 ], [ 2.221543000000167, 7.1679 ], [ 2.219936, 7.170830000000137 ], [ 2.217796000000135, 7.173492000000124 ], [ 2.214586, 7.177486 ], [ 2.212714, 7.179615000000126 ], [ 2.207638, 7.182272 ], [ 2.202822, 7.188396000000182 ], [ 2.197738000000129, 7.195318 ], [ 2.192127, 7.198508000000174 ], [ 2.187315000000183, 7.202498 ], [ 2.184909, 7.204626000000133 ], [ 2.182502, 7.207021 ], [ 2.180631000000119, 7.208351000000107 ], [ 2.180084000000136, 7.215548000000183 ], [ 2.17847600000016, 7.219011 ], [ 2.174644000000171, 7.221132000000182 ], [ 2.164592000000141, 7.220585 ], [ 2.155249, 7.220568 ], [ 2.149061000000131, 7.223519000000124 ], [ 2.141885, 7.222505 ], [ 2.139819000000159, 7.222191 ], [ 2.138455000000135, 7.220551 ], [ 2.136133, 7.219864 ], [ 2.134907000000169, 7.217814 ], [ 2.127808, 7.213296000000184 ], [ 2.123988, 7.210013000000117 ], [ 2.121673000000158, 7.205504 ], [ 2.118262000000186, 7.202358 ], [ 2.111979, 7.200708000000134 ], [ 2.103962, 7.199270000000126 ], [ 2.101108000000181, 7.206580000000145 ], [ 2.099411, 7.214571000000149 ], [ 2.099996000000147, 7.220605 ], [ 2.099386000000152, 7.227362000000142 ], [ 2.098368000000107, 7.23175700000013 ], [ 2.09913900000015, 7.236396000000127 ], [ 2.073476, 7.230625 ], [ 2.07149, 7.230869 ], [ 2.06442, 7.231175000000121 ], [ 2.059919, 7.232129 ], [ 2.054772, 7.234686 ], [ 2.053305000000137, 7.235422 ], [ 2.056639000000132, 7.241597 ], [ 2.058415, 7.244605 ], [ 2.068266000000108, 7.261296000000129 ], [ 2.073928000000137, 7.266666 ], [ 2.081635000000119, 7.273975 ], [ 2.095582000000149, 7.284495000000106 ], [ 2.106815, 7.294972 ], [ 2.115215000000148, 7.31299300000012 ], [ 2.124624, 7.335908000000188 ], [ 2.136548, 7.337181 ], [ 2.161008, 7.335397000000171 ], [ 2.17995500000012, 7.338947 ], [ 2.205458000000135, 7.339889 ], [ 2.240164, 7.342598 ], [ 2.244608, 7.33616300000017 ], [ 2.248868, 7.329049 ], [ 2.25297, 7.322198000000185 ], [ 2.258532000000173, 7.313612000000148 ], [ 2.263586, 7.302849 ], [ 2.267019000000175, 7.291519 ], [ 2.264322000000163, 7.290393000000108 ], [ 2.260021000000108, 7.287701000000141 ], [ 2.260106000000178, 7.282197 ], [ 2.262387000000103, 7.275185 ], [ 2.270612, 7.269891 ], [ 2.279380000000117, 7.264606 ], [ 2.278494, 7.263465000000167 ], [ 2.277251, 7.261863000000176 ], [ 2.274095000000159, 7.255310000000122 ], [ 2.271007000000111, 7.244421000000102 ], [ 2.273712000000103, 7.245004 ], [ 2.285218000000157, 7.238135000000113 ], [ 2.290745, 7.231716000000119 ], [ 2.287674000000152, 7.219743000000165 ], [ 2.294963000000166, 7.204677 ], [ 2.295873000000142, 7.197855000000118 ], [ 2.2967, 7.191664000000173 ], [ 2.297418000000107, 7.186284 ], [ 2.299464000000114, 7.159212 ], [ 2.316785, 7.126954000000183 ] ] ] ] } },
{ "type": "Feature", "properties": { "fid": 77, "GID_2": "BEN.12.8_1", "GID_0": "BEN", "COUNTRY": "Benin", "GID_1": "BEN.12_1", "NAME_1": "Zou", "NL_NAME_1": "NA", "NAME_2": "Zagnanado", "VARNAME_2": "Zangnanado", "NL_NAME_2": "NA", "TYPE_2": "Commune", "ENGTYPE_2": "Commune", "CC_2": "NA", "HASC_2": "BJ.ZO.ZN" }, "geometry": { "type": "MultiPolygon", "coordinates": [ [ [ [ 2.366432, 7.251849000000107 ], [ 2.362484, 7.261546 ], [ 2.339163000000156, 7.258597000000123 ], [ 2.338002000000188, 7.25845 ], [ 2.33394200000015, 7.257936000000143 ], [ 2.324334000000135, 7.271262000000149 ], [ 2.323508000000174, 7.289679 ], [ 2.328075000000183, 7.310348 ], [ 2.333178, 7.331567000000177 ], [ 2.330757, 7.347792 ], [ 2.326639, 7.368328000000133 ], [ 2.32424200000014, 7.382927000000166 ], [ 2.323958, 7.401353 ], [ 2.316524000000129, 7.425632 ], [ 2.278665000000103, 7.520451000000151 ], [ 2.297296000000131, 7.509898 ], [ 2.308868000000132, 7.499235000000112 ], [ 2.329745000000173, 7.483837 ], [ 2.351172, 7.467903 ], [ 2.369182, 7.462216000000126 ], [ 2.389906, 7.456569 ], [ 2.406871, 7.447903000000167 ], [ 2.406848, 7.442363 ], [ 2.429668000000163, 7.411181 ], [ 2.432374, 7.40517 ], [ 2.432882000000177, 7.395896000000107 ], [ 2.432832, 7.383896 ], [ 2.428961, 7.372459 ], [ 2.42346, 7.363209 ], [ 2.427806, 7.357192000000168 ], [ 2.428385, 7.356089 ], [ 2.432683, 7.347899 ], [ 2.432663000000161, 7.342990000000157 ], [ 2.434474, 7.328990000000147 ], [ 2.43478000000016, 7.326619 ], [ 2.435283, 7.316254 ], [ 2.435814000000107, 7.312434 ], [ 2.437574, 7.310244000000182 ], [ 2.526138, 7.200026 ], [ 2.535734000000161, 7.188080000000127 ], [ 2.518276, 7.176286 ], [ 2.517855, 7.181494 ], [ 2.514616000000103, 7.180362000000116 ], [ 2.509708, 7.181915 ], [ 2.50535, 7.182934000000159 ], [ 2.492229000000179, 7.189242000000149 ], [ 2.487304000000165, 7.191879 ], [ 2.47803, 7.194993000000125 ], [ 2.472554000000116, 7.198163 ], [ 2.463313, 7.199108 ], [ 2.454630000000122, 7.198977 ], [ 2.445491000000175, 7.197824 ], [ 2.440318000000104, 7.194389 ], [ 2.437874, 7.192589000000169 ], [ 2.429848000000106, 7.186678000000143 ], [ 2.425095000000113, 7.177933 ], [ 2.417112, 7.167512 ], [ 2.414506, 7.160426000000143 ], [ 2.416775, 7.15395500000011 ], [ 2.423352, 7.149718 ], [ 2.425703000000169, 7.137828000000184 ], [ 2.420359000000133, 7.132326 ], [ 2.420951000000116, 7.129083 ], [ 2.427202, 7.121014 ], [ 2.429854, 7.114581000000157 ], [ 2.428834, 7.110229000000118 ], [ 2.425069000000121, 7.108004 ], [ 2.419101000000126, 7.107914 ], [ 2.413174, 7.105113000000131 ], [ 2.412155, 7.100761 ], [ 2.413889, 7.093741000000136 ], [ 2.416667000000189, 7.089446 ], [ 2.423795, 7.08467400000012 ], [ 2.428669, 7.0852900000001 ], [ 2.429803000000106, 7.082055000000139 ], [ 2.428784000000178, 7.077703 ], [ 2.426696000000106, 7.072250000000111 ], [ 2.431101, 7.067980000000148 ], [ 2.433353, 7.062593000000106 ], [ 2.432684000000108, 7.061673000000155 ], [ 2.431759000000113, 7.060401 ], [ 2.427969, 7.059802000000104 ], [ 2.417645000000107, 7.060730000000149 ], [ 2.408587000000125, 7.049751000000128 ], [ 2.407149000000118, 7.037261 ], [ 2.408521000000121, 7.018309000000102 ], [ 2.409236000000135, 7.006936 ], [ 2.406152, 6.993498000000159 ], [ 2.391886, 7.00613200000015 ], [ 2.389478000000167, 7.021815000000117 ], [ 2.382779, 7.034182 ], [ 2.375052, 7.042737000000159 ], [ 2.368402000000174, 7.05185200000011 ], [ 2.363321, 7.064785 ], [ 2.353409, 7.078104 ], [ 2.336343, 7.090696 ], [ 2.355925, 7.122674 ], [ 2.361636, 7.139566000000116 ], [ 2.369444, 7.161368 ], [ 2.371834, 7.182546000000173 ], [ 2.372399000000144, 7.19449 ], [ 2.372568, 7.200592 ], [ 2.371420000000114, 7.209643 ], [ 2.369913000000111, 7.237266000000147 ], [ 2.369017, 7.241020000000105 ], [ 2.366432, 7.251849000000107 ] ] ] ] } },
{ "type": "Feature", "properties": { "fid": 78, "GID_2": "BEN.12.9_1", "GID_0": "BEN", "COUNTRY": "Benin", "GID_1": "BEN.12_1", "NAME_1": "Zou", "NL_NAME_1": "NA", "NAME_2": "Zogbodomey", "VARNAME_2": "Zogbodome", "NL_NAME_2": "NA", "TYPE_2": "Commune", "ENGTYPE_2": "Commune", "CC_2": "NA", "HASC_2": "BJ.ZO.ZB" }, "geometry": { "type": "MultiPolygon", "coordinates": [ [ [ [ 2.0554360000001, 6.921175000000176 ], [ 2.049415000000181, 6.915742 ], [ 2.03849, 6.912507 ], [ 2.037321000000134, 6.912594000000183 ], [ 2.034372000000189, 6.912815000000137 ], [ 2.023214000000166, 6.913650000000132 ], [ 2.021229, 6.913161000000173 ], [ 2.014476000000172, 6.911497000000168 ], [ 2.005256, 6.91603600000019 ], [ 1.99105, 6.923028000000158 ], [ 1.990388000000166, 6.942221000000131 ], [ 1.990053000000159, 6.95193600000016 ], [ 1.987897000000146, 6.960124000000121 ], [ 1.97859300000016, 6.97145300000011 ], [ 1.977569000000187, 6.9727 ], [ 1.972703, 6.986896000000172 ], [ 1.966189, 7.002586000000179 ], [ 1.97316, 6.999054000000172 ], [ 1.979083, 7.001859 ], [ 1.988207, 7.007967 ], [ 1.996248, 7.014059 ], [ 1.997714, 7.016125 ], [ 2.000101, 7.019489 ], [ 2.002084000000139, 7.02228300000013 ], [ 2.003295000000151, 7.023118000000125 ], [ 2.006913, 7.025612 ], [ 2.014480000000106, 7.02735900000016 ], [ 2.01748, 7.030196 ], [ 2.020894, 7.033424 ], [ 2.022706, 7.039494 ], [ 2.023984, 7.04377200000016 ], [ 2.022244000000171, 7.050791 ], [ 2.0241410000001, 7.058304000000135 ], [ 2.025816000000134, 7.064941 ], [ 2.031575, 7.078042 ], [ 2.03287900000015, 7.080755000000181 ], [ 2.041028, 7.09770600000013 ], [ 2.046606000000111, 7.107992000000138 ], [ 2.05051600000013, 7.115203000000122 ], [ 2.06109, 7.132717 ], [ 2.061408, 7.133793 ], [ 2.066239, 7.150144000000125 ], [ 2.073448, 7.140501 ], [ 2.086159000000123, 7.126068 ], [ 2.093409000000122, 7.125525 ], [ 2.098667000000148, 7.125321 ], [ 2.106758000000127, 7.127478 ], [ 2.108959000000141, 7.127693 ], [ 2.115347, 7.128318 ], [ 2.139810000000125, 7.130709 ], [ 2.16637, 7.126990000000148 ], [ 2.17461800000018, 7.125834 ], [ 2.20313300000015, 7.125625000000184 ], [ 2.22067, 7.125496000000169 ], [ 2.221837000000164, 7.125487000000135 ], [ 2.245209, 7.12314 ], [ 2.260926, 7.124467 ], [ 2.265565000000151, 7.123257 ], [ 2.270734, 7.121908000000133 ], [ 2.292655, 7.122738 ], [ 2.336343, 7.090696 ], [ 2.353409, 7.078104 ], [ 2.363321, 7.064785 ], [ 2.368402000000174, 7.05185200000011 ], [ 2.375052, 7.042737000000159 ], [ 2.382779, 7.034182 ], [ 2.389478000000167, 7.021815000000117 ], [ 2.391886, 7.00613200000015 ], [ 2.406152, 6.993498000000159 ], [ 2.404609000000107, 6.982926000000134 ], [ 2.398138273000029, 6.977527953000163 ], [ 2.373401, 6.956894 ], [ 2.342296, 6.930943000000127 ], [ 2.341674, 6.930424000000187 ], [ 2.320764000000111, 6.96391100000011 ], [ 2.292713493000122, 6.947573305000049 ], [ 2.291336000000115, 6.946771000000183 ], [ 2.290689426000085, 6.946394332000125 ], [ 2.28293, 6.941874 ], [ 2.278036091000047, 6.940663205000135 ], [ 2.276413801000103, 6.940261837000151 ], [ 2.272704, 6.939344000000119 ], [ 2.269642000000147, 6.9385860000001 ], [ 2.232057, 6.938320000000147 ], [ 2.22944, 6.938302 ], [ 2.229379000000165, 6.938524000000143 ], [ 2.229275, 6.938524000000143 ], [ 2.220217, 6.938509000000124 ], [ 2.214197, 6.938499 ], [ 2.208647, 6.938385 ], [ 2.203935, 6.938482 ], [ 2.190375, 6.938302 ], [ 2.18158000000011, 6.938183000000151 ], [ 2.169329, 6.938266000000112 ], [ 2.157916, 6.938141 ], [ 2.15315100000015, 6.938290000000165 ], [ 2.148806, 6.938073000000145 ], [ 2.141006000000175, 6.937902000000179 ], [ 2.132524, 6.937939 ], [ 2.11954100000014, 6.93781 ], [ 2.111112000000105, 6.937637000000109 ], [ 2.10299700000013, 6.937727000000109 ], [ 2.097448, 6.937559 ], [ 2.093679000000122, 6.937657000000172 ], [ 2.087397, 6.937435000000107 ], [ 2.087445000000173, 6.937199000000135 ], [ 2.081135000000131, 6.935812000000112 ], [ 2.078945, 6.933639 ], [ 2.069647000000145, 6.927671 ], [ 2.063964000000112, 6.926070000000152 ], [ 2.062000000000182, 6.92551600000013 ], [ 2.0554360000001, 6.921175000000176 ] ] ] ] } }
]
}
