{
"type": "FeatureCollection",
"name": "departements",
"crs": { "type": "name", "properties": { "name": "urn:ogc:def:crs:OGC:1.3:CRS84" } },
"features": [
{ "type": "Feature", "properties": { "fid": 1, "GID_1": "BEN.1_1", "GID_0": "BEN", "COUNTRY": "Benin", "NAME_1": "Alibori", "VARNAME_1": "NA", "NL_NAME_1": "NA", "TYPE_1": "Département", "ENGTYPE_1": "Department", "CC_1": "NA", "HASC_1": "BJ.AL", "ISO_1": "BJ-AL" }, "geometry": { "type": "MultiPolygon", "coordinates": [ [ [ [ 2.715974, 10.5680890000001 ], [ 2.711550000000159, 10.568088 ], [ 2.702703000000156, 10.558238000000188 ], [ 2.694963000000143, 10.54729500000019 ], [ 2.693305, 10.534710000000189 ], [ 2.685012000000143, 10.531425000000183 ], [ 2.665106000000151, 10.533062 ], [ 2.651836000000117, 10.533606000000134 ], [ 2.638567, 10.530868000000112 ], [ 2.622531000000151, 10.531957000000148 ], [ 2.604285, 10.530855 ], [ 2.591015, 10.531396 ], [ 2.569453000000124, 10.528649 ], [ 2.558395000000189, 10.527551 ], [ 2.549545, 10.531922 ], [ 2.532954000000188, 10.537930000000131 ], [ 2.526315000000125, 10.543398000000138 ], [ 2.520228, 10.549959000000172 ], [ 2.514143, 10.554333 ], [ 2.50916500000011, 10.555970000000116 ], [ 2.499762000000146, 10.56034 ], [ 2.47431, 10.578376 ], [ 2.453838000000133, 10.590395 ], [ 2.430765000000122, 10.597336 ], [ 2.421200000000113, 10.60021300000011 ], [ 2.374281, 10.585426000000155 ], [ 2.366216000000122, 10.582883 ], [ 2.347908000000189, 10.57711 ], [ 2.331933, 10.572077 ], [ 2.327189, 10.570582000000115 ], [ 2.243829, 10.54430200000013 ], [ 2.242618, 10.687952 ], [ 2.243086, 10.689536 ], [ 2.241151000000173, 10.861151000000177 ], [ 2.249894, 10.877069 ], [ 2.254209, 10.893505000000175 ], [ 2.274603000000127, 10.905124000000171 ], [ 2.29169, 10.915079000000162 ], [ 2.30875900000018, 10.927769000000126 ], [ 2.332750000000146, 10.948849000000109 ], [ 2.335586, 10.95134000000013 ], [ 2.334619, 10.952311 ], [ 2.292331, 10.985087000000135 ], [ 2.251336, 10.99083400000012 ], [ 2.230245, 10.999444 ], [ 2.219715, 11.003568 ], [ 2.215815, 11.005095 ], [ 2.204161000000113, 11.009659 ], [ 2.190795000000151, 11.035375 ], [ 1.998539000000108, 11.404665000000136 ], [ 1.995153, 11.412093 ], [ 1.989365, 11.411211000000151 ], [ 1.980711001000032, 11.412817001000064 ], [ 1.970354001000146, 11.412458 ], [ 1.961468001000185, 11.412845000000118 ], [ 1.952137, 11.409088000000168 ], [ 1.943997000000138, 11.408996000000172 ], [ 1.933385001000033, 11.409362000000101 ], [ 1.928740001000108, 11.407977 ], [ 1.924043001000143, 11.406578000000138 ], [ 1.917834, 11.41015700000014 ], [ 1.911082, 11.41787 ], [ 1.903871, 11.422655 ], [ 1.896890000000155, 11.428904001000092 ], [ 1.886970001000122, 11.433170000000189 ], [ 1.880229, 11.439909000000171 ], [ 1.869630001000189, 11.439055 ], [ 1.860491000000138, 11.439923001000182 ], [ 1.855536342000164, 11.440379086000121 ], [ 1.855534691000116, 11.440379238000162 ], [ 1.867318989000069, 11.445309639000186 ], [ 1.867319176000024, 11.445309655000187 ], [ 1.869190693000064, 11.445470545000148 ], [ 1.869193247999988, 11.445470764000106 ], [ 1.871301533000121, 11.445652007999968 ], [ 1.87267995000002, 11.445770263000099 ], [ 1.884150028000136, 11.437970163000045 ], [ 1.888622417000079, 11.43886122300006 ], [ 1.888624625000091, 11.438861663000068 ], [ 1.891420961000165, 11.439418793000186 ], [ 1.892377973000123, 11.43960952700013 ], [ 1.900104147000093, 11.436176686000067 ], [ 1.902849471000025, 11.434956902000067 ], [ 1.902851413000178, 11.434956039000042 ], [ 1.90369379599997, 11.434581756999989 ], [ 1.912454964000119, 11.430688859000156 ], [ 1.934620022000161, 11.425230026000122 ], [ 1.95398104200018, 11.42136097000008 ], [ 1.956313729000044, 11.420222283000101 ], [ 1.957228542000109, 11.420713424000155 ], [ 1.957371711000178, 11.420790673000056 ], [ 1.958876014, 11.42160034300008 ], [ 1.969244003000142, 11.420905113000117 ], [ 1.981034129000079, 11.420111876000135 ], [ 1.981219072000044, 11.420099433000075 ], [ 1.98150515500015, 11.420080185000074 ], [ 1.981961967000132, 11.420049668000104 ], [ 1.995011449000174, 11.42155523100007 ], [ 1.995020492000151, 11.421556274000068 ], [ 1.998345136000069, 11.421939849000125 ], [ 2.010399103000054, 11.423330307000015 ], [ 2.019248008000091, 11.427710533999971 ], [ 2.02512192800009, 11.433708191 ], [ 2.034137963000092, 11.442918777000045 ], [ 2.06042790500004, 11.469869615000107 ], [ 2.073225022000088, 11.483691215000079 ], [ 2.075918223000031, 11.486036390999971 ], [ 2.075918507999972, 11.486036640000066 ], [ 2.075927974000081, 11.486044883000147 ], [ 2.08006501400007, 11.489647865 ], [ 2.081021070000133, 11.490489006000075 ], [ 2.081203222000113, 11.490649225000084 ], [ 2.087237596000023, 11.495897292000109 ], [ 2.090682984000182, 11.498899460000132 ], [ 2.103018046000102, 11.51294994400007 ], [ 2.144690036000156, 11.554180145999965 ], [ 2.147637062000115, 11.55779788000018 ], [ 2.157258988000024, 11.569609642000103 ], [ 2.158308982000051, 11.570461274000081 ], [ 2.166343928000174, 11.576979637000022 ], [ 2.185441018000176, 11.597240449000026 ], [ 2.193133116000183, 11.600699426000176 ], [ 2.193754586000068, 11.600651877000075 ], [ 2.1976203910001, 11.600356101999978 ], [ 2.201998950000075, 11.600020409000024 ], [ 2.206197023000072, 11.600950243000057 ], [ 2.20921754800014, 11.603050343000064 ], [ 2.214596987, 11.606790543000102 ], [ 2.214857713000072, 11.606971816999987 ], [ 2.218781948000128, 11.609700204000092 ], [ 2.22157542399998, 11.612460689000102 ], [ 2.238404750000143, 11.629091263000021 ], [ 2.250698568000018, 11.641240020000055 ], [ 2.253386453000132, 11.643896190000078 ], [ 2.255599170000153, 11.64608279800018 ], [ 2.257458925000094, 11.647920608000163 ], [ 2.258464752000123, 11.648491993000107 ], [ 2.27174226, 11.656034624000085 ], [ 2.276241626000171, 11.658590604000153 ], [ 2.28870606400011, 11.665671347999989 ], [ 2.296480933000112, 11.669667295000124 ], [ 2.297844221999981, 11.670367967 ], [ 2.299850496496423, 11.671399105741139 ], [ 2.29985049600009, 11.671399105999967 ], [ 2.30572891200012, 11.674420359000123 ], [ 2.309689998000124, 11.679710389000149 ], [ 2.309592007999981, 11.680810929000074 ], [ 2.306849717000034, 11.681978227000172 ], [ 2.304775953000046, 11.682860376000065 ], [ 2.303845882000076, 11.685850143000096 ], [ 2.304158926000071, 11.687081336000062 ], [ 2.306658983000034, 11.696891786000037 ], [ 2.300837993000187, 11.708391190000043 ], [ 2.300035953000076, 11.714539528000046 ], [ 2.299216985000157, 11.720811844000139 ], [ 2.30248999600002, 11.725399971000058 ], [ 2.30366897600004, 11.735288620000119 ], [ 2.313951970000119, 11.746089935999976 ], [ 2.316056014000139, 11.750224115000037 ], [ 2.319097996000153, 11.756201745000055 ], [ 2.32891011300012, 11.761241913 ], [ 2.335840941000185, 11.767881394000028 ], [ 2.338258982000127, 11.77020072900018 ], [ 2.338751792000039, 11.771330834000139 ], [ 2.339663030000111, 11.77342128700019 ], [ 2.340073595999968, 11.780273600000044 ], [ 2.340191125000047, 11.782235145000072 ], [ 2.340279909000117, 11.783716955000102 ], [ 2.340379001000144, 11.785370827000179 ], [ 2.349956035000105, 11.78927040200017 ], [ 2.357602926000141, 11.790592119000166 ], [ 2.360219970000173, 11.791044460000023 ], [ 2.362287760000186, 11.791401865000012 ], [ 2.370892048000144, 11.792889594000087 ], [ 2.372375010000098, 11.793140410999968 ], [ 2.372211933000187, 11.796609878000083 ], [ 2.372148037000045, 11.797969818000183 ], [ 2.371365548000028, 11.798791886000117 ], [ 2.370901108000169, 11.799280166000017 ], [ 2.368184089000181, 11.802120209000122 ], [ 2.369876146000081, 11.806468963000043 ], [ 2.370059729000104, 11.806941032999987 ], [ 2.36773300200008, 11.813389777000168 ], [ 2.37007403400014, 11.818208695000067 ], [ 2.377019643000096, 11.821687699000165 ], [ 2.381057024000086, 11.823710442000106 ], [ 2.382031918000109, 11.825519563000114 ], [ 2.383162976000051, 11.827618599000061 ], [ 2.382860898000104, 11.82862091100003 ], [ 2.382469893000177, 11.829919814000164 ], [ 2.378031970000052, 11.830848695000157 ], [ 2.375463962000026, 11.833380700000134 ], [ 2.374304056000028, 11.837061882000057 ], [ 2.375396489000082, 11.843899727000178 ], [ 2.375479936000147, 11.844421386000079 ], [ 2.377192736000097, 11.848827363000055 ], [ 2.379230976000144, 11.854070664000176 ], [ 2.389051914000049, 11.862791062000156 ], [ 2.394096136000144, 11.864747049000073 ], [ 2.400268555000082, 11.867139817000179 ], [ 2.402607917000182, 11.870590210000103 ], [ 2.402386666000098, 11.87438869500005 ], [ 2.402379989000167, 11.874501228000042 ], [ 2.401427031000026, 11.876273156000082 ], [ 2.399729967000098, 11.879427909000071 ], [ 2.398407935000137, 11.881888391000075 ], [ 2.394463063000046, 11.88923072800003 ], [ 2.395867109000051, 11.892494202000023 ], [ 2.397146941000074, 11.895468711000035 ], [ 2.402411938000057, 11.896108628000093 ], [ 2.404536962000179, 11.897782328000062 ], [ 2.404751062000173, 11.897951127000056 ], [ 2.404860497000072, 11.898568154000031 ], [ 2.405400038000039, 11.901610375000132 ], [ 2.406939029000057, 11.902812005999976 ], [ 2.411439896000047, 11.906319619000044 ], [ 2.404690982000147, 11.910330772 ], [ 2.404002905000141, 11.910738946000038 ], [ 2.400604963000035, 11.912760734000187 ], [ 2.39974999500015, 11.913390161000109 ], [ 2.402259110000045, 11.919659614000068 ], [ 2.395417928000086, 11.926906585999973 ], [ 2.391768931000058, 11.930770875000064 ], [ 2.399211883000021, 11.937225342000033 ], [ 2.402669907000188, 11.940221787999974 ], [ 2.406420946000139, 11.949812890999965 ], [ 2.406678915000043, 11.950473786000032 ], [ 2.406951905000085, 11.95034408500004 ], [ 2.407866001000059, 11.949911117000113 ], [ 2.409238419000076, 11.949773007000033 ], [ 2.412538052000173, 11.949440957000093 ], [ 2.413387222000097, 11.950092186000063 ], [ 2.419037497000147, 11.954425382000125 ], [ 2.419038057000023, 11.954425811000078 ], [ 2.420022965000157, 11.955180169000187 ], [ 2.422232447000169, 11.955221886000174 ], [ 2.427898339000023, 11.955328865000013 ], [ 2.431236028000058, 11.955391884 ], [ 2.432143926000037, 11.956729889000144 ], [ 2.433577061, 11.958840370000075 ], [ 2.431024074000106, 11.970110894000186 ], [ 2.432667971000114, 11.975158692000036 ], [ 2.43710708600014, 11.976539612000067 ], [ 2.440011535000053, 11.979507284000135 ], [ 2.442725897000116, 11.982280731000174 ], [ 2.445266961000186, 11.98211669900013 ], [ 2.446465969000087, 11.982040405000191 ], [ 2.447407006000049, 11.981360436000159 ], [ 2.447407856000154, 11.981359823 ], [ 2.449240804000112, 11.980037082000081 ], [ 2.453958823000107, 11.976632338000115 ], [ 2.455096959000116, 11.975811005000082 ], [ 2.458837031000144, 11.976268769000114 ], [ 2.459244966000085, 11.976893426 ], [ 2.459335719000023, 11.977031659000033 ], [ 2.459335720031882, 11.977031659048402 ], [ 2.460942984000042, 11.979479790000141 ], [ 2.463788986000168, 11.982541084000161 ], [ 2.46452498400015, 11.983337403 ], [ 2.465708016000121, 11.984610558000099 ], [ 2.466087104000053, 11.988170625000066 ], [ 2.468417883000086, 11.994621277000022 ], [ 2.466773034000141, 12.010951043000034 ], [ 2.463725091000128, 12.023820878000038 ], [ 2.459980965000113, 12.03209877200004 ], [ 2.455538987000125, 12.036460877000081 ], [ 2.449923039000169, 12.045661927000026 ], [ 2.445012093000059, 12.051630973999977 ], [ 2.437288047000095, 12.0668096550001 ], [ 2.422780990000149, 12.089559556000097 ], [ 2.41201209999997, 12.111168861000067 ], [ 2.399827957000014, 12.142659187000049 ], [ 2.392544031000057, 12.182669639000096 ], [ 2.392488956000079, 12.183112145000109 ], [ 2.391177894000123, 12.193626405000032 ], [ 2.38884902000018, 12.212280274000022 ], [ 2.388070105999986, 12.218529702000012 ], [ 2.387983084000098, 12.219103814000107 ], [ 2.386394024000083, 12.229552269000123 ], [ 2.385479927000176, 12.235549928000182 ], [ 2.387346982000054, 12.242220879000115 ], [ 2.392801047000034, 12.244601251000063 ], [ 2.400227447000077, 12.247842499000058 ], [ 2.4037089360001, 12.24936199299998 ], [ 2.405632974000127, 12.249544146000062 ], [ 2.424427156000149, 12.251341559000025 ], [ 2.425457, 12.251440050000042 ], [ 2.42759204000015, 12.253063203000181 ], [ 2.429604710000035, 12.254595054000163 ], [ 2.429757297000151, 12.254711189000091 ], [ 2.430598021000094, 12.255351067000106 ], [ 2.434552909000104, 12.263230324 ], [ 2.438278913000033, 12.262820245000114 ], [ 2.439213037000059, 12.262104034000117 ], [ 2.441285116000188, 12.260511836000148 ], [ 2.443071301000089, 12.259139320000088 ], [ 2.446686984000166, 12.256361008000113 ], [ 2.451233297000044, 12.254562430000135 ], [ 2.45194697400018, 12.254280091000112 ], [ 2.452529906000109, 12.254050256000028 ], [ 2.456037998000113, 12.25450992500015 ], [ 2.457139015000166, 12.2556839 ], [ 2.459650039999985, 12.252961160000154 ], [ 2.464040041000089, 12.253258705000178 ], [ 2.468559981000112, 12.264671326000041 ], [ 2.468962020000106, 12.267015064000191 ], [ 2.469360114000153, 12.269335793999971 ], [ 2.469810964000146, 12.271964073000106 ], [ 2.469852636000041, 12.272205610000128 ], [ 2.46988105700018, 12.27237033900019 ], [ 2.470228788000099, 12.272456367000188 ], [ 2.474210024000172, 12.273441315000127 ], [ 2.474240306000183, 12.273435618000121 ], [ 2.491440057000148, 12.270199776000084 ], [ 2.493726088000017, 12.269290054000123 ], [ 2.494601011000043, 12.268941879000181 ], [ 2.494680435000021, 12.26905148100019 ], [ 2.499578952999968, 12.275811196 ], [ 2.503001500000096, 12.276706205000096 ], [ 2.505661964000126, 12.277401925000106 ], [ 2.505900509000071, 12.278541829000119 ], [ 2.506356209000103, 12.280719417000171 ], [ 2.508019924, 12.288669586000083 ], [ 2.511070012000118, 12.29372120000005 ], [ 2.514347076000035, 12.294400215000053 ], [ 2.516210842000078, 12.292352288000131 ], [ 2.517396926000117, 12.291049006000151 ], [ 2.522516014000018, 12.28542041999998 ], [ 2.530225992000055, 12.281721115000096 ], [ 2.530399085000113, 12.281509400000061 ], [ 2.536061048000079, 12.27458000300004 ], [ 2.538069010000129, 12.275528909 ], [ 2.541722058, 12.277249336000182 ], [ 2.541630984000108, 12.274338723000142 ], [ 2.5428777300001, 12.274266909000062 ], [ 2.546448947000044, 12.274061204000191 ], [ 2.547470093000186, 12.274430793000136 ], [ 2.551139117000162, 12.27575874300004 ], [ 2.554008961000136, 12.279720307000105 ], [ 2.55834198000008, 12.278329849000158 ], [ 2.565249921000088, 12.279079438000053 ], [ 2.56639157800015, 12.28027880000019 ], [ 2.567198037000026, 12.281126022000137 ], [ 2.569986105000112, 12.280489922000072 ], [ 2.57249999000004, 12.281634331000191 ], [ 2.573636475000171, 12.281576635000022 ], [ 2.575731039000118, 12.281470300000024 ], [ 2.576708134000057, 12.280462184999976 ], [ 2.579530955000109, 12.277549745999977 ], [ 2.589469910000105, 12.291798592000134 ], [ 2.589933761000168, 12.292741332000162 ], [ 2.591013045000125, 12.294934886000135 ], [ 2.591822015000105, 12.296579053000187 ], [ 2.592647075000173, 12.298255920000088 ], [ 2.593083294999985, 12.298120654000115 ], [ 2.595983981000188, 12.297221184000136 ], [ 2.599302027000135, 12.298768338000059 ], [ 2.601810932000149, 12.299938202000021 ], [ 2.603090049000173, 12.298370361000082 ], [ 2.605962913000042, 12.298996928000122 ], [ 2.610130071000015, 12.299905777000106 ], [ 2.614411117000031, 12.300841331000072 ], [ 2.62050893300011, 12.298521072000028 ], [ 2.62786007, 12.295723916000043 ], [ 2.62944102299997, 12.295120240000188 ], [ 2.62966203600007, 12.295398085000159 ], [ 2.629662114999974, 12.295398185000181 ], [ 2.630575895000106, 12.296546935000038 ], [ 2.633001088000128, 12.297281265000038 ], [ 2.637904629000047, 12.29711639900006 ], [ 2.639665594000178, 12.297057192000068 ], [ 2.640460969000173, 12.297030451000069 ], [ 2.656862021000052, 12.302950860000067 ], [ 2.658632995000062, 12.303792001000147 ], [ 2.660196345000088, 12.304534825000133 ], [ 2.663261017000139, 12.305991 ], [ 2.663429976000032, 12.306071281000072 ], [ 2.664499208, 12.305902572000036 ], [ 2.668090515000074, 12.305335915000171 ], [ 2.67274999600005, 12.304600715000049 ], [ 2.678080083000054, 12.300521851000099 ], [ 2.678807333, 12.299013543000171 ], [ 2.679311038000037, 12.297968864000154 ], [ 2.679579972999989, 12.297410965000097 ], [ 2.679636894000168, 12.297379626000065 ], [ 2.680213929000047, 12.29706192000009 ], [ 2.681745085000102, 12.296221395999964 ], [ 2.683579403000181, 12.295214454000188 ], [ 2.68508005100017, 12.294390679000117 ], [ 2.684693649000167, 12.292429019000167 ], [ 2.684529539999971, 12.291595875000155 ], [ 2.68449902600014, 12.29144096400006 ], [ 2.6860098840001, 12.284320832000162 ], [ 2.684455322000076, 12.280813893000129 ], [ 2.684140923000086, 12.280104638000182 ], [ 2.686228037000092, 12.28067016600005 ], [ 2.688103916000159, 12.282731057000149 ], [ 2.695821047000152, 12.298629761000029 ], [ 2.7052710050001, 12.318100930000014 ], [ 2.709120589000122, 12.329438985000138 ], [ 2.71303087900003, 12.34095583300001 ], [ 2.71587800900005, 12.349341394000078 ], [ 2.719826818000172, 12.352356391000058 ], [ 2.723381043000188, 12.355070115000046 ], [ 2.723993973000063, 12.355929132000028 ], [ 2.7287819390001, 12.362639427000033 ], [ 2.732021880000048, 12.36227293800016 ], [ 2.732929945000137, 12.362170221000099 ], [ 2.734239841000146, 12.363757650000082 ], [ 2.735062044000074, 12.364754058000074 ], [ 2.755970000000161, 12.390091896000115 ], [ 2.775166988000137, 12.411000251000189 ], [ 2.792251110000052, 12.416508674000056 ], [ 2.794594050000114, 12.418351173000133 ], [ 2.805824041000164, 12.417421342000068 ], [ 2.819160939000028, 12.413730621000127 ], [ 2.830308499000068, 12.408527762000119 ], [ 2.832467080000072, 12.407520296000087 ], [ 2.835560082000029, 12.40694141400013 ], [ 2.838888882999981, 12.406669619000127 ], [ 2.842992068000115, 12.403461457000105 ], [ 2.844314098000098, 12.402425767000182 ], [ 2.845153094000068, 12.401769638000189 ], [ 2.845279933000143, 12.401670457000023 ], [ 2.846514942000113, 12.400429727000073 ], [ 2.846785247000184, 12.400306815000022 ], [ 2.857290983000098, 12.395529748000058 ], [ 2.862840891000076, 12.392110825000088 ], [ 2.868608951000056, 12.390277862000062 ], [ 2.871654193000097, 12.388323832000026 ], [ 2.872178588000054, 12.38798734500017 ], [ 2.872499943000093, 12.387781143000154 ], [ 2.873199204000173, 12.387044694000053 ], [ 2.873434516000088, 12.386796867000044 ], [ 2.874369761000082, 12.385811884000191 ], [ 2.877780913000095, 12.382219315000043 ], [ 2.880626223000149, 12.378664666000191 ], [ 2.880720802000042, 12.378546507000067 ], [ 2.881109952000088, 12.378060343000186 ], [ 2.882055304000176, 12.377822092000088 ], [ 2.882538980000049, 12.377700194000113 ], [ 2.884439945, 12.377221108000072 ], [ 2.88512759300005, 12.375355150000075 ], [ 2.886861086000067, 12.370651246000079 ], [ 2.887266416000045, 12.370268092000174 ], [ 2.890491009000129, 12.36721992400004 ], [ 2.904394615000115, 12.352169982000021 ], [ 2.90510961300015, 12.351396035 ], [ 2.906620980000071, 12.349760057000026 ], [ 2.906925916000034, 12.349427224000067 ], [ 2.910984889000076, 12.34613868100007 ], [ 2.914449929000057, 12.343331337000109 ], [ 2.919269664000126, 12.339046037000116 ], [ 2.921426286000042, 12.337128551999967 ], [ 2.921941042000185, 12.336670876000142 ], [ 2.922688620000088, 12.336293882 ], [ 2.923609018000036, 12.335829736000164 ], [ 2.925159129000122, 12.33547357700013 ], [ 2.927220107000096, 12.335000039000022 ], [ 2.933609962000048, 12.328060149000066 ], [ 2.935559033000118, 12.324721338000131 ], [ 2.941390991000048, 12.318327903000068 ], [ 2.944441079000171, 12.316671371000155 ], [ 2.944917714000042, 12.315964554000175 ], [ 2.951689790000103, 12.305922026000076 ], [ 2.952388632000066, 12.304885691000038 ], [ 2.953059911000082, 12.303890229000103 ], [ 2.954031199000156, 12.300174471000105 ], [ 2.954252004000011, 12.299329758000113 ], [ 2.954557317000138, 12.298980308000182 ], [ 2.95476069, 12.298747536000121 ], [ 2.958488940000109, 12.294480323000073 ], [ 2.971812964000151, 12.288941384000168 ], [ 2.97487211300006, 12.287983893999979 ], [ 2.981401921000156, 12.285940171000107 ], [ 2.983968018999974, 12.284031869000103 ], [ 2.984623909999982, 12.283543586000121 ], [ 2.988950015000114, 12.280325890000029 ], [ 2.990191936000087, 12.279400826000028 ], [ 2.993556023000167, 12.27690124500009 ], [ 2.993587970000078, 12.276613236000117 ], [ 2.9944698810001, 12.276221275000125 ], [ 2.994610730000147, 12.276158722 ], [ 3.000926971000069, 12.27335357600009 ], [ 3.009720088000108, 12.269450189000111 ], [ 3.01360988600004, 12.266388895000148 ], [ 3.019064020000144, 12.257811453000102 ], [ 3.01943993600014, 12.25722026800014 ], [ 3.019635712000024, 12.256611570000018 ], [ 3.02072248900015, 12.25323260100015 ], [ 3.021672011000021, 12.250280380000049 ], [ 3.025279046000094, 12.240831375000084 ], [ 3.025490401000127, 12.240487824000184 ], [ 3.025821384000039, 12.239949822000085 ], [ 3.029721021, 12.233611106000183 ], [ 3.033029862000149, 12.230105918000049 ], [ 3.033436712000082, 12.229674924999983 ], [ 3.034441947000175, 12.228610039000159 ], [ 3.035550666000177, 12.228297411000085 ], [ 3.036390066000024, 12.228060723 ], [ 3.039999962000081, 12.226110459000097 ], [ 3.046098948000065, 12.21976852500012 ], [ 3.050666712000179, 12.215868630000102 ], [ 3.055274575000112, 12.211934497000129 ], [ 3.058911708000039, 12.208829160000164 ], [ 3.059170008000081, 12.208608627000103 ], [ 3.059999942000047, 12.206110955000042 ], [ 3.058059931000173, 12.201668739000183 ], [ 3.059719086000086, 12.196106911000072 ], [ 3.063273230000163, 12.192472751000139 ], [ 3.0719399460001, 12.183610916000077 ], [ 3.072104627000158, 12.183499749000021 ], [ 3.072407571000156, 12.183295245000181 ], [ 3.079678382, 12.178387082000029 ], [ 3.081646919000093, 12.177058221000152 ], [ 3.082221031000188, 12.176671028000158 ], [ 3.082925370000112, 12.176538172 ], [ 3.083570958000053, 12.176416399000175 ], [ 3.09694004000005, 12.173890116000109 ], [ 3.098698757000022, 12.173261633000095 ], [ 3.100831032000144, 12.17249965700006 ], [ 3.106829203000188, 12.168141520000177 ], [ 3.106908660000101, 12.168083789000093 ], [ 3.106940984000119, 12.168060303000118 ], [ 3.113889932000063, 12.162779809000028 ], [ 3.124998094000091, 12.157501222000178 ], [ 3.125316287000032, 12.157150946000115 ], [ 3.125483163000183, 12.156967246000022 ], [ 3.127779008000118, 12.15443992600018 ], [ 3.12721800900016, 12.140277862000062 ], [ 3.133059978000119, 12.136109352000176 ], [ 3.135138125000026, 12.135020690000147 ], [ 3.143023066000069, 12.130890069000031 ], [ 3.144720077000045, 12.130001068000126 ], [ 3.154170990000125, 12.12250137400008 ], [ 3.155544390000102, 12.121655682000096 ], [ 3.162672687000054, 12.117266321000102 ], [ 3.168380591000187, 12.11375158900006 ], [ 3.168610096000066, 12.113610268 ], [ 3.175224066000169, 12.106995583000071 ], [ 3.175328971000056, 12.106890678000013 ], [ 3.176388026000041, 12.105831146000128 ], [ 3.182780980000189, 12.095280647000152 ], [ 3.185281992000171, 12.090000154000165 ], [ 3.188889027000073, 12.083608627000046 ], [ 3.194169999000053, 12.078888893000169 ], [ 3.194520239999974, 12.078631471000165 ], [ 3.19536637900012, 12.078009573000031 ], [ 3.19591559800017, 12.077605906000144 ], [ 3.198329926000099, 12.075831413000117 ], [ 3.201109887000143, 12.07332992500011 ], [ 3.204784449000044, 12.070274098000141 ], [ 3.20611095400011, 12.069170953000082 ], [ 3.207727986000179, 12.068321867000122 ], [ 3.211759222000126, 12.06620510900018 ], [ 3.211941004000039, 12.066109657000084 ], [ 3.215550929000074, 12.063824967000016 ], [ 3.220279932000096, 12.060832025000025 ], [ 3.221254372000089, 12.059675024000114 ], [ 3.224720001000037, 12.055560113000126 ], [ 3.230278969000096, 12.050278663000086 ], [ 3.230405776000168, 12.050120019000133 ], [ 3.231130695000047, 12.049213092000116 ], [ 3.232501030000151, 12.047498703000144 ], [ 3.234720944000173, 12.038331985000184 ], [ 3.238595008000061, 12.033543586000178 ], [ 3.239944971000114, 12.032436324000059 ], [ 3.240094901000077, 12.032313348000173 ], [ 3.255230903000097, 12.019901277000031 ], [ 3.261753083000087, 12.016189576000158 ], [ 3.26056599500015, 12.011599540000134 ], [ 3.258857012000021, 12.009118081000111 ], [ 3.258176031000062, 12.008129336000081 ], [ 3.252764940000077, 12.000272752000171 ], [ 3.248569011000143, 11.994180679000124 ], [ 3.250713135000069, 11.992370213000072 ], [ 3.262531042000091, 11.982391357000097 ], [ 3.268795966000084, 11.972929955000097 ], [ 3.272485971000151, 11.962559700000099 ], [ 3.275391247000186, 11.942500414000051 ], [ 3.275651932000187, 11.940700531000061 ], [ 3.27750897400017, 11.938161851000189 ], [ 3.282560111000066, 11.935549736000155 ], [ 3.283091068000033, 11.934160234000103 ], [ 3.283505499000114, 11.934143187000018 ], [ 3.283590933000085, 11.934139672000185 ], [ 3.285594940000067, 11.934057236000115 ], [ 3.291023970000026, 11.931428909000147 ], [ 3.29181790399997, 11.928750993000108 ], [ 3.2964230770001, 11.913180686000089 ], [ 3.302057983, 11.89412880000009 ], [ 3.307631971000092, 11.887660979999964 ], [ 3.317239047000044, 11.886370659000079 ], [ 3.320368714000097, 11.885949609000022 ], [ 3.321867943000086, 11.885747910000134 ], [ 3.325381995000043, 11.887800217000063 ], [ 3.336388111000133, 11.885764121000136 ], [ 3.339380979000111, 11.885210990000132 ], [ 3.340434075000019, 11.885403634000056 ], [ 3.352031946000125, 11.887539864000075 ], [ 3.365399720000084, 11.890006899000184 ], [ 3.370939970000165, 11.891029358000139 ], [ 3.379570962, 11.886721610000052 ], [ 3.383610010999973, 11.886388778000025 ], [ 3.389697074000139, 11.884363175000033 ], [ 3.393610955000042, 11.88306140800006 ], [ 3.403048040000101, 11.877499581000052 ], [ 3.408463982, 11.877169021000043 ], [ 3.408463984134638, 11.87716901986988 ], [ 3.41222000200014, 11.876939773000117 ], [ 3.415230035000036, 11.87776470100016 ], [ 3.418329953000182, 11.87860965800013 ], [ 3.426110983000058, 11.874719621000054 ], [ 3.431941033000157, 11.874999999000181 ], [ 3.441109895000125, 11.876939773000117 ], [ 3.447220087000119, 11.874999999000181 ], [ 3.461390018000088, 11.865280151000093 ], [ 3.472219943000084, 11.864721298000177 ], [ 3.481389045000014, 11.861391067000056 ], [ 3.486670018000098, 11.856940270000109 ], [ 3.488350022626145, 11.853234246442671 ], [ 3.488350027000081, 11.85323423900013 ], [ 3.489439010000069, 11.85083198600006 ], [ 3.492479085000127, 11.845708847000083 ], [ 3.493890046000104, 11.843331338000098 ], [ 3.502701044000105, 11.832368851000183 ], [ 3.509438992000184, 11.82750129700014 ], [ 3.514719010000078, 11.822780609000176 ], [ 3.514924049000058, 11.822521210000104 ], [ 3.521110058000033, 11.81471920000007 ], [ 3.520970666000039, 11.811400853000066 ], [ 3.520829916000139, 11.808050157000139 ], [ 3.519958973000087, 11.803154945000074 ], [ 3.519448041000089, 11.800278663000142 ], [ 3.520279884999979, 11.792779924000115 ], [ 3.522780895000153, 11.787779807 ], [ 3.525310038999976, 11.785831451000092 ], [ 3.52620013100011, 11.785145920000105 ], [ 3.526280887000041, 11.785083724000117 ], [ 3.526391029000081, 11.784998893000136 ], [ 3.530167103000053, 11.782561302000147 ], [ 3.532354171000179, 11.781149066000182 ], [ 3.535001040000054, 11.77943992600018 ], [ 3.541949988000056, 11.778061867000076 ], [ 3.547499896000033, 11.778330804000063 ], [ 3.553149938000161, 11.779356003000032 ], [ 3.554310446000102, 11.778765868000164 ], [ 3.558568002000129, 11.776600838000093 ], [ 3.560646056999985, 11.770159721000141 ], [ 3.559461116000136, 11.765099527000132 ], [ 3.550312995000183, 11.751340866000135 ], [ 3.548418999000148, 11.743761062000033 ], [ 3.549041905000024, 11.741157359000169 ], [ 3.549797058000024, 11.73800087 ], [ 3.550048113000116, 11.737646103000088 ], [ 3.555144071000029, 11.730400086000145 ], [ 3.559410206000166, 11.726692401000037 ], [ 3.568255902000033, 11.719004632000178 ], [ 3.568609001000027, 11.718891143000121 ], [ 3.57111001100003, 11.719722747000162 ], [ 3.577219963000175, 11.716110228000161 ], [ 3.581075195000096, 11.714952138000058 ], [ 3.581389, 11.714722 ], [ 3.581075195000096, 11.714952139000161 ], [ 3.582778931000064, 11.714440346000174 ], [ 3.588330984000152, 11.710828781000032 ], [ 3.599153995999984, 11.701271058000145 ], [ 3.601439953000067, 11.699610711 ], [ 3.605076074000067, 11.696969986999989 ], [ 3.600501060000113, 11.692332267000154 ], [ 3.600157023000122, 11.691953659000092 ], [ 3.600090980000061, 11.691823960000079 ], [ 3.597512960000131, 11.686601639000116 ], [ 3.591594934, 11.674620629000174 ], [ 3.591212034000137, 11.673298835000026 ], [ 3.590373039999974, 11.670409202000144 ], [ 3.586447953000061, 11.656685829000025 ], [ 3.586394071000029, 11.656595230000107 ], [ 3.585263013000031, 11.654779435000023 ], [ 3.578346013999976, 11.643663405999973 ], [ 3.578217983000172, 11.643384933000164 ], [ 3.571485997000025, 11.628896714000177 ], [ 3.565984012000172, 11.616988182000171 ], [ 3.565922022000166, 11.616787910000141 ], [ 3.565293074000181, 11.61474800100018 ], [ 3.561295987000165, 11.601594925000086 ], [ 3.561183929000094, 11.601078033000135 ], [ 3.556899071000146, 11.581214905000138 ], [ 3.550502061000032, 11.551561356000036 ], [ 3.54991602900003, 11.548837662999972 ], [ 3.549341917000106, 11.546177864000072 ], [ 3.549154996000027, 11.545311928000046 ], [ 3.535629987000164, 11.476379395000151 ], [ 3.529782580000131, 11.450448265000091 ], [ 3.522546054000031, 11.418356896000034 ], [ 3.5221239440001, 11.416494903000057 ], [ 3.521871090000104, 11.415379524000059 ], [ 3.516428947000065, 11.391235353000127 ], [ 3.516415569000173, 11.391176526000152 ], [ 3.516315058000146, 11.390734512 ], [ 3.513845921000041, 11.379876138000043 ], [ 3.507174969000175, 11.350529671000118 ], [ 3.503484963, 11.333386422 ], [ 3.503117155000155, 11.331676777000041 ], [ 3.500766038000052, 11.320748330000072 ], [ 3.500668049000183, 11.320182801000101 ], [ 3.496037006999984, 11.292149544999972 ], [ 3.543338061000043, 11.252478601000121 ], [ 3.543678043999989, 11.252228737000053 ], [ 3.549245239000129, 11.248394695000115 ], [ 3.550961971000049, 11.247212409000156 ], [ 3.553291082000101, 11.245103835000123 ], [ 3.553704024000183, 11.244729995000114 ], [ 3.5670940870001, 11.232617378000043 ], [ 3.578351402000067, 11.223058191 ], [ 3.580233097000075, 11.221460342000057 ], [ 3.607820036000078, 11.198064803000079 ], [ 3.626012088000039, 11.182701110000153 ], [ 3.627402067000048, 11.181541444000118 ], [ 3.642374039000174, 11.169242858000189 ], [ 3.691904069000032, 11.128158570000096 ], [ 3.699987889000113, 11.128115653 ], [ 3.708462001000157, 11.128143309000166 ], [ 3.712758065000173, 11.127946853000083 ], [ 3.717545987000165, 11.127811432000158 ], [ 3.720177479000142, 11.126641098000164 ], [ 3.720397950000176, 11.126543045000119 ], [ 3.725913048000109, 11.124091149000094 ], [ 3.727463006000107, 11.117725372000166 ], [ 3.723803042000156, 11.105867386000114 ], [ 3.719192028, 11.086663246000114 ], [ 3.720329047000064, 11.074907303000089 ], [ 3.720379114000025, 11.074768066 ], [ 3.723031998000124, 11.066308022000101 ], [ 3.72376203500005, 11.05611324400013 ], [ 3.723803042000156, 11.055550575000041 ], [ 3.721496104000096, 11.042495728000176 ], [ 3.718168973000047, 11.036745072000087 ], [ 3.717271089000178, 11.035196304000181 ], [ 3.717246055000032, 11.034834862000139 ], [ 3.717236042000025, 11.034687043000076 ], [ 3.717133876999981, 11.03153117100004 ], [ 3.716901064000183, 11.024339676000011 ], [ 3.718972921000102, 11.023191452000049 ], [ 3.725336073999983, 11.02252102000017 ], [ 3.727096082000116, 11.021986008000169 ], [ 3.734173060000046, 11.01983642700003 ], [ 3.739093067000056, 11.017430306000165 ], [ 3.745392616000174, 11.014348688999974 ], [ 3.751455068000155, 11.011383056 ], [ 3.754888001000097, 11.005334049 ], [ 3.759521008000149, 10.997170449000123 ], [ 3.766935111000123, 10.960289002000025 ], [ 3.767131090000078, 10.954964637000103 ], [ 3.767201901000021, 10.953001023000184 ], [ 3.767556905000049, 10.950784684000041 ], [ 3.771224976999974, 10.930769921000035 ], [ 3.77117705400002, 10.919041634000109 ], [ 3.769769906000136, 10.905986787000074 ], [ 3.769123078000064, 10.898076059000118 ], [ 3.76553988500018, 10.886656761000154 ], [ 3.762989998000137, 10.878483773000141 ], [ 3.755295993000061, 10.856979370000147 ], [ 3.749528885000018, 10.838597299000071 ], [ 3.749191999000061, 10.837521554000148 ], [ 3.749193907, 10.837391853000156 ], [ 3.749522925000065, 10.825161934000107 ], [ 3.749533893000091, 10.824714660999973 ], [ 3.752223014000094, 10.815880775000039 ], [ 3.754359007000176, 10.813533782000093 ], [ 3.756063939, 10.81165790700004 ], [ 3.757091999000181, 10.80971431800009 ], [ 3.757940054000073, 10.808112145000109 ], [ 3.759521008000149, 10.805128098000068 ], [ 3.762691974000177, 10.798789979000105 ], [ 3.7669849400001, 10.792537689000028 ], [ 3.772195100000033, 10.785154342000112 ], [ 3.772490024000149, 10.784547806000035 ], [ 3.777574062000156, 10.774016380000148 ], [ 3.781665086000032, 10.762964250000152 ], [ 3.785164118000182, 10.753521920000139 ], [ 3.785305024000138, 10.753307343000074 ], [ 3.797512054000094, 10.73518180800005 ], [ 3.805527926000082, 10.728858947000106 ], [ 3.812689065000086, 10.723209382000107 ], [ 3.833105087000149, 10.712312699000108 ], [ 3.84098005300018, 10.704918862 ], [ 3.843950032000123, 10.69294929400013 ], [ 3.844363929, 10.686986923 ], [ 3.845172882000099, 10.678379059000122 ], [ 3.845941068000059, 10.671080589000042 ], [ 3.847019911000018, 10.668922424000073 ], [ 3.848021983000024, 10.667651176000049 ], [ 3.849006892000034, 10.649930001000087 ], [ 3.848838091, 10.649916650000137 ], [ 3.849431039000081, 10.642274857000132 ], [ 3.850500107000073, 10.623065949000079 ], [ 3.851037979000125, 10.613380433000032 ], [ 3.85170102100011, 10.605790138000032 ], [ 3.851296901000069, 10.602466584000013 ], [ 3.851317882000103, 10.601945877000048 ], [ 3.851151942000058, 10.601249695000149 ], [ 3.850975991000155, 10.599809647000029 ], [ 3.848371029000077, 10.588789941000073 ], [ 3.837810576000038, 10.575958122000145 ], [ 3.831779004000111, 10.568629266000016 ], [ 3.83102149400014, 10.566764574000103 ], [ 3.826174974000082, 10.554834367000012 ], [ 3.823299012000177, 10.547071967000079 ], [ 3.82328009600019, 10.547020913000154 ], [ 3.820453881000049, 10.540755272000126 ], [ 3.819996119000166, 10.539736747000177 ], [ 3.819768878000104, 10.539207443000066 ], [ 3.814867975000027, 10.527791977000049 ], [ 3.80616402600009, 10.502999306000106 ], [ 3.801701071000082, 10.487792968000122 ], [ 3.801035882000178, 10.485305787000129 ], [ 3.801038027000061, 10.48518085600017 ], [ 3.802155019000111, 10.455224037 ], [ 3.800618888000145, 10.448310852000077 ], [ 3.799603940000168, 10.444935800000053 ], [ 3.797755957000106, 10.43877983100009 ], [ 3.787142313000174, 10.408616802000097 ], [ 3.786003112000174, 10.405379296000092 ], [ 3.77557301500002, 10.410720826000102 ], [ 3.771973365000122, 10.413646784999969 ], [ 3.771895907999976, 10.413709746000109 ], [ 3.773849978000044, 10.417811980000067 ], [ 3.778058, 10.426646 ], [ 3.779216, 10.447995 ], [ 3.789834, 10.492862999000124 ], [ 3.808751, 10.536614000000156 ], [ 3.813261, 10.55472499900003 ], [ 3.832242, 10.588362999000083 ], [ 3.826353001000143, 10.649392 ], [ 3.822927000000107, 10.688916 ], [ 3.826353, 10.649392 ], [ 3.822225000000117, 10.646644 ], [ 3.815595, 10.648855 ], [ 3.808962000000179, 10.649971 ], [ 3.796787000000165, 10.647825 ], [ 3.783504000000164, 10.645133000000101 ], [ 3.76911, 10.641352 ], [ 3.761362, 10.639735 ], [ 3.752507000000151, 10.638124000000175 ], [ 3.736470000000168, 10.638721 ], [ 3.727067, 10.638751000000184 ], [ 3.712673000000109, 10.634419 ], [ 3.707702, 10.636623000000156 ], [ 3.697199000000182, 10.638298000000191 ], [ 3.683363, 10.635604 ], [ 3.677273000000127, 10.633432 ], [ 3.650718000000154, 10.631323 ], [ 3.638541, 10.628076000000135 ], [ 3.627480000000162, 10.628108000000111 ], [ 3.614754, 10.626502 ], [ 3.605347000000108, 10.624887 ], [ 3.593179, 10.624920000000145 ], [ 3.579897, 10.621673 ], [ 3.568287000000112, 10.623345 ], [ 3.558326, 10.621183 ], [ 3.54616, 10.621761 ], [ 3.534542000000101, 10.620698 ], [ 3.530665000000113, 10.618519 ], [ 3.51734, 10.615858000000117 ], [ 3.501894000000107, 10.613666000000137 ], [ 3.500509, 10.613498000000106 ], [ 3.492161000000181, 10.613427 ], [ 3.486216000000184, 10.610875000000135 ], [ 3.485294000000124, 10.610422000000142 ], [ 3.476441, 10.608802 ], [ 3.474172000000181, 10.608006 ], [ 3.466483, 10.60531 ], [ 3.460943, 10.603367000000105 ], [ 3.449882, 10.603393 ], [ 3.438815, 10.600681 ], [ 3.428853000000174, 10.597968000000151 ], [ 3.422213, 10.596341000000166 ], [ 3.416681, 10.595259000000169 ], [ 3.404517000000112, 10.596926 ], [ 3.396762, 10.590924000000143 ], [ 3.386241000000155, 10.584380000000124 ], [ 3.379055000000164, 10.586036 ], [ 3.3696470000001, 10.582772000000148 ], [ 3.359689, 10.580603 ], [ 3.34752, 10.579533 ], [ 3.340881000000138, 10.577904 ], [ 3.328617, 10.575762000000111 ], [ 3.325391000000138, 10.575198000000171 ], [ 3.318197000000168, 10.57247400000017 ], [ 3.316066, 10.572027000000162 ], [ 3.314119, 10.571618 ], [ 3.310452, 10.570848000000126 ], [ 3.303263000000186, 10.57086100000015 ], [ 3.291647, 10.56924 ], [ 3.281689, 10.567069 ], [ 3.268966000000148, 10.564355 ], [ 3.25789900000018, 10.559996000000183 ], [ 3.251811, 10.55727 ], [ 3.241850000000113, 10.55291 ], [ 3.235763, 10.550183 ], [ 3.229682000000139, 10.550740000000133 ], [ 3.213646, 10.550764000000129 ], [ 3.210321000000135, 10.546392 ], [ 3.207963, 10.545768000000123 ], [ 3.195939000000124, 10.542584 ], [ 3.189859000000126, 10.543055 ], [ 3.188751000000138, 10.543141 ], [ 3.184034000000111, 10.541593 ], [ 3.182673000000136, 10.54114600000014 ], [ 3.175474, 10.53878200000014 ], [ 3.166074, 10.538795000000164 ], [ 3.153937000000155, 10.541000000000167 ], [ 3.142321, 10.541562000000113 ], [ 3.139535, 10.541019000000119 ], [ 3.132372, 10.541028000000153 ], [ 3.125715, 10.538303 ], [ 3.11466600000017, 10.539953 ], [ 3.10448, 10.537895000000105 ], [ 3.078707000000122, 10.537808 ], [ 3.062122000000102, 10.54110900000012 ], [ 3.047745, 10.541123 ], [ 3.03945, 10.540037 ], [ 3.021756, 10.540053000000114 ], [ 3.014566000000116, 10.538965000000189 ], [ 3.001849, 10.539524 ], [ 2.993551, 10.535153 ], [ 2.97696400000018, 10.536261 ], [ 2.963141000000121, 10.537366 ], [ 2.954294000000118, 10.537919000000159 ], [ 2.937155000000132, 10.540667000000155 ], [ 2.928307, 10.539577000000179 ], [ 2.906740000000127, 10.536854000000119 ], [ 2.896786, 10.5352180000001 ], [ 2.889598, 10.535768000000132 ], [ 2.87301100000019, 10.537417000000175 ], [ 2.866928000000144, 10.536873 ], [ 2.860846000000151, 10.537422 ], [ 2.852002, 10.544539 ], [ 2.845922, 10.553296 ], [ 2.837079, 10.565884 ], [ 2.829340000000116, 10.574093 ], [ 2.824918, 10.581756 ], [ 2.814412000000118, 10.586135 ], [ 2.796161, 10.586139000000173 ], [ 2.780123, 10.582859 ], [ 2.772933, 10.579576 ], [ 2.764638000000105, 10.578483000000176 ], [ 2.760214000000133, 10.577937000000134 ], [ 2.748048, 10.57410700000014 ], [ 2.740305, 10.569731 ], [ 2.735776000000158, 10.569551000000104 ], [ 2.726480000000151, 10.569182000000126 ], [ 2.715974, 10.5680890000001 ] ] ] ] } },
{ "type": "Feature", "properties": { "fid": 2, "GID_1": "BEN.2_1", "GID_0": "BEN", "COUNTRY": "Benin", "NAME_1": "Atakora", "VARNAME_1": "NA", "NL_NAME_1": "NA", "TYPE_1": "Département", "ENGTYPE_1": "Department", "CC_1": "NA", "HASC_1": "BJ.AK", "ISO_1": "BJ-AK" }, "geometry": { "type": "MultiPolygon", "coordinates": [ [ [ [ 1.366372235000028, 9.993397295000022 ], [ 1.366329658000154, 9.995088212000041 ], [ 1.366149000000121, 10.002263 ], [ 1.365115001000106, 10.003276998999979 ], [ 1.364112999000156, 10.012135 ], [ 1.341565001000049, 10.024984 ], [ 1.313663999000028, 10.040878999000086 ], [ 1.310982001000184, 10.042406 ], [ 1.303053357000181, 10.046919109000157 ], [ 1.203182850000189, 10.103766974000052 ], [ 1.157397001000049, 10.129829000000143 ], [ 1.134927001000165, 10.142609000999983 ], [ 1.028614660000073, 10.203026468000019 ], [ 1.001665001000049, 10.218342000000177 ], [ 0.99999, 10.220018001000028 ], [ 0.998681183999963, 10.218054979000158 ], [ 0.996769001000132, 10.215187 ], [ 0.993955, 10.217538999000055 ], [ 0.956403673000182, 10.248909710000021 ], [ 0.954366000000107, 10.25061200000016 ], [ 0.9528110010001, 10.25143199900009 ], [ 0.953016001000037, 10.251986001000091 ], [ 0.937589001000106, 10.263824999000178 ], [ 0.908831422, 10.284768123000163 ], [ 0.901657, 10.289993 ], [ 0.888980095000022, 10.299225094000064 ], [ 0.885073038000144, 10.302070450000087 ], [ 0.885073038242262, 10.302070450551932 ], [ 0.871573001, 10.311901999000099 ], [ 0.859734, 10.320871000000125 ], [ 0.851533784000083, 10.327741269000057 ], [ 0.846459000000152, 10.331993001000114 ], [ 0.839283, 10.33881 ], [ 0.823496999000156, 10.351007999000103 ], [ 0.779386914000099, 10.381595733000154 ], [ 0.777648588000147, 10.382801160000156 ], [ 0.777346474000183, 10.383010658000103 ], [ 0.774549218000061, 10.384950389000096 ], [ 0.774345001000086, 10.385092000000157 ], [ 0.775062001000094, 10.392985 ], [ 0.775414774000069, 10.39562933000019 ], [ 0.775780000000111, 10.398367001000111 ], [ 0.775717843000166, 10.399547289000111 ], [ 0.775700999000037, 10.399867131000065 ], [ 0.775421, 10.405184 ], [ 0.774702999000056, 10.412001000000146 ], [ 0.775421, 10.419535001000099 ], [ 0.777932999000143, 10.443214 ], [ 0.777527, 10.443503998999972 ], [ 0.778470999000092, 10.444111001000124 ], [ 0.778470999000092, 10.448774999000022 ], [ 0.781340999000065, 10.473890000000154 ], [ 0.781172, 10.474239001000171 ], [ 0.781340999000065, 10.474248000000102 ], [ 0.78241700000018, 10.483576999000093 ], [ 0.783135, 10.494699 ], [ 0.782355996000092, 10.497036734000062 ], [ 0.782100566000111, 10.497803257000157 ], [ 0.782087502000081, 10.49784246300004 ], [ 0.782059001000107, 10.497928 ], [ 0.782417002000159, 10.502592000000163 ], [ 0.782640643000093, 10.504678077 ], [ 0.783193352000069, 10.50983362900007 ], [ 0.783493283000155, 10.512631321000129 ], [ 0.784891415000175, 10.515048408000155 ], [ 0.787173704000111, 10.518994022000129 ], [ 0.787320833000081, 10.519248159000085 ], [ 0.787440001, 10.519454000000167 ], [ 0.78826409800007, 10.522544608000089 ], [ 0.788982476000172, 10.525238728999966 ], [ 0.791745001000038, 10.535598999000115 ], [ 0.79309477400011, 10.538866808000023 ], [ 0.797176358000115, 10.548748351000086 ], [ 0.798562001000107, 10.552103000999978 ], [ 0.80143200100008, 10.558920001000047 ], [ 0.805020001000116, 10.573988999000051 ], [ 0.806454998999982, 10.581163999000012 ], [ 0.807065866000187, 10.589711021000028 ], [ 0.807173000000148, 10.591209999000114 ], [ 0.807890000000157, 10.604842999000084 ], [ 0.807914627000173, 10.605027600000028 ], [ 0.808608001000152, 10.610225000000185 ], [ 0.808156001000043, 10.614590001000124 ], [ 0.808233021000035, 10.615308795999965 ], [ 0.809121, 10.60933 ], [ 0.808233022000138, 10.61530879500009 ], [ 0.809338, 10.625621001000127 ], [ 0.809811001000014, 10.640289 ], [ 0.810138604000031, 10.645690824000098 ], [ 0.810758000000135, 10.65590400100001 ], [ 0.811231001000124, 10.663474001 ], [ 0.811482667000121, 10.669012782000095 ], [ 0.811703999000144, 10.673884000000101 ], [ 0.812051000000167, 10.680302000000154 ], [ 0.812650002000169, 10.691390999000077 ], [ 0.813597000000186, 10.697069000000113 ], [ 0.815016000000185, 10.704639000000157 ], [ 0.819748, 10.710789999000042 ], [ 0.823533001000101, 10.719307000000185 ], [ 0.825426001000096, 10.727351000000112 ], [ 0.827276385000062, 10.73207995000007 ], [ 0.829684001000146, 10.738233 ], [ 0.83678100200018, 10.754794 ], [ 0.840567001000181, 10.758578999000122 ], [ 0.841837063000071, 10.760484495000071 ], [ 0.842211850000126, 10.761046795000027 ], [ 0.845297999000081, 10.765677 ], [ 0.851923002000149, 10.775612998999975 ], [ 0.868009999000094, 10.795013001000029 ], [ 0.869430001000183, 10.797852 ], [ 0.873688000000129, 10.806368000000134 ], [ 0.87747299900002, 10.825295000000153 ], [ 0.877371, 10.825325000000134 ], [ 0.879582002000177, 10.837562000999981 ], [ 0.88109755500011, 10.846907215000158 ], [ 0.881399001000148, 10.848766 ], [ 0.883519000000149, 10.856942 ], [ 0.885033, 10.861484000000189 ], [ 0.893586464, 10.875301426000021 ], [ 0.900780000000168, 10.886921999000037 ], [ 0.898054001000105, 10.893885998000087 ], [ 0.895871407000186, 10.899864393000144 ], [ 0.893887869000025, 10.905297551000046 ], [ 0.893230791000178, 10.907097368000052 ], [ 0.891089, 10.912963999000056 ], [ 0.890771514000164, 10.915505286999974 ], [ 0.890717830000028, 10.915934997000022 ], [ 0.890181001000087, 10.920232 ], [ 0.899568, 10.944760999000152 ], [ 0.899690957000189, 10.946665606000124 ], [ 0.899790628000176, 10.948209519000045 ], [ 0.900174000000106, 10.954148001000021 ], [ 0.906533, 10.972923000000151 ], [ 0.912287001000038, 10.996542999000042 ], [ 0.912175531000059, 10.996536979999973 ], [ 0.917907656000125, 11.009318352000093 ], [ 0.921402222000097, 11.017110615000092 ], [ 0.921402233000151, 11.01711063800019 ], [ 0.921563984000159, 11.017471313999977 ], [ 0.939915058000054, 11.030634455000097 ], [ 0.939915992000181, 11.030635125000174 ], [ 0.943574548000186, 11.033259391000058 ], [ 0.944510056000126, 11.033930105000138 ], [ 0.944510283000056, 11.033930268000063 ], [ 0.94451099600002, 11.033930780000105 ], [ 0.947937908000085, 11.035420417000182 ], [ 0.948293839000144, 11.03557512499998 ], [ 0.948876979000033, 11.035828590000108 ], [ 0.950085745000081, 11.036998868000126 ], [ 0.955348806000075, 11.042094347000102 ], [ 0.957807402000071, 11.044474657000023 ], [ 0.958045300000038, 11.044598900000096 ], [ 0.958571, 11.04474629900011 ], [ 0.959279100000174, 11.045009599000082 ], [ 0.958571, 11.044746300000043 ], [ 0.958045299000162, 11.044598900000096 ], [ 0.957807402000071, 11.044474658000127 ], [ 0.962966980000147, 11.04946994800008 ], [ 0.962885798000173, 11.050241471000049 ], [ 0.962724986000183, 11.051769256000057 ], [ 0.965051532000132, 11.052001954000161 ], [ 0.965770721000013, 11.052887916000088 ], [ 0.969918012000051, 11.0580005650001 ], [ 0.970461786000101, 11.060546875000057 ], [ 0.971292972000128, 11.064438820000134 ], [ 0.970433236000076, 11.071658135000177 ], [ 0.970089021000092, 11.074548721000042 ], [ 0.970359744, 11.075670243000104 ], [ 0.971924007000041, 11.082150459000047 ], [ 0.977254986000162, 11.08883953000003 ], [ 0.977909804000149, 11.089598655999964 ], [ 0.978645027000141, 11.090451241000096 ], [ 0.980964841000059, 11.090634347000162 ], [ 0.981670618000123, 11.090689659000077 ], [ 0.98293003200007, 11.089792611000121 ], [ 0.983762648000038, 11.0891995610001 ], [ 0.984239995000166, 11.088859559000014 ], [ 0.989162266000051, 11.080370904000119 ], [ 0.993409217000135, 11.082631112000115 ], [ 0.999154985000189, 11.085689546000026 ], [ 1.009170055000027, 11.085728645000131 ], [ 1.012925503000019, 11.083560740000109 ], [ 1.013134957000148, 11.08343982700012 ], [ 1.013922334000029, 11.082450866000102 ], [ 1.013961648000077, 11.082401472000072 ], [ 1.014351963000138, 11.081911088000027 ], [ 1.015461139000081, 11.080510618000119 ], [ 1.016410946000065, 11.079311371000131 ], [ 1.017896533000112, 11.07508182600003 ], [ 1.02205598300003, 11.06324005100015 ], [ 1.029778004000093, 11.052680969000107 ], [ 1.029783568000028, 11.052677657 ], [ 1.030127167000103, 11.052473070000076 ], [ 1.035143018000042, 11.049481391000029 ], [ 1.043059945000095, 11.049050331999979 ], [ 1.046970963000035, 11.050791740000022 ], [ 1.064913035000075, 11.05877971700005 ], [ 1.065751316000046, 11.058823586000074 ], [ 1.069568992000086, 11.059021951000034 ], [ 1.070399881000185, 11.058129311000073 ], [ 1.074476004000189, 11.053750039000079 ], [ 1.084728002000077, 11.051710127999968 ], [ 1.086168410000084, 11.051031114000125 ], [ 1.091024995000168, 11.048740387 ], [ 1.100129961000164, 11.041640281000184 ], [ 1.102337717000069, 11.039170265000109 ], [ 1.102635292000059, 11.038837461000071 ], [ 1.103059508000172, 11.038363021000066 ], [ 1.109366730000147, 11.031309095000154 ], [ 1.110177637000163, 11.030402185000071 ], [ 1.110513166000146, 11.03086928700003 ], [ 1.111265931000162, 11.031917237000016 ], [ 1.112892335000083, 11.034181409000155 ], [ 1.113378167000121, 11.034857751000118 ], [ 1.113752064000096, 11.035378163000019 ], [ 1.115779041, 11.038199425000073 ], [ 1.115929007000148, 11.03841304700012 ], [ 1.1159697760001, 11.038471223000158 ], [ 1.115262985000129, 11.041231155999981 ], [ 1.10989201100017, 11.046270371000105 ], [ 1.099614976999987, 11.056580544000099 ], [ 1.099749208, 11.060312271000043 ], [ 1.099830031000067, 11.062560082000118 ], [ 1.097710013000153, 11.064720155000032 ], [ 1.093520044000115, 11.068980218000036 ], [ 1.096515058000136, 11.078418732000102 ], [ 1.095785974000023, 11.079939843999966 ], [ 1.092998982000154, 11.085769655000149 ], [ 1.091557860000137, 11.086676599000043 ], [ 1.088222578, 11.088774712000031 ], [ 1.086464047999982, 11.089880944000072 ], [ 1.086459993000119, 11.091114044000108 ], [ 1.086458878000087, 11.091454234000025 ], [ 1.086454988000128, 11.092640876000189 ], [ 1.090157031000103, 11.0997819910001 ], [ 1.087749958000188, 11.10204410700004 ], [ 1.084550024000066, 11.105051040000092 ], [ 1.086619019000125, 11.113340378000089 ], [ 1.085620163999977, 11.114582063000057 ], [ 1.083112001000018, 11.117699624000181 ], [ 1.081870913000046, 11.117986679000012 ], [ 1.07822001, 11.11882972900014 ], [ 1.073766946000148, 11.125939369999969 ], [ 1.067234992000067, 11.128911018 ], [ 1.066722156000083, 11.127718926000171 ], [ 1.066542030000107, 11.127300263000052 ], [ 1.067108751000035, 11.125955583000177 ], [ 1.068186043000139, 11.123399735000078 ], [ 1.064744103000123, 11.118837537000104 ], [ 1.064707994000059, 11.118789674000141 ], [ 1.060047031000124, 11.119689941000104 ], [ 1.058145743000068, 11.121105888000102 ], [ 1.053277968000089, 11.124731066000038 ], [ 1.053226580000057, 11.124796521 ], [ 1.053083026000081, 11.124979371000052 ], [ 1.050938964000181, 11.127710342000171 ], [ 1.052871274000154, 11.129872563000106 ], [ 1.053208947000144, 11.130250414000159 ], [ 1.054473424000037, 11.131665339999984 ], [ 1.054648041000178, 11.131860733999986 ], [ 1.0545750120001, 11.132153848000087 ], [ 1.054531112000177, 11.132330050000121 ], [ 1.054424681000171, 11.132757223 ], [ 1.052760004000049, 11.13943862900004 ], [ 1.055541039000161, 11.14313125700005 ], [ 1.056626612, 11.143698076000135 ], [ 1.059805760000188, 11.145358030000182 ], [ 1.06042504300018, 11.145681382000078 ], [ 1.062543272000028, 11.145655633 ], [ 1.091401100000098, 11.145310402000121 ], [ 1.09209978500013, 11.145572664000156 ], [ 1.094038011000066, 11.146301271000141 ], [ 1.096987008000099, 11.147401811000066 ], [ 1.110764146000122, 11.164942742000051 ], [ 1.111830950000126, 11.166300776000128 ], [ 1.118335961000184, 11.171610833000102 ], [ 1.125319004, 11.173240663000115 ], [ 1.141157031000148, 11.173740387000066 ], [ 1.144232511000041, 11.168556213000159 ], [ 1.14701199600006, 11.163870811000095 ], [ 1.149711435000086, 11.161936192000155 ], [ 1.150513051000132, 11.161361695000096 ], [ 1.151373983000155, 11.161326410000129 ], [ 1.155869007999968, 11.161141397 ], [ 1.159026981000068, 11.163581848000035 ], [ 1.159645915000112, 11.164056778000088 ], [ 1.160053014000141, 11.164369584000042 ], [ 1.155143977000137, 11.169880869000167 ], [ 1.152642727000114, 11.172944069000096 ], [ 1.150467037000055, 11.175608637000153 ], [ 1.15254795400017, 11.181369782000104 ], [ 1.149729012000023, 11.18894100100016 ], [ 1.150481701000047, 11.191511154000068 ], [ 1.152492999000174, 11.198378563000119 ], [ 1.149814136000145, 11.201630505000082 ], [ 1.148520946000076, 11.203200341000127 ], [ 1.151336740000147, 11.207284939000033 ], [ 1.151533962000144, 11.207571030000167 ], [ 1.151531793000061, 11.207574342999976 ], [ 1.151177254000118, 11.208116032000135 ], [ 1.150225044000024, 11.209570885000176 ], [ 1.149428009000076, 11.210788727000022 ], [ 1.150165833000187, 11.211765628000137 ], [ 1.150413878000165, 11.212094047000051 ], [ 1.154176831000029, 11.217076302000066 ], [ 1.15569102600017, 11.219080926000174 ], [ 1.155838252000137, 11.220114710000075 ], [ 1.15638005600016, 11.223919869000099 ], [ 1.153568983000184, 11.227588654000158 ], [ 1.143306016000054, 11.231240274000129 ], [ 1.136297941000066, 11.236961367 ], [ 1.132180435000123, 11.245288214000027 ], [ 1.131369926000104, 11.246927308000068 ], [ 1.130468926000162, 11.248749403000147 ], [ 1.129029035000144, 11.25166130000008 ], [ 1.129245996000066, 11.256490709000104 ], [ 1.131768377000128, 11.259803352000176 ], [ 1.132625644000086, 11.260929198000099 ], [ 1.134926797000162, 11.263951301000077 ], [ 1.136440993, 11.265939712000034 ], [ 1.138722777000169, 11.267731665999975 ], [ 1.139982858000053, 11.268721425000081 ], [ 1.142017961000136, 11.270319939 ], [ 1.142374516000075, 11.270349504000023 ], [ 1.147842527000137, 11.270798684000113 ], [ 1.152740002000087, 11.268050193000136 ], [ 1.155220915000086, 11.265532770000107 ], [ 1.159520029000021, 11.261170389000029 ], [ 1.168612958000153, 11.26074123300009 ], [ 1.170780663000187, 11.261175589000118 ], [ 1.173696040000095, 11.261759759000142 ], [ 1.176761031000126, 11.262371065000082 ], [ 1.179422737000095, 11.261960983999984 ], [ 1.181190014000038, 11.261689188000048 ], [ 1.183777928000097, 11.259754182 ], [ 1.185160041000131, 11.258720398000094 ], [ 1.190984963000176, 11.258501052999975 ], [ 1.198436023000113, 11.260590554000146 ], [ 1.206125973999974, 11.260841371000026 ], [ 1.211958051000181, 11.258330345000047 ], [ 1.215004802000124, 11.258850097000106 ], [ 1.222902057999988, 11.260198593000098 ], [ 1.228032947000088, 11.259288788000049 ], [ 1.231948137000188, 11.25663948100015 ], [ 1.242056012000148, 11.249800684000149 ], [ 1.24487006600009, 11.247898101000033 ], [ 1.248342036000111, 11.245551109000189 ], [ 1.252070308000043, 11.245320321000065 ], [ 1.25340914700007, 11.24675846100007 ], [ 1.254635415999985, 11.248076259000015 ], [ 1.259390744000029, 11.253186519999986 ], [ 1.260434985000188, 11.254308701000014 ], [ 1.265779715000065, 11.25650655600009 ], [ 1.266126155000165, 11.256649018000132 ], [ 1.27393496100018, 11.259860992000142 ], [ 1.274403261000032, 11.260744726999974 ], [ 1.275365920000183, 11.262561370000128 ], [ 1.276010988999985, 11.263778689000048 ], [ 1.27625298300012, 11.264240265000012 ], [ 1.273432969000055, 11.273658753 ], [ 1.274106026000027, 11.283320426000159 ], [ 1.272081850000063, 11.287146569000129 ], [ 1.270825981000144, 11.289520264000146 ], [ 1.270475746000045, 11.289552689000061 ], [ 1.265930056000172, 11.289971354000158 ], [ 1.263602972000172, 11.288351059000092 ], [ 1.263742923000109, 11.28688812300004 ], [ 1.263844968000114, 11.285820962000116 ], [ 1.269454003000135, 11.280091286000129 ], [ 1.268037081000159, 11.278214454000135 ], [ 1.267383477000067, 11.277348818000064 ], [ 1.26666605500003, 11.276398659000051 ], [ 1.26177096300006, 11.277079583000102 ], [ 1.261036039000146, 11.277897835000147 ], [ 1.258265972, 11.280982019000021 ], [ 1.254750014000081, 11.289939881000123 ], [ 1.254956006000043, 11.297988891000159 ], [ 1.253668904000165, 11.302287102000093 ], [ 1.253041982000127, 11.304380418000051 ], [ 1.252132059000076, 11.3074111950001 ], [ 1.252371310000058, 11.309823036000068 ], [ 1.252588033000166, 11.312007905000144 ], [ 1.254538774000025, 11.31603050200016 ], [ 1.255601049000063, 11.318221092000044 ], [ 1.259088040000165, 11.320989609000037 ], [ 1.260254980000127, 11.321033478000061 ], [ 1.263033269, 11.321136788000047 ], [ 1.265846013000044, 11.321241378000025 ], [ 1.268028974000117, 11.320226670000068 ], [ 1.274713992000045, 11.317119600000012 ], [ 1.27959501800018, 11.313011170000095 ], [ 1.282889008000041, 11.310238838000032 ], [ 1.290390014000025, 11.293238642000119 ], [ 1.299734472000125, 11.292112352 ], [ 1.301580070000057, 11.291890145000025 ], [ 1.302173495000034, 11.294318200000077 ], [ 1.302587967000022, 11.296016564000126 ], [ 1.303657651000094, 11.300399781000124 ], [ 1.307372974000089, 11.300987719000091 ], [ 1.307384722000165, 11.300989577000109 ], [ 1.307400107000092, 11.300992013000098 ], [ 1.308080553000082, 11.301099778000037 ], [ 1.311579942000037, 11.299269676000165 ], [ 1.313023567000187, 11.296116828000038 ], [ 1.314628957000139, 11.292610169000113 ], [ 1.317171691, 11.291948319000028 ], [ 1.325120329000072, 11.289879800000051 ], [ 1.326584814, 11.290913582000144 ], [ 1.326750993000189, 11.291030885000168 ], [ 1.327288985000109, 11.292206765000117 ], [ 1.329177085000026, 11.296333329000106 ], [ 1.33138501500008, 11.301158905000079 ], [ 1.336165919000052, 11.30400110100004 ], [ 1.338368057000025, 11.305310250000105 ], [ 1.338854672000025, 11.305837293000081 ], [ 1.339038134000134, 11.306035996000105 ], [ 1.34092497600011, 11.308078767000097 ], [ 1.340919972000052, 11.309866905999968 ], [ 1.340916036000067, 11.311289787000021 ], [ 1.334736942000063, 11.319540979000067 ], [ 1.331797003000077, 11.323460579000027 ], [ 1.33192515200011, 11.328256607000014 ], [ 1.332012056, 11.331510544000025 ], [ 1.326411962000122, 11.334719657000107 ], [ 1.322933155000158, 11.343171686000176 ], [ 1.320549965000112, 11.348961830000178 ], [ 1.320740699000112, 11.349646569000072 ], [ 1.321702957000127, 11.353100776000133 ], [ 1.319381953000118, 11.356800079000038 ], [ 1.317957998000168, 11.35906982500012 ], [ 1.32004797400009, 11.362759591000042 ], [ 1.323307992000139, 11.363682747000041 ], [ 1.325834084000064, 11.363395693000086 ], [ 1.335199952000153, 11.362331392000044 ], [ 1.336949233000041, 11.362860575000013 ], [ 1.338753938000082, 11.363406526000176 ], [ 1.340556025000069, 11.363951683999971 ], [ 1.341097629999979, 11.364387909000129 ], [ 1.344196837000027, 11.366884101000039 ], [ 1.344279885000162, 11.366950991000067 ], [ 1.344163298000183, 11.367744447000177 ], [ 1.344051433000061, 11.368505414000026 ], [ 1.34356999400012, 11.371780396000077 ], [ 1.35193800900015, 11.381448747000036 ], [ 1.351463079000098, 11.384336471999973 ], [ 1.350991964000116, 11.387201309000147 ], [ 1.351948739000136, 11.388306618 ], [ 1.353780032000031, 11.390421867000157 ], [ 1.356811047000122, 11.39020061500014 ], [ 1.358250976000136, 11.387379647000159 ], [ 1.35938894700007, 11.385149955000031 ], [ 1.35964449700009, 11.385104131000162 ], [ 1.359952688000078, 11.385048866000147 ], [ 1.361951232000081, 11.384690286000136 ], [ 1.371348011000123, 11.389549652000028 ], [ 1.372663975000137, 11.390230178000024 ], [ 1.37496590700016, 11.396686553000166 ], [ 1.375210046, 11.397371293000162 ], [ 1.384358785000188, 11.398836121000045 ], [ 1.385154740000019, 11.398963563000109 ], [ 1.387524364000171, 11.399342970000134 ], [ 1.388260245000026, 11.399460794000106 ], [ 1.389561534000165, 11.401264191 ], [ 1.390588044000026, 11.402689934000136 ], [ 1.389878988000135, 11.406590462000111 ], [ 1.38980424500005, 11.406625749000057 ], [ 1.385380030000022, 11.408720971000093 ], [ 1.384889602000158, 11.408951760000093 ], [ 1.383576988000073, 11.409568788000115 ], [ 1.383272408000096, 11.412222862000021 ], [ 1.382863998000062, 11.415781975000073 ], [ 1.381665069000064, 11.41876343600012 ], [ 1.381043912000109, 11.42030811300009 ], [ 1.379816055, 11.423361778000071 ], [ 1.384436011000162, 11.4422311780001 ], [ 1.388548662000176, 11.44454399500006 ], [ 1.390173589000085, 11.445457800000099 ], [ 1.391896988000099, 11.446426981000059 ], [ 1.393596448000039, 11.4473827 ], [ 1.393999510000185, 11.44760936900019 ], [ 1.395546265000178, 11.448479212000109 ], [ 1.400056243000108, 11.451015472 ], [ 1.40330099900018, 11.452839852000182 ], [ 1.403893178000089, 11.453026326000156 ], [ 1.404085397000074, 11.453086855000095 ], [ 1.405130925000094, 11.453415421000102 ], [ 1.407343487000162, 11.454110739000043 ], [ 1.407727003000105, 11.454231262000178 ], [ 1.409685845000183, 11.453407189000131 ], [ 1.41072721300003, 11.452969091000114 ], [ 1.412909150000132, 11.452051163000021 ], [ 1.414263009000024, 11.451481819000151 ], [ 1.415434210000171, 11.45170388300005 ], [ 1.419157027000097, 11.452409744000079 ], [ 1.421612263000043, 11.455211641 ], [ 1.421645045000105, 11.455248833999974 ], [ 1.421658743000137, 11.455264459000148 ], [ 1.421837010000047, 11.455467783000074 ], [ 1.422181010000088, 11.455860139000038 ], [ 1.422975182000073, 11.458227157000124 ], [ 1.42565703300005, 11.46622085600012 ], [ 1.431018949000133, 11.46623039200017 ], [ 1.434504032000063, 11.472210885000038 ], [ 1.439467347000175, 11.473648774000083 ], [ 1.439911903000166, 11.473777563000169 ], [ 1.439961374000063, 11.47379189500009 ], [ 1.440096974000085, 11.473831178000069 ], [ 1.440535068000145, 11.47360038700009 ], [ 1.441759420000153, 11.472954980000054 ], [ 1.442134334000116, 11.472757348000016 ], [ 1.443132996000145, 11.472230911999986 ], [ 1.446179987000107, 11.464880944000072 ], [ 1.449363709000068, 11.463521958000058 ], [ 1.451547980000043, 11.462590219000163 ], [ 1.456169962000047, 11.463088035000169 ], [ 1.460173965000138, 11.463520050999989 ], [ 1.461307618000035, 11.463963786000022 ], [ 1.464012413000091, 11.465022499000156 ], [ 1.467860938000115, 11.466528893000088 ], [ 1.467862040000057, 11.466527173000145 ], [ 1.468937868000069, 11.464848855000184 ], [ 1.475814818000117, 11.454120637000187 ], [ 1.479526638000095, 11.454514503000098 ], [ 1.480240582000022, 11.45459079699998 ], [ 1.481581498000082, 11.455639113000018 ], [ 1.492318324000109, 11.464033067000173 ], [ 1.493751192, 11.465153272000066 ], [ 1.494680047000031, 11.465879442000073 ], [ 1.501207948000058, 11.466348649000111 ], [ 1.502121963000093, 11.465245954000068 ], [ 1.50257377700018, 11.464700871 ], [ 1.506036248000044, 11.460523642000169 ], [ 1.509387969000159, 11.456480027000168 ], [ 1.513061760000141, 11.455648423000127 ], [ 1.518483997000146, 11.454421996000121 ], [ 1.523856043000023, 11.449831964000168 ], [ 1.531787038000118, 11.447311401000036 ], [ 1.535014968000041, 11.447593814000072 ], [ 1.537150025000187, 11.447780611000155 ], [ 1.541342974000145, 11.450551988000029 ], [ 1.546923039000035, 11.460208893000129 ], [ 1.548368810000056, 11.464241029000164 ], [ 1.550409137000031, 11.469931192000161 ], [ 1.550409911999964, 11.469933351000066 ], [ 1.550412652000034, 11.46994099200009 ], [ 1.550634979000051, 11.47056102800002 ], [ 1.552409674000046, 11.471002859000066 ], [ 1.553549138000051, 11.47128654200003 ], [ 1.554365991, 11.471489906000158 ], [ 1.556072234000055, 11.470314027000086 ], [ 1.556699990000141, 11.469881058000055 ], [ 1.55747532800018, 11.468088150000085 ], [ 1.559978008000087, 11.462301255000057 ], [ 1.566704485000059, 11.458019042000046 ], [ 1.567913056000123, 11.457249641000089 ], [ 1.568132836000188, 11.452550559000088 ], [ 1.568146154000033, 11.452265800000077 ], [ 1.56816101000004, 11.451948165000033 ], [ 1.568397043000118, 11.446901321000041 ], [ 1.569725871000117, 11.446056368000029 ], [ 1.572362185000088, 11.444379807000132 ], [ 1.574811569000076, 11.444038647000184 ], [ 1.575498104000133, 11.443943024000134 ], [ 1.578894017000152, 11.443470955000066 ], [ 1.579486166000038, 11.44172908000013 ], [ 1.580301047000034, 11.439332009000111 ], [ 1.579807549000066, 11.438531926000053 ], [ 1.574483990000033, 11.42990112300015 ], [ 1.576040148, 11.429529190000039 ], [ 1.583114981000165, 11.427840234000087 ], [ 1.584919651000121, 11.426065711000035 ], [ 1.58764624600002, 11.423384667000107 ], [ 1.58928704200008, 11.421771048999972 ], [ 1.589884043000154, 11.421178818000101 ], [ 1.589907515000164, 11.421098362 ], [ 1.590249929000095, 11.419924666000099 ], [ 1.590415152000162, 11.419358331000012 ], [ 1.590513110000074, 11.419022561000133 ], [ 1.590571178000118, 11.418823520000103 ], [ 1.59063056500014, 11.418619960000115 ], [ 1.590823055000044, 11.417960168000093 ], [ 1.590791270000182, 11.417551193000065 ], [ 1.589949131000026, 11.406715393000013 ], [ 1.589679003000072, 11.403239250000127 ], [ 1.59155774200002, 11.400340081000138 ], [ 1.592951655000149, 11.398189544000104 ], [ 1.595412641, 11.396938238000132 ], [ 1.599717021000174, 11.394749642000022 ], [ 1.607092022000131, 11.394396781000069 ], [ 1.613705991000188, 11.394080161000147 ], [ 1.618639945000041, 11.391389848000074 ], [ 1.620470047000083, 11.390399934000015 ], [ 1.625131009000086, 11.390871049 ], [ 1.626668904000041, 11.391724108000176 ], [ 1.627113343000133, 11.391970635000064 ], [ 1.628859997000063, 11.392939568000031 ], [ 1.635381606000124, 11.399390139000047 ], [ 1.637472988000127, 11.401458740000066 ], [ 1.638752779000072, 11.401679947000162 ], [ 1.638790461000156, 11.401686461000168 ], [ 1.638813734000053, 11.401690484000028 ], [ 1.640494942000089, 11.4019813540001 ], [ 1.641744494000079, 11.402198791999979 ], [ 1.642831683000054, 11.402388573000167 ], [ 1.648900031000153, 11.39663982400009 ], [ 1.658463955000116, 11.395731927000043 ], [ 1.663123130000031, 11.396431925000059 ], [ 1.664142966000043, 11.397017479 ], [ 1.670342158000153, 11.400577639000062 ], [ 1.670346976000189, 11.400580406000188 ], [ 1.670632862000048, 11.40087816200014 ], [ 1.676859168000078, 11.40736296100016 ], [ 1.68335552800005, 11.414129027000058 ], [ 1.683385967000163, 11.414160729 ], [ 1.685045362000039, 11.414251329000081 ], [ 1.68566759600003, 11.414285024000094 ], [ 1.685667829000124, 11.414285037000184 ], [ 1.687581419000026, 11.414388658000121 ], [ 1.692950010000061, 11.409339907000117 ], [ 1.693187228000113, 11.409291572000143 ], [ 1.69318785400003, 11.409291445 ], [ 1.698204042999976, 11.408269374000099 ], [ 1.699713348999978, 11.407961847000138 ], [ 1.700279354000031, 11.40829658500013 ], [ 1.703207968000072, 11.41003132000003 ], [ 1.70739698400007, 11.415329935000159 ], [ 1.709875583000098, 11.420398712000065 ], [ 1.711014920000139, 11.422728668000104 ], [ 1.71414494600009, 11.429129601000056 ], [ 1.715666174000035, 11.429451944 ], [ 1.715751065, 11.429469940999979 ], [ 1.715759968000157, 11.429471828999965 ], [ 1.717406989000096, 11.429821014000026 ], [ 1.717407994999974, 11.429819578000036 ], [ 1.719850788000031, 11.426334633000124 ], [ 1.722077013000103, 11.423158646000161 ], [ 1.724336863000076, 11.423375129000021 ], [ 1.724825561000159, 11.423422024999979 ], [ 1.72482637000013, 11.423422103000178 ], [ 1.729305982000085, 11.423851966000143 ], [ 1.733736992000047, 11.421792030000063 ], [ 1.733737568000095, 11.421791131000077 ], [ 1.735248934000083, 11.419432327000095 ], [ 1.736538053000061, 11.417420387000107 ], [ 1.736594748000073, 11.417404550000128 ], [ 1.736594775000185, 11.417404542000099 ], [ 1.736698508000131, 11.4173755650001 ], [ 1.73980402900014, 11.416501999000104 ], [ 1.740632535000088, 11.416876794000132 ], [ 1.741861270000072, 11.417432119000182 ], [ 1.741864471000099, 11.417433567000103 ], [ 1.747961043000032, 11.420188904000099 ], [ 1.747997888000157, 11.420160251000141 ], [ 1.748217185000101, 11.419989710000152 ], [ 1.748217592, 11.419989393000037 ], [ 1.748225926000032, 11.419982906000087 ], [ 1.752393961000166, 11.416741371000057 ], [ 1.755656959000135, 11.417201042000158 ], [ 1.757674948000044, 11.420854351000173 ], [ 1.757674989000122, 11.420854426000062 ], [ 1.757682443000022, 11.420867919000045 ], [ 1.758451408000155, 11.422260063000124 ], [ 1.758452057000113, 11.422261239000022 ], [ 1.762350440000034, 11.422434807 ], [ 1.762774332000106, 11.422453627000152 ], [ 1.762774830000126, 11.42245365000008 ], [ 1.763451847000113, 11.422483708000073 ], [ 1.763811046000058, 11.422499655000081 ], [ 1.763811111000166, 11.422499658000163 ], [ 1.764271672000177, 11.422347819000095 ], [ 1.765212832000032, 11.422037536000119 ], [ 1.766510010000104, 11.421609880000062 ], [ 1.76944470400008, 11.420646668000131 ], [ 1.773606419999965, 11.419281007 ], [ 1.773606577000066, 11.419281124000122 ], [ 1.775674344000038, 11.420817376000059 ], [ 1.775784580999982, 11.420899245000157 ], [ 1.775784865000048, 11.420899458000065 ], [ 1.777052162000189, 11.421840632000169 ], [ 1.777333872000042, 11.422049848000029 ], [ 1.777336002000027, 11.422051429000078 ], [ 1.780738114000144, 11.421916007999982 ], [ 1.78141662000013, 11.421888778000039 ], [ 1.782230846000175, 11.421856102 ], [ 1.783161998000139, 11.421818734000112 ], [ 1.784925460000011, 11.423076631000185 ], [ 1.785055534000151, 11.423169441000027 ], [ 1.785055819000092, 11.423169643000051 ], [ 1.787358047000112, 11.424812315999986 ], [ 1.7927593, 11.425914765000186 ], [ 1.793319928000017, 11.426029076000134 ], [ 1.793320110000082, 11.42602911400013 ], [ 1.79528498600007, 11.426429748999965 ], [ 1.797844053000176, 11.431719780000094 ], [ 1.799846499000125, 11.433498782000186 ], [ 1.799846764000051, 11.433499017000145 ], [ 1.799848199999985, 11.433500290000154 ], [ 1.802505016999987, 11.435860634000051 ], [ 1.80540416100007, 11.436288535000187 ], [ 1.805890798000121, 11.436360359999981 ], [ 1.807168006999973, 11.43654918600015 ], [ 1.810561920000055, 11.435687675 ], [ 1.813547374000166, 11.434929848000138 ], [ 1.815551073000108, 11.43442138100005 ], [ 1.821622809000132, 11.432880595000086 ], [ 1.821623565000039, 11.432880402000023 ], [ 1.825373292000052, 11.433672906000027 ], [ 1.826407077000056, 11.43389166500009 ], [ 1.82640749799998, 11.433891754 ], [ 1.82815154300016, 11.434260809000079 ], [ 1.828153967000162, 11.434261323000158 ], [ 1.835612058000038, 11.438170432 ], [ 1.841670037000085, 11.444377901000166 ], [ 1.845630123000035, 11.444609640000067 ], [ 1.845630170000106, 11.444609642000046 ], [ 1.845661888000052, 11.444516298000167 ], [ 1.84659588300002, 11.441767693000031 ], [ 1.847257838000132, 11.43981916700011 ], [ 1.847736953000094, 11.438408851000133 ], [ 1.848947048000127, 11.438542367000139 ], [ 1.850360196000167, 11.438698531000114 ], [ 1.85193300300017, 11.438872339000113 ], [ 1.855534690000184, 11.440379239000094 ], [ 1.860491000000138, 11.439923 ], [ 1.86963, 11.439055001000099 ], [ 1.880228999000167, 11.439909001000046 ], [ 1.88697, 11.433170000000189 ], [ 1.896889999000052, 11.428904000000159 ], [ 1.903870999000162, 11.422655001000123 ], [ 1.911081999000146, 11.41787 ], [ 1.917833999000152, 11.41015700000014 ], [ 1.924043, 11.406578000000138 ], [ 1.92874, 11.407977 ], [ 1.933385000000101, 11.409362000000101 ], [ 1.943997000000138, 11.408996000000172 ], [ 1.952137, 11.409088000000168 ], [ 1.961468, 11.412845000000118 ], [ 1.970354, 11.412458 ], [ 1.980711, 11.412817000000132 ], [ 1.989365, 11.411211000000151 ], [ 1.995153, 11.412093 ], [ 1.998539000000108, 11.404665000000136 ], [ 2.190795000000151, 11.035375 ], [ 2.204161000000113, 11.009659 ], [ 2.215815, 11.005095 ], [ 2.219715, 11.003568 ], [ 2.230245, 10.999444 ], [ 2.251336, 10.99083400000012 ], [ 2.292331, 10.985087000000135 ], [ 2.334619, 10.952311 ], [ 2.335586, 10.95134000000013 ], [ 2.332750000000146, 10.948849000000109 ], [ 2.30875900000018, 10.927769000000126 ], [ 2.29169, 10.915079000000162 ], [ 2.274603000000127, 10.905124000000171 ], [ 2.254209, 10.893505000000175 ], [ 2.249894, 10.877069 ], [ 2.241151000000173, 10.861151000000177 ], [ 2.243086, 10.689536 ], [ 2.242618, 10.687952 ], [ 2.243829, 10.54430200000013 ], [ 2.243897, 10.536305 ], [ 2.244142, 10.533628 ], [ 2.192875000000129, 10.475849 ], [ 2.171598, 10.451860000000124 ], [ 2.161846000000139, 10.433256 ], [ 2.155455000000188, 10.407596000000183 ], [ 2.153058000000101, 10.379217 ], [ 2.15144800000013, 10.360161 ], [ 2.164189, 10.349913000000186 ], [ 2.179102, 10.342950000000144 ], [ 2.190683000000149, 10.339774 ], [ 2.199548000000163, 10.332217 ], [ 2.221758, 10.30733 ], [ 2.239100000000121, 10.271507 ], [ 2.24145, 10.252081 ], [ 2.250291, 10.178966 ], [ 2.26138, 10.167611 ], [ 2.261050000000125, 10.149192000000141 ], [ 2.260999, 10.146358000000134 ], [ 2.240427000000125, 10.105876000000137 ], [ 2.222338, 10.096497 ], [ 2.211455000000171, 10.092765000000156 ], [ 2.197132000000124, 10.088642 ], [ 2.173533, 10.083549 ], [ 2.152107000000115, 10.081741 ], [ 2.135061000000121, 10.082149000000186 ], [ 2.126945, 10.08107 ], [ 2.115849, 10.078722000000141 ], [ 2.111455, 10.078141 ], [ 2.085198, 10.062667 ], [ 2.080308000000116, 10.057738000000143 ], [ 2.07048200000014, 10.047834 ], [ 2.071463000000108, 10.04229 ], [ 2.065154000000177, 10.040959 ], [ 2.060257, 10.038694 ], [ 2.055371, 10.035885000000178 ], [ 2.047762, 10.031938 ], [ 2.036801, 10.031193 ], [ 2.022062, 10.027113 ], [ 2.008826, 10.030675 ], [ 1.998911000000135, 10.032667000000174 ], [ 1.988986000000182, 10.03520200000014 ], [ 1.977881, 10.042066 ], [ 1.965730000000121, 10.046190000000138 ], [ 1.952554, 10.046488000000124 ], [ 1.939482000000112, 10.041349 ], [ 1.926213000000189, 10.046539 ], [ 1.911496, 10.041368000000148 ], [ 1.902129000000173, 10.043366000000105 ], [ 1.87797200000017, 10.043999 ], [ 1.858805, 10.042005 ], [ 1.844417, 10.048257 ], [ 1.835229, 10.041012 ], [ 1.82136800000012, 10.048363000000165 ], [ 1.810471000000177, 10.044347 ], [ 1.796726000000149, 10.045716 ], [ 1.782465, 10.045443000000148 ], [ 1.774796, 10.04475 ], [ 1.76807, 10.043366000000105 ], [ 1.766052, 10.042952000000128 ], [ 1.758192000000179, 10.042081000000167 ], [ 1.747855, 10.040937 ], [ 1.731236, 10.027596000000187 ], [ 1.726525, 10.016084000000149 ], [ 1.711910000000103, 10.006012 ], [ 1.673232000000155, 9.964472000000114 ], [ 1.662579000000164, 9.948492 ], [ 1.651064, 9.948268 ], [ 1.638496, 9.945847 ], [ 1.614370000000122, 9.945372000000191 ], [ 1.6015, 9.948621 ], [ 1.598381, 9.949409000000117 ], [ 1.59455400000013, 9.948789000000147 ], [ 1.58304, 9.948562 ], [ 1.568762, 9.949367000000166 ], [ 1.559452000000135, 9.948638 ], [ 1.550251000000173, 9.94247300000012 ], [ 1.542531000000167, 9.944495000000131 ], [ 1.534778000000131, 9.948148 ], [ 1.525906, 9.952865 ], [ 1.520235000000127, 9.961996 ], [ 1.51345700000013, 9.971649000000127 ], [ 1.505658, 9.977475 ], [ 1.50375, 9.977516 ], [ 1.492487, 9.977755000000116 ], [ 1.477660000000185, 9.978545000000111 ], [ 1.463392, 9.978802 ], [ 1.44961700000016, 9.981787000000111 ], [ 1.44132500000012, 9.984882 ], [ 1.430907, 9.984671 ], [ 1.422089000000142, 9.986668 ], [ 1.413797000000102, 9.989762 ], [ 1.40556000000015, 9.99013900000017 ], [ 1.396787, 9.989961 ], [ 1.387969, 9.991957000000127 ], [ 1.380259000000137, 9.99343000000016 ], [ 1.37247200000013, 9.993639 ], [ 1.368733, 9.993739000000176 ], [ 1.366372235000028, 9.993397295000022 ] ] ] ] } },
{ "type": "Feature", "properties": { "fid": 3, "GID_1": "BEN.3_1", "GID_0": "BEN", "COUNTRY": "Benin", "NAME_1": "Atlantique", "VARNAME_1": "NA", "NL_NAME_1": "NA", "TYPE_1": "Département", "ENGTYPE_1": "Department", "CC_1": "NA", "HASC_1": "BJ.AQ", "ISO_1": "BJ-AQ" }, "geometry": { "type": "MultiPolygon", "coordinates": [ [ [ [ 2.140137910000078, 6.330695152000033 ], [ 2.140137910000078, 6.330417157 ], [ 2.138750075000075, 6.330417157 ], [ 2.138750075000075, 6.330139161000091 ], [ 2.138472080000099, 6.330139161000091 ], [ 2.138472080000099, 6.330417157 ], [ 2.135416031000091, 6.330417157 ], [ 2.135416031000091, 6.330139161000091 ], [ 2.134583950000092, 6.330139161000091 ], [ 2.134583950000092, 6.329861163000032 ], [ 2.132083893000072, 6.329861163000032 ], [ 2.132083893000072, 6.329583168 ], [ 2.131527902000187, 6.329583168 ], [ 2.131527902000187, 6.32930517200009 ], [ 2.130971908, 6.32930517200009 ], [ 2.130971908, 6.329027176000011 ], [ 2.129862071000105, 6.329027176000011 ], [ 2.129862071000105, 6.32930517200009 ], [ 2.129306078000013, 6.32930517200009 ], [ 2.129306078000013, 6.329583168 ], [ 2.129028082000104, 6.329583168 ], [ 2.129028082000104, 6.329861163000032 ], [ 2.128750086000025, 6.329861163000032 ], [ 2.128750086000025, 6.329583168 ], [ 2.128192901000034, 6.329583168 ], [ 2.128192901000034, 6.32930517200009 ], [ 2.127918005000026, 6.32930517200009 ], [ 2.127918005000026, 6.329027176000011 ], [ 2.127362014000141, 6.329027176000011 ], [ 2.127362014000141, 6.328751088000104 ], [ 2.125416993000044, 6.328751088000104 ], [ 2.125416993000044, 6.328473091000092 ], [ 2.122638940000115, 6.328473091000092 ], [ 2.122638940000115, 6.328195095000183 ], [ 2.120695114000057, 6.328195095000183 ], [ 2.120695114000057, 6.328473091000092 ], [ 2.119304896000131, 6.328473091000092 ], [ 2.119304896000131, 6.328195095000183 ], [ 2.119026899000119, 6.328195095000183 ], [ 2.119026899000119, 6.327639104000127 ], [ 2.118751048000149, 6.327639104000127 ], [ 2.118751048000149, 6.327361106000183 ], [ 2.117917061000128, 6.327361106000183 ], [ 2.117917061000128, 6.327639104000127 ], [ 2.117361068000037, 6.327639104000127 ], [ 2.117361068000037, 6.327361106000183 ], [ 2.116250991000129, 6.327361106000183 ], [ 2.116250991000129, 6.327082158000053 ], [ 2.11236000100007, 6.327082158000053 ], [ 2.11236000100007, 6.326807022000025 ], [ 2.112083911000127, 6.326807022000025 ], [ 2.112083911000127, 6.327082158000053 ], [ 2.110971928000083, 6.327082158000053 ], [ 2.110971928000083, 6.326807022000025 ], [ 2.110137939000083, 6.326807022000025 ], [ 2.110137939000083, 6.326529027 ], [ 2.10985994400005, 6.326529027 ], [ 2.10985994400005, 6.326251031000083 ], [ 2.10902810000016, 6.326251031000083 ], [ 2.10902810000016, 6.326529027 ], [ 2.108472109000104, 6.326529027 ], [ 2.108472109000104, 6.326251031000083 ], [ 2.107637882000063, 6.326251031000083 ], [ 2.107637882000063, 6.325973034000128 ], [ 2.105416060000096, 6.325973034000128 ], [ 2.105416060000096, 6.325694085 ], [ 2.103193998999984, 6.325694085 ], [ 2.103193998999984, 6.325416088000054 ], [ 2.102639913000189, 6.325416088000054 ], [ 2.102639913000189, 6.325138092000145 ], [ 2.102083922000077, 6.325138092000145 ], [ 2.102083922000077, 6.325416088000054 ], [ 2.101805926000168, 6.325416088000054 ], [ 2.101805926000168, 6.325138092000145 ], [ 2.099304914000186, 6.325138092000145 ], [ 2.099304914000186, 6.324860096 ], [ 2.099026918999982, 6.324860096 ], [ 2.099026918999982, 6.324584961000085 ], [ 2.098195075000092, 6.324584961000085 ], [ 2.098195075000092, 6.32430601100009 ], [ 2.097639084000036, 6.32430601100009 ], [ 2.097639084000036, 6.324584961000085 ], [ 2.097083093000094, 6.324584961000085 ], [ 2.097083093000094, 6.32430601100009 ], [ 2.096249104000094, 6.32430601100009 ], [ 2.096249104000094, 6.324028015000181 ], [ 2.09347295800012, 6.324028015000181 ], [ 2.09347295800012, 6.323750019000101 ], [ 2.09125089700018, 6.323750019000101 ], [ 2.09125089700018, 6.323472024000125 ], [ 2.090416908000179, 6.323472024000125 ], [ 2.090416908000179, 6.323194028000046 ], [ 2.088751077000097, 6.323194028000046 ], [ 2.088751077000097, 6.322916030000101 ], [ 2.087359905000142, 6.322916030000101 ], [ 2.087359905000142, 6.322638035000125 ], [ 2.085972070000139, 6.322638035000125 ], [ 2.085972070000139, 6.322360039000046 ], [ 2.085138083000118, 6.322360039000046 ], [ 2.085138083000118, 6.322083951000081 ], [ 2.084306002000119, 6.322083951000081 ], [ 2.084306002000119, 6.321805953000023 ], [ 2.083472013000119, 6.321805953000023 ], [ 2.083472013000119, 6.321527958000047 ], [ 2.081527949000019, 6.321527958000047 ], [ 2.081527949000019, 6.321249962000138 ], [ 2.080415964000167, 6.321249962000138 ], [ 2.080415964000167, 6.320971966 ], [ 2.078193903000056, 6.320971966 ], [ 2.078193903000056, 6.320693971000026 ], [ 2.077362061000144, 6.320693971000026 ], [ 2.077362061000144, 6.320415973000138 ], [ 2.077084065000065, 6.320415973000138 ], [ 2.077084065000065, 6.320137978000105 ], [ 2.075139999000157, 6.320137978000105 ], [ 2.075139999000157, 6.319859982000025 ], [ 2.07430601100009, 6.319859982000025 ], [ 2.07430601100009, 6.319583894000118 ], [ 2.073749065000186, 6.319583894000118 ], [ 2.073749065000186, 6.319305896 ], [ 2.073195934000125, 6.319305896 ], [ 2.073195934000125, 6.319583894000118 ], [ 2.071805001000087, 6.319583894000118 ], [ 2.071805001000087, 6.319305896 ], [ 2.071249007000063, 6.319305896 ], [ 2.071249007000063, 6.319027901000027 ], [ 2.069026948000158, 6.319027901000027 ], [ 2.069026948000158, 6.318749905000118 ], [ 2.068195104000097, 6.318749905000118 ], [ 2.068195104000097, 6.318471909000039 ], [ 2.065417051000168, 6.318471909000039 ], [ 2.065417051000168, 6.318193914 ], [ 2.064861060000112, 6.318193914 ], [ 2.064861060000112, 6.317915916000118 ], [ 2.062083005000034, 6.317915916000118 ], [ 2.062083005000034, 6.31763982800004 ], [ 2.061804057000188, 6.31763982800004 ], [ 2.061804057000188, 6.317361832000131 ], [ 2.060415982, 6.317361832000131 ], [ 2.060415982, 6.317083837000098 ], [ 2.05958199500003, 6.317083837000098 ], [ 2.05958199500003, 6.31680583900004 ], [ 2.057915925000032, 6.31680583900004 ], [ 2.057915925000032, 6.316527843000131 ], [ 2.056806088000087, 6.316527843000131 ], [ 2.056806088000087, 6.316249848000098 ], [ 2.054860114000064, 6.316249848000098 ], [ 2.054860114000064, 6.315971852000189 ], [ 2.054028035000044, 6.315971852000189 ], [ 2.054028035000044, 6.315693856000109 ], [ 2.049583912000116, 6.315693856000109 ], [ 2.049583912000116, 6.315417766 ], [ 2.049027921, 6.315417766 ], [ 2.049027921, 6.31513977100019 ], [ 2.048749923000116, 6.31513977100019 ], [ 2.048749923000116, 6.314861775000111 ], [ 2.048471927000037, 6.314861775000111 ], [ 2.048471927000037, 6.314583779000031 ], [ 2.047362090000149, 6.314583779000031 ], [ 2.047362090000149, 6.31430578200019 ], [ 2.046248913000113, 6.31430578200019 ], [ 2.046248913000113, 6.314583779000031 ], [ 2.045970917000034, 6.314583779000031 ], [ 2.045970917000034, 6.31430578200019 ], [ 2.044861078000167, 6.31430578200019 ], [ 2.044861078000167, 6.314027786000111 ], [ 2.044583083000134, 6.314027786000111 ], [ 2.044583083000134, 6.313749791000134 ], [ 2.044305087000055, 6.313749791000134 ], [ 2.044305087000055, 6.313470840000036 ], [ 2.044027089000167, 6.313470840000036 ], [ 2.044027089000167, 6.313749791000134 ], [ 2.043473006000056, 6.313749791000134 ], [ 2.043473006000056, 6.314027786000111 ], [ 2.043195010000147, 6.314027786000111 ], [ 2.043195010000147, 6.31430578200019 ], [ 2.042917012000032, 6.31430578200019 ], [ 2.042917012000032, 6.314027786000111 ], [ 2.041249036000067, 6.314027786000111 ], [ 2.041249036000067, 6.313749791000134 ], [ 2.040694953000127, 6.313749791000134 ], [ 2.040694953000127, 6.313470840000036 ], [ 2.039860964000127, 6.313470840000036 ], [ 2.039860964000127, 6.31319284500006 ], [ 2.039582968000047, 6.31319284500006 ], [ 2.039582968000047, 6.312918187000037 ], [ 2.03847289100014, 6.312918187000037 ], [ 2.03847289100014, 6.312640191000128 ], [ 2.036804915000175, 6.312640191000128 ], [ 2.036804915000175, 6.31236219300007 ], [ 2.035139084999969, 6.31236219300007 ], [ 2.035139084999969, 6.312640191000128 ], [ 2.034581899000045, 6.312640191000128 ], [ 2.034581899000045, 6.312918187000037 ], [ 2.034029008000061, 6.312918187000037 ], [ 2.034029008000061, 6.312640191000128 ], [ 2.032360077000078, 6.312640191000128 ], [ 2.032360077000078, 6.31236219300007 ], [ 2.032082082000102, 6.31236219300007 ], [ 2.032082082000102, 6.312082768000096 ], [ 2.031250000000171, 6.312082768000096 ], [ 2.031250000000171, 6.311804772000016 ], [ 2.03041601100017, 6.311804772000016 ], [ 2.03041601100017, 6.311526776000107 ], [ 2.029860020000115, 6.311526776000107 ], [ 2.029860020000115, 6.311248779000152 ], [ 2.028193950000059, 6.311248779000152 ], [ 2.028193950000059, 6.310970783000016 ], [ 2.027637959000174, 6.310970783000016 ], [ 2.027637959000174, 6.311248779000152 ], [ 2.026806117000092, 6.311248779000152 ], [ 2.026806117000092, 6.310970783000016 ], [ 2.025971890000108, 6.310970783000016 ], [ 2.025971890000108, 6.310695172000067 ], [ 2.025693893000096, 6.310695172000067 ], [ 2.025693893000096, 6.310970783000016 ], [ 2.025137901000107, 6.310970783000016 ], [ 2.025137901000107, 6.310695172000067 ], [ 2.024584055000105, 6.310695172000067 ], [ 2.024584055000105, 6.310970783000016 ], [ 2.023194075, 6.310970783000016 ], [ 2.023194075, 6.310695172000067 ], [ 2.022361994000164, 6.310692787000107 ], [ 2.022361994000164, 6.310417175000055 ], [ 2.021528005, 6.310417175000055 ], [ 2.021528005, 6.310139179000146 ], [ 2.021250009000084, 6.310139179000146 ], [ 2.021250009000084, 6.309861183000066 ], [ 2.020417928000086, 6.309861183000066 ], [ 2.020417928000086, 6.30958318800009 ], [ 2.019304991000126, 6.30958318800009 ], [ 2.019304991000126, 6.309861183000066 ], [ 2.018748999000138, 6.309861183000066 ], [ 2.018748999000138, 6.30958318800009 ], [ 2.018194914, 6.30958318800009 ], [ 2.018194914, 6.309305192000181 ], [ 2.017082929000082, 6.309305192000181 ], [ 2.017082929000082, 6.30958318800009 ], [ 2.016526938000027, 6.30958318800009 ], [ 2.016526938000027, 6.309305192000181 ], [ 2.015417099000103, 6.309305192000181 ], [ 2.015417099000103, 6.309027195000169 ], [ 2.013473035, 6.309027195000169 ], [ 2.013473035, 6.30874919900009 ], [ 2.012361050000152, 6.30874919900009 ], [ 2.012361050000152, 6.309027195000169 ], [ 2.011250973000188, 6.309027195000169 ], [ 2.011250973000188, 6.30874919900009 ], [ 2.010972977000108, 6.30874919900009 ], [ 2.010972977000108, 6.308471203000181 ], [ 2.010416984000017, 6.308471203000181 ], [ 2.010416984000017, 6.308195115000046 ], [ 2.009028912000133, 6.308195115000046 ], [ 2.009028912000133, 6.307917118000091 ], [ 2.00735998100015, 6.307917118000091 ], [ 2.00735998100015, 6.307639122000182 ], [ 2.006807090000109, 6.307639122000182 ], [ 2.006803990000037, 6.307361126000046 ], [ 2.006529092000051, 6.307361126000046 ], [ 2.006529092000051, 6.307639122000182 ], [ 2.005971908000106, 6.307639122000182 ], [ 2.005971908000106, 6.307361126000046 ], [ 2.005137920000038, 6.307361126000046 ], [ 2.005137920000038, 6.30708313100007 ], [ 2.004859924000129, 6.30708313100007 ], [ 2.004859924000129, 6.306805135000161 ], [ 2.003194093000047, 6.306805135000161 ], [ 2.003194093000047, 6.30708313100007 ], [ 2.001806021000164, 6.30708313100007 ], [ 2.001806021000164, 6.306805135000161 ], [ 2.000694036000084, 6.306805135000161 ], [ 2.000694036000084, 6.306527137000103 ], [ 2.000416040000175, 6.306527137000103 ], [ 2.000416040000175, 6.306251049000139 ], [ 1.999861955000029, 6.306251049000139 ], [ 1.996806026000058, 6.306251049000139 ], [ 1.996806026000058, 6.305973054000162 ], [ 1.996250032999967, 6.305973054000162 ], [ 1.996250032999967, 6.305695058000083 ], [ 1.995972037000058, 6.305695058000083 ], [ 1.995972037000058, 6.305417060000138 ], [ 1.995694042000082, 6.305417060000138 ], [ 1.995694042000082, 6.305139065000162 ], [ 1.994027971000151, 6.305139065000162 ], [ 1.994027971000151, 6.304861069000083 ], [ 1.989472032000037, 6.304861069000083 ], [ 1.989305020000074, 6.304861069000083 ], [ 1.989305020000074, 6.304583073000174 ], [ 1.986526967000032, 6.304583073000174 ], [ 1.986526967000032, 6.30430507799997 ], [ 1.985973001000161, 6.30430507799997 ], [ 1.985973001000161, 6.304028988000084 ], [ 1.98541700800007, 6.304027080000083 ], [ 1.98541700800007, 6.303750992000175 ], [ 1.984305023, 6.303750992000175 ], [ 1.984305023, 6.303472996000039 ], [ 1.982360959000118, 6.303472996000039 ], [ 1.982360959000118, 6.303195001000063 ], [ 1.97874999000004, 6.303195001000063 ], [ 1.97874999000004, 6.302917003000175 ], [ 1.976250053000058, 6.302917003000175 ], [ 1.976250053000058, 6.302639008000142 ], [ 1.974881381000102, 6.302639008000142 ], [ 1.975238, 6.302888000000166 ], [ 1.97732, 6.3051 ], [ 1.978497098000048, 6.306805135000161 ], [ 1.98097300500018, 6.306805135000161 ], [ 1.98097300500018, 6.30708313100007 ], [ 1.982360959000118, 6.30708313100007 ], [ 1.982360959000118, 6.306805135000161 ], [ 1.984305023, 6.306805135000161 ], [ 1.984305023, 6.30708313100007 ], [ 1.984583021000105, 6.30708313100007 ], [ 1.984583021000105, 6.307361126000046 ], [ 1.987972020000086, 6.307361126000046 ], [ 1.989861011000187, 6.307361126000046 ], [ 1.989861011000187, 6.30708313100007 ], [ 1.990695000000187, 6.30708313100007 ], [ 1.990695000000187, 6.307361126000046 ], [ 1.991248966000171, 6.307361126000046 ], [ 1.991248966000171, 6.307639122000182 ], [ 1.992640019000078, 6.307639122000182 ], [ 1.992640019000078, 6.307917118000091 ], [ 1.992918014000054, 6.307917118000091 ], [ 1.992918014000054, 6.308195115000046 ], [ 1.9931930300001, 6.308195115000046 ], [ 1.9931930300001, 6.309027195000169 ], [ 1.993471027000112, 6.309027195000169 ], [ 1.993471027000112, 6.30958318800009 ], [ 1.99513995600006, 6.30958318800009 ], [ 1.99513995600006, 6.309861183000066 ], [ 1.996806026000058, 6.309861183000066 ], [ 1.996806026000058, 6.30958318800009 ], [ 1.997362017000171, 6.30958318800009 ], [ 1.997362017000171, 6.309861183000066 ], [ 1.99764001300008, 6.309861183000066 ], [ 1.99764001300008, 6.310139179000146 ], [ 1.998471975000143, 6.310139179000146 ], [ 1.998471975000143, 6.310417175000055 ], [ 1.999027968000064, 6.310417175000055 ], [ 1.999027968000064, 6.310692787000107 ], [ 2.000138045000142, 6.310692787000107 ], [ 2.000694036000084, 6.310692787000107 ], [ 2.000694036000084, 6.310970783000016 ], [ 2.001250029000175, 6.310970783000016 ], [ 2.001250029000175, 6.310692787000107 ], [ 2.00208401600014, 6.310692787000107 ], [ 2.00208401600014, 6.310139179000146 ], [ 2.002360106000083, 6.310139179000146 ], [ 2.002360106000083, 6.309861183000066 ], [ 2.002638102000162, 6.309861183000066 ], [ 2.002638102000162, 6.30958318800009 ], [ 2.002916098000071, 6.30958318800009 ], [ 2.002916098000071, 6.309861183000066 ], [ 2.003194093000047, 6.309861183000066 ], [ 2.003194093000047, 6.310139179000146 ], [ 2.003472089000127, 6.310139179000146 ], [ 2.003472089000127, 6.310692787000107 ], [ 2.003194093000047, 6.310695172000067 ], [ 2.003194093000047, 6.311804772000016 ], [ 2.002638102000162, 6.311804772000016 ], [ 2.002638102000162, 6.312082768000096 ], [ 2.000416040000175, 6.312082768000096 ], [ 2.000416040000175, 6.311804772000016 ], [ 2.000138045000142, 6.311804772000016 ], [ 2.000138045000142, 6.311526776000107 ], [ 1.999999046000141, 6.311526776000107 ], [ 1.999861955000029, 6.311526776000107 ], [ 1.999861955000029, 6.311804772000016 ], [ 1.998749972000155, 6.311804772000016 ], [ 1.998749972000155, 6.311526776000107 ], [ 1.998193979000064, 6.311526776000107 ], [ 1.998193979000064, 6.311248779000152 ], [ 1.997362017000171, 6.311248779000152 ], [ 1.997362017000171, 6.310970783000016 ], [ 1.994861960000151, 6.310970783000016 ], [ 1.994861960000151, 6.310695172000067 ], [ 1.9931930300001, 6.310692787000107 ], [ 1.9931930300001, 6.310417175000055 ], [ 1.992640019000078, 6.310417175000055 ], [ 1.992640019000078, 6.310139179000146 ], [ 1.992360950000148, 6.310139179000146 ], [ 1.992360950000148, 6.30958318800009 ], [ 1.992082952999965, 6.30958318800009 ], [ 1.992082952999965, 6.309305192000181 ], [ 1.990970970000092, 6.309305192000181 ], [ 1.990970970000092, 6.30958318800009 ], [ 1.990695000000187, 6.30958318800009 ], [ 1.990695000000187, 6.309861183000066 ], [ 1.990417004000108, 6.309861183000066 ], [ 1.990417004000108, 6.310139179000146 ], [ 1.989583015000107, 6.310139179000146 ], [ 1.989583015000107, 6.309861183000066 ], [ 1.989305020000074, 6.309861183000066 ], [ 1.989305020000074, 6.30958318800009 ], [ 1.988473058000181, 6.30958318800009 ], [ 1.988473058000181, 6.309305192000181 ], [ 1.987638950000076, 6.309305192000181 ], [ 1.987638950000076, 6.30958318800009 ], [ 1.986323953000067, 6.30958318800009 ], [ 1.985139012, 6.30958318800009 ], [ 1.985139012, 6.309305192000181 ], [ 1.984861017000185, 6.309305192000181 ], [ 1.984861017000185, 6.309027195000169 ], [ 1.983194946000083, 6.309027195000169 ], [ 1.983194946000083, 6.309305192000181 ], [ 1.982916951000107, 6.309305192000181 ], [ 1.982916951000107, 6.30958318800009 ], [ 1.982360959000118, 6.30958318800009 ], [ 1.982360959000118, 6.309861183000066 ], [ 1.981806994000181, 6.309861183000066 ], [ 1.981806994000181, 6.310139179000146 ], [ 1.981648458000052, 6.310139179000146 ], [ 1.981459227000073, 6.311248779000152 ], [ 1.983194946000083, 6.311248779000152 ], [ 1.983194946000083, 6.310970783000016 ], [ 1.984583021000105, 6.310970783000016 ], [ 1.984583021000105, 6.310692787000107 ], [ 1.985352992000117, 6.310692787000107 ], [ 1.98541700800007, 6.310417175000055 ], [ 1.985556007000127, 6.310417175000055 ], [ 1.986526967000032, 6.310417175000055 ], [ 1.986526967000032, 6.310692787000107 ], [ 1.987082958000087, 6.310692787000107 ], [ 1.987082958000087, 6.310970783000016 ], [ 1.987638950000076, 6.310970783000016 ], [ 1.987638950000076, 6.311248779000152 ], [ 1.987916947000087, 6.311248779000152 ], [ 1.987916947000087, 6.31236219300007 ], [ 1.988749026999983, 6.31236219300007 ], [ 1.988749026999983, 6.312640191000128 ], [ 1.990417004000108, 6.312640191000128 ], [ 1.990417004000108, 6.312918187000037 ], [ 1.990970970000092, 6.312918187000037 ], [ 1.990970970000092, 6.31319284500006 ], [ 1.991248966000171, 6.31319284500006 ], [ 1.991248966000171, 6.313470840000036 ], [ 1.991804957000056, 6.313470840000036 ], [ 1.991804957000056, 6.313749791000134 ], [ 1.992082952999965, 6.313749791000134 ], [ 1.992082952999965, 6.314027786000111 ], [ 1.992360950000148, 6.314027786000111 ], [ 1.992360950000148, 6.31430578200019 ], [ 1.992918014000054, 6.31430578200019 ], [ 1.992918014000054, 6.314583779000031 ], [ 1.993471027000112, 6.314583779000031 ], [ 1.993471027000112, 6.314861775000111 ], [ 1.993749023000021, 6.314861775000111 ], [ 1.993749023000021, 6.31513977100019 ], [ 1.994027971000151, 6.31513977100019 ], [ 1.994027971000151, 6.315693856000109 ], [ 1.994305969000095, 6.315693856000109 ], [ 1.994305969000095, 6.316527843000131 ], [ 1.994583965000174, 6.316527843000131 ], [ 1.994583965000174, 6.31680583900004 ], [ 1.99513995600006, 6.31680583900004 ], [ 1.99513995600006, 6.317083837000098 ], [ 1.995694042000082, 6.317083837000098 ], [ 1.995694042000082, 6.317361832000131 ], [ 1.998193979000064, 6.317361832000131 ], [ 1.998193979000064, 6.31763982800004 ], [ 1.998471975000143, 6.31763982800004 ], [ 1.998471975000143, 6.317915916000118 ], [ 1.998193979000064, 6.317915916000118 ], [ 1.998193979000064, 6.318193914 ], [ 1.997915983000155, 6.318193914 ], [ 1.997915983000155, 6.318471909000039 ], [ 1.997084022000138, 6.318471909000039 ], [ 1.997084022000138, 6.318193914 ], [ 1.995694042000082, 6.318193914 ], [ 1.995694042000082, 6.317915916000118 ], [ 1.994861960000151, 6.317915916000118 ], [ 1.994861960000151, 6.31763982800004 ], [ 1.994583965000174, 6.31763982800004 ], [ 1.994583965000174, 6.317361832000131 ], [ 1.994305969000095, 6.317361832000131 ], [ 1.994305969000095, 6.317083837000098 ], [ 1.994027971000151, 6.317083837000098 ], [ 1.994027971000151, 6.31680583900004 ], [ 1.993749023000021, 6.31680583900004 ], [ 1.993749023000021, 6.316527843000131 ], [ 1.993471027000112, 6.316527843000131 ], [ 1.993471027000112, 6.315971852000189 ], [ 1.992640019000078, 6.315971852000189 ], [ 1.992640019000078, 6.316249848000098 ], [ 1.992082952999965, 6.316249848000098 ], [ 1.992082952999965, 6.315971852000189 ], [ 1.990970970000092, 6.315971852000189 ], [ 1.990970970000092, 6.315693856000109 ], [ 1.990695000000187, 6.315693856000109 ], [ 1.990695000000187, 6.315417766 ], [ 1.990970970000092, 6.315417766 ], [ 1.990970970000092, 6.31513977100019 ], [ 1.991804957000056, 6.31513977100019 ], [ 1.991804957000056, 6.314583779000031 ], [ 1.991526960999977, 6.314583779000031 ], [ 1.991526960999977, 6.31430578200019 ], [ 1.991248966000171, 6.31430578200019 ], [ 1.991248966000171, 6.314027786000111 ], [ 1.990695000000187, 6.314027786000111 ], [ 1.990695000000187, 6.313749791000134 ], [ 1.990139007000096, 6.313749791000134 ], [ 1.990139007000096, 6.313470840000036 ], [ 1.988749026999983, 6.313470840000036 ], [ 1.988749026999983, 6.31319284500006 ], [ 1.987638950000076, 6.31319284500006 ], [ 1.987638950000076, 6.312918187000037 ], [ 1.987360954000167, 6.312918187000037 ], [ 1.987360954000167, 6.31236219300007 ], [ 1.987082958000087, 6.31236219300007 ], [ 1.987082958000087, 6.311526776000107 ], [ 1.98625099700007, 6.311526776000107 ], [ 1.986248969000087, 6.311248779000152 ], [ 1.98541700800007, 6.311248779000152 ], [ 1.98541700800007, 6.311526776000107 ], [ 1.984583021000105, 6.311526776000107 ], [ 1.984583021000105, 6.311804772000016 ], [ 1.98427274800008, 6.311805 ], [ 1.983195, 6.311805 ], [ 1.983195, 6.312083000000143 ], [ 1.981316960000129, 6.312083000000143 ], [ 1.981216000000131, 6.312675 ], [ 1.981150000000184, 6.315373 ], [ 1.981146, 6.315388 ], [ 1.979818432000116, 6.31731244600013 ], [ 1.97981911, 6.317328710000027 ], [ 1.978539000000126, 6.319201 ], [ 1.978497, 6.319228000000123 ], [ 1.977069, 6.32014 ], [ 1.975487, 6.321153 ], [ 1.973829107000086, 6.322445660000085 ], [ 1.973590000000115, 6.322609000000114 ], [ 1.971040000000187, 6.324232000000109 ], [ 1.969606000000169, 6.325886 ], [ 1.969755, 6.326866000000109 ], [ 1.970249448000118, 6.32686699900006 ], [ 1.968243, 6.329951000000108 ], [ 1.965227, 6.332731 ], [ 1.959811000000116, 6.330499000000145 ], [ 1.959825, 6.330629 ], [ 1.960393000000124, 6.330856 ], [ 1.959899000000121, 6.331351 ], [ 1.959987000000126, 6.332207 ], [ 1.960885000000133, 6.339651000000117 ], [ 1.962936, 6.34760800000015 ], [ 1.962939000000119, 6.347622 ], [ 1.962989000000164, 6.347815 ], [ 1.9628340000001, 6.353353000000141 ], [ 1.962428000000102, 6.358332000000189 ], [ 1.962373000000184, 6.358412 ], [ 1.96005, 6.361829000000171 ], [ 1.955532, 6.362536 ], [ 1.954089, 6.368595 ], [ 1.947651000000121, 6.369298000000128 ], [ 1.945153000000175, 6.376297000000136 ], [ 1.944016, 6.379985 ], [ 1.943145000000129, 6.382393 ], [ 1.942539, 6.384199 ], [ 1.942797, 6.387024 ], [ 1.94279100000017, 6.389999 ], [ 1.943155000000104, 6.39419 ], [ 1.943020000000104, 6.396129 ], [ 1.943025000000148, 6.398897 ], [ 1.943305, 6.400835 ], [ 1.943515, 6.401918000000137 ], [ 1.946266, 6.414403 ], [ 1.949012, 6.437335 ], [ 1.948863000000188, 6.437391000000105 ], [ 1.948971, 6.438131 ], [ 1.949642, 6.443301 ], [ 1.95311, 6.449806 ], [ 1.955090881999979, 6.453358789000106 ], [ 1.955212, 6.45336900000018 ], [ 1.962541, 6.46705500000013 ], [ 1.962706, 6.467363 ], [ 1.962548, 6.467486 ], [ 1.9707, 6.482399000000157 ], [ 1.974061000000177, 6.488796 ], [ 1.975455, 6.491598 ], [ 1.976741, 6.494257000000175 ], [ 1.977815000000135, 6.495695000000126 ], [ 1.981176, 6.502056000000152 ], [ 1.981962, 6.503601 ], [ 1.98243, 6.507363000000112 ], [ 1.982577000000106, 6.507305 ], [ 1.985473000000127, 6.52844400000015 ], [ 1.985514000000137, 6.528745000000185 ], [ 1.985697000000187, 6.530077000000119 ], [ 1.986565, 6.536417 ], [ 1.982956, 6.566067 ], [ 1.98202, 6.566006000000129 ], [ 1.981948000000102, 6.566751000000124 ], [ 1.981953, 6.569659 ], [ 1.981782, 6.574783 ], [ 1.980689, 6.58285700000016 ], [ 1.980104000000154, 6.587882 ], [ 1.979303000000129, 6.593659 ], [ 1.978719000000126, 6.598109 ], [ 1.977488, 6.603455000000167 ], [ 1.977229000000136, 6.60708000000011 ], [ 1.979168000000129, 6.613109000000122 ], [ 1.979210012000067, 6.613240333000078 ], [ 1.979203429000165, 6.613249474000042 ], [ 1.979225, 6.613335000000177 ], [ 1.979144000000133, 6.613332000000128 ], [ 1.979119, 6.613366 ], [ 1.980362000000184, 6.619794 ], [ 1.983147, 6.627338 ], [ 1.985008000000164, 6.629926000000182 ], [ 1.986959000000127, 6.6326 ], [ 1.986958, 6.632558000000131 ], [ 1.987043000000142, 6.632672000000184 ], [ 1.987121, 6.632802 ], [ 1.987168, 6.632849 ], [ 1.987158, 6.632873 ], [ 1.987209, 6.632921000000181 ], [ 1.993291, 6.638858 ], [ 1.995238, 6.64411500000017 ], [ 1.996412000000134, 6.648129 ], [ 1.996492, 6.648404000000141 ], [ 1.996503, 6.648495 ], [ 1.997054000000162, 6.652972 ], [ 1.997892, 6.657262000000117 ], [ 1.999145000000169, 6.660997 ], [ 2.000546, 6.6652610000001 ], [ 2.001372, 6.667776000000174 ], [ 1.999257000000171, 6.679546 ], [ 2.005113000000108, 6.679270000000145 ], [ 2.009617000000105, 6.683214000000135 ], [ 2.013362, 6.682742000000133 ], [ 2.021217000000149, 6.690435 ], [ 2.020737, 6.690818 ], [ 2.026186, 6.701583000000142 ], [ 2.026378000000136, 6.701962 ], [ 2.03548, 6.699411 ], [ 2.035765, 6.704117 ], [ 2.03576900000013, 6.706332000000145 ], [ 2.035779000000105, 6.711455000000171 ], [ 2.035784000000149, 6.714639 ], [ 2.035789, 6.717269 ], [ 2.035527, 6.725438 ], [ 2.036268, 6.728989000000183 ], [ 2.037203000000147, 6.733464 ], [ 2.038456, 6.737338 ], [ 2.038457000000164, 6.738002 ], [ 2.038463, 6.741215000000125 ], [ 2.038604, 6.742876 ], [ 2.039167, 6.747720000000129 ], [ 2.038904000000173, 6.755889000000138 ], [ 2.038360000000125, 6.761013000000105 ], [ 2.036707000000149, 6.765585 ], [ 2.03588, 6.767525000000148 ], [ 2.03519800000015, 6.772925000000157 ], [ 2.035617000000173, 6.774863 ], [ 2.037835, 6.776935000000151 ], [ 2.042132, 6.77983300000011 ], [ 2.045734, 6.781903000000113 ], [ 2.053078, 6.786041 ], [ 2.056404, 6.788388 ], [ 2.059038, 6.790597 ], [ 2.061538, 6.795161 ], [ 2.06209900000016, 6.799036 ], [ 2.061559000000102, 6.806790000000149 ], [ 2.061562000000151, 6.808395 ], [ 2.062106, 6.808337 ], [ 2.062074, 6.809427 ], [ 2.061564000000146, 6.809582 ], [ 2.061569, 6.812051 ], [ 2.06213, 6.816065 ], [ 2.063663, 6.821877 ], [ 2.064084, 6.825475 ], [ 2.064370000000167, 6.83004300000016 ], [ 2.064381, 6.836305 ], [ 2.064932000000113, 6.836075 ], [ 2.065035, 6.836042 ], [ 2.064412, 6.841679000000113 ], [ 2.065545, 6.851759000000129 ], [ 2.065294957000049, 6.851725903000158 ], [ 2.065352, 6.851950000000159 ], [ 2.067168, 6.856465000000128 ], [ 2.069131, 6.860491 ], [ 2.070527000000141, 6.866995 ], [ 2.071503, 6.870731000000148 ], [ 2.073586, 6.874465000000157 ], [ 2.077467, 6.877226000000178 ], [ 2.082315, 6.879431000000181 ], [ 2.084808000000123, 6.880257000000142 ], [ 2.08841, 6.88177300000018 ], [ 2.09478700000011, 6.887020000000177 ], [ 2.097005000000138, 6.888816 ], [ 2.098946000000126, 6.89075 ], [ 2.102135, 6.893928 ], [ 2.10532400000011, 6.896967000000188 ], [ 2.106577, 6.900564 ], [ 2.106581, 6.903056 ], [ 2.106189, 6.904978 ], [ 2.105621000000156, 6.907765 ], [ 2.103967000000125, 6.911645 ], [ 2.103138, 6.912339 ], [ 2.09982, 6.914976 ], [ 2.096366, 6.918306 ], [ 2.094158000000107, 6.921771 ], [ 2.0914, 6.92773 ], [ 2.090161, 6.931332000000168 ], [ 2.088183000000129, 6.933626 ], [ 2.087445000000173, 6.937199000000135 ], [ 2.087397, 6.937435000000107 ], [ 2.093679000000122, 6.937657000000172 ], [ 2.097448, 6.937559 ], [ 2.10299700000013, 6.937727000000109 ], [ 2.111112000000105, 6.937637000000109 ], [ 2.11954100000014, 6.93781 ], [ 2.132524, 6.937939 ], [ 2.141006000000175, 6.937902000000179 ], [ 2.148806, 6.938073000000145 ], [ 2.15315100000015, 6.938290000000165 ], [ 2.157916, 6.938141 ], [ 2.169329, 6.938266000000112 ], [ 2.18158000000011, 6.938183000000151 ], [ 2.190375, 6.938302 ], [ 2.203935, 6.938482 ], [ 2.208647, 6.938385 ], [ 2.214197, 6.938499 ], [ 2.220217, 6.938509000000124 ], [ 2.229275, 6.938524000000143 ], [ 2.229379000000165, 6.938524000000143 ], [ 2.22944, 6.938302 ], [ 2.232057, 6.938320000000147 ], [ 2.269642000000147, 6.9385860000001 ], [ 2.272704, 6.939344000000119 ], [ 2.276413801000103, 6.940261837000151 ], [ 2.278036091000047, 6.940663205000135 ], [ 2.28293, 6.941874 ], [ 2.290689426000085, 6.946394332000125 ], [ 2.291336000000115, 6.946771000000183 ], [ 2.292713493000122, 6.947573305000049 ], [ 2.320764000000111, 6.96391100000011 ], [ 2.341674, 6.930424000000187 ], [ 2.342296, 6.930943000000127 ], [ 2.373401, 6.956894 ], [ 2.398138273000029, 6.977527953000163 ], [ 2.404609000000107, 6.982926000000134 ], [ 2.404627829000162, 6.982860335999987 ], [ 2.405362, 6.980300000000113 ], [ 2.408594000000164, 6.977358 ], [ 2.413106, 6.975308 ], [ 2.41638, 6.97581200000019 ], [ 2.420374000000152, 6.975945 ], [ 2.419781000000114, 6.971962000000133 ], [ 2.420635, 6.96759800000018 ], [ 2.416419000000133, 6.964203000000111 ], [ 2.413732, 6.963068 ], [ 2.413002000000176, 6.963069 ], [ 2.410603, 6.963549 ], [ 2.408408, 6.962125000000128 ], [ 2.41126700000018, 6.958462000000111 ], [ 2.41581, 6.958951 ], [ 2.423448000000121, 6.960127 ], [ 2.424633, 6.956504000000109 ], [ 2.422963000000152, 6.950157 ], [ 2.419836, 6.946749000000182 ], [ 2.415635, 6.944624 ], [ 2.402498, 6.924107000000106 ], [ 2.400403, 6.91597 ], [ 2.414917000000173, 6.915611 ], [ 2.4134, 6.909820000000138 ], [ 2.413699000000122, 6.890233 ], [ 2.416341, 6.883671000000163 ], [ 2.419400868000082, 6.876239321000185 ], [ 2.420188, 6.876554000000169 ], [ 2.420591950000073, 6.87418829100011 ], [ 2.420349, 6.873937000000183 ], [ 2.419711000000177, 6.872869 ], [ 2.415765, 6.866266000000167 ], [ 2.416094, 6.863541000000112 ], [ 2.416568, 6.857731 ], [ 2.417428, 6.853911 ], [ 2.419536000000107, 6.848262000000148 ], [ 2.421315, 6.845338 ], [ 2.419116000000145, 6.843552 ], [ 2.416, 6.841050000000109 ], [ 2.421208, 6.836634000000117 ], [ 2.424505000000181, 6.839133000000118 ], [ 2.428132, 6.838907 ], [ 2.429406000000142, 6.836944000000187 ], [ 2.428426, 6.833280000000116 ], [ 2.425865000000101, 6.831679000000122 ], [ 2.426370000000134, 6.828408 ], [ 2.429064, 6.826198000000147 ], [ 2.429748000000188, 6.822744000000171 ], [ 2.431540000000155, 6.820908000000145 ], [ 2.435119000000157, 6.816874000000155 ], [ 2.435081, 6.81379 ], [ 2.438875, 6.812474 ], [ 2.442738000000134, 6.811846000000173 ], [ 2.446652000000142, 6.810383 ], [ 2.447891000000141, 6.80782900000014 ], [ 2.448218, 6.804923 ], [ 2.445073, 6.800064 ], [ 2.445929, 6.797846000000163 ], [ 2.447351, 6.793506 ], [ 2.446010000000115, 6.787718 ], [ 2.443572000000188, 6.782273 ], [ 2.440842, 6.779215000000136 ], [ 2.438836, 6.776335 ], [ 2.438255, 6.76983 ], [ 2.436019, 6.768235 ], [ 2.435180820000085, 6.767637807000142 ], [ 2.43321, 6.765525 ], [ 2.432074000000114, 6.764262000000144 ], [ 2.429885000000183, 6.761021 ], [ 2.426791000000151, 6.757604000000129 ], [ 2.427862000000118, 6.755248 ], [ 2.430201000000181, 6.753245 ], [ 2.434191000000112, 6.755211 ], [ 2.434897, 6.752314000000126 ], [ 2.43868700000013, 6.751026000000138 ], [ 2.442306, 6.751366000000189 ], [ 2.441799, 6.749739 ], [ 2.441019000000153, 6.747758 ], [ 2.438644000000124, 6.743614 ], [ 2.438921000000107, 6.740345000000104 ], [ 2.439065000000141, 6.736288000000172 ], [ 2.439132, 6.734392000000128 ], [ 2.433165000000145, 6.734426 ], [ 2.433144000000141, 6.730811000000131 ], [ 2.438008, 6.727709000000175 ], [ 2.438533000000177, 6.724813 ], [ 2.437419, 6.719758 ], [ 2.438488000000177, 6.71704 ], [ 2.438685000000135, 6.712573000000134 ], [ 2.436818, 6.709819 ], [ 2.437346, 6.707284 ], [ 2.44469700000019, 6.696756 ], [ 2.444071000000122, 6.695829000000117 ], [ 2.443033000000185, 6.694292000000132 ], [ 2.442143000000101, 6.692975 ], [ 2.438736946000176, 6.693278144000089 ], [ 2.435275000000104, 6.693377000000112 ], [ 2.431818, 6.6896 ], [ 2.429653000000144, 6.690517 ], [ 2.42754900000017, 6.685456 ], [ 2.428582000000176, 6.68235 ], [ 2.42942, 6.680451000000119 ], [ 2.429412000000127, 6.679082 ], [ 2.429926, 6.67533 ], [ 2.434242, 6.67132700000019 ], [ 2.431879, 6.669172 ], [ 2.430417000000148, 6.666649000000177 ], [ 2.430753, 6.662128 ], [ 2.428745000000163, 6.658885000000112 ], [ 2.422024, 6.653502 ], [ 2.420565000000124, 6.65134 ], [ 2.421175000000176, 6.647412 ], [ 2.421437, 6.645731000000126 ], [ 2.41942100000017, 6.641223000000139 ], [ 2.419405, 6.63838 ], [ 2.419385, 6.635077 ], [ 2.418705, 6.631393 ], [ 2.420865000000106, 6.631985000000157 ], [ 2.421681, 6.631842 ], [ 2.421683, 6.632722 ], [ 2.422162734000153, 6.631757968000045 ], [ 2.42389, 6.628287 ], [ 2.424576000000172, 6.62524 ], [ 2.425677000000178, 6.621777 ], [ 2.427055000000109, 6.618036000000131 ], [ 2.428018, 6.61471100000017 ], [ 2.428283000000135, 6.608204000000171 ], [ 2.429379, 6.602387 ], [ 2.430067000000122, 6.59975500000013 ], [ 2.432542, 6.590613 ], [ 2.432806, 6.583829 ], [ 2.432663000000161, 6.58092100000016 ], [ 2.432798000000105, 6.579537 ], [ 2.433071000000155, 6.577321 ], [ 2.433753, 6.571643 ], [ 2.434576000000163, 6.567488 ], [ 2.435069000000112, 6.564915 ], [ 2.435399, 6.563195 ], [ 2.436085000000162, 6.560286 ], [ 2.436904, 6.553778 ], [ 2.437726, 6.549207 ], [ 2.439798, 6.546573 ], [ 2.442424, 6.5446290000001 ], [ 2.446297, 6.542359 ], [ 2.449061000000142, 6.540739000000144 ], [ 2.453487, 6.53893 ], [ 2.455147000000125, 6.538373000000149 ], [ 2.463999000000115, 6.534202000000164 ], [ 2.469669000000124, 6.531421 ], [ 2.471063000000186, 6.530657000000133 ], [ 2.474232, 6.52892 ], [ 2.479201000000103, 6.525976 ], [ 2.478923, 6.525091 ], [ 2.479121, 6.525048 ], [ 2.482718000000148, 6.524243000000183 ], [ 2.486873, 6.523857 ], [ 2.49138900000014, 6.523468 ], [ 2.496242, 6.521441 ], [ 2.496278343000085, 6.521485266000127 ], [ 2.497514, 6.52028 ], [ 2.499544000000185, 6.518623 ], [ 2.502726, 6.517925 ], [ 2.503141, 6.517785000000174 ], [ 2.50521, 6.513628000000153 ], [ 2.505479, 6.509751000000165 ], [ 2.505473000000165, 6.506013000000166 ], [ 2.505467000000181, 6.503105 ], [ 2.504909, 6.500753000000145 ], [ 2.504352, 6.498816 ], [ 2.503518, 6.496602 ], [ 2.501576000000114, 6.494253 ], [ 2.500739000000124, 6.490932 ], [ 2.500864, 6.483732 ], [ 2.502101, 6.478608000000179 ], [ 2.500990000000115, 6.476533 ], [ 2.500706, 6.47293400000018 ], [ 2.498349, 6.470308000000159 ], [ 2.494897, 6.466425 ], [ 2.494049000000132, 6.465472 ], [ 2.492104, 6.461599 ], [ 2.487937000000159, 6.453716 ], [ 2.484954, 6.44972 ], [ 2.485013000000151, 6.449799 ], [ 2.483913, 6.448325 ], [ 2.481304, 6.444545000000176 ], [ 2.480863000000113, 6.445152000000121 ], [ 2.480924998000091, 6.445066157000042 ], [ 2.480967, 6.445008 ], [ 2.47765, 6.439421 ], [ 2.476974, 6.438510000000122 ], [ 2.473504, 6.432841 ], [ 2.468506, 6.424683 ], [ 2.466953000000103, 6.421744000000103 ], [ 2.456026000000179, 6.408276 ], [ 2.448635, 6.39916600000015 ], [ 2.448589420000189, 6.399169246000099 ], [ 2.435239000000138, 6.40012 ], [ 2.400901, 6.40441 ], [ 2.399295000000109, 6.404610000000105 ], [ 2.369433000000186, 6.408338000000185 ], [ 2.364852, 6.408910000000105 ], [ 2.363326, 6.394819 ], [ 2.363402000000178, 6.386064 ], [ 2.363589, 6.364738000000159 ], [ 2.363721791000103, 6.349582195000153 ], [ 2.363472938000029, 6.349582195000153 ], [ 2.363472938000029, 6.349860192000165 ], [ 2.362878085000091, 6.349860192000165 ], [ 2.362360954, 6.349860192000165 ], [ 2.362360954, 6.349582195000153 ], [ 2.361804962000178, 6.349582195000153 ], [ 2.361804962000178, 6.349860192000165 ], [ 2.3606948850001, 6.349860192000165 ], [ 2.3606948850001, 6.350138188000074 ], [ 2.360138893999988, 6.350138188000074 ], [ 2.360138893999988, 6.349860192000165 ], [ 2.358195066000121, 6.349860192000165 ], [ 2.358195066000121, 6.350138188000074 ], [ 2.357081891000121, 6.350138188000074 ], [ 2.357081891000121, 6.349860192000165 ], [ 2.355973004000134, 6.349860192000165 ], [ 2.355973004000134, 6.350138188000074 ], [ 2.354027986000119, 6.350138188000074 ], [ 2.354027986000119, 6.350416184000153 ], [ 2.35374999000004, 6.350416184000153 ], [ 2.35374999000004, 6.350138188000074 ], [ 2.353193999000155, 6.350138188000074 ], [ 2.353193999000155, 6.350416184000153 ], [ 2.352638006000063, 6.350416184000153 ], [ 2.352638006000063, 6.350138188000074 ], [ 2.345694065000089, 6.350138188000074 ], [ 2.345694065000089, 6.350416184000153 ], [ 2.344305992000045, 6.350416184000153 ], [ 2.344305992000045, 6.350138188000074 ], [ 2.343749999000124, 6.350138188000074 ], [ 2.343749999000124, 6.349860192000165 ], [ 2.343471051000165, 6.349860192000165 ], [ 2.343471051000165, 6.349582195000153 ], [ 2.342082978000178, 6.349582195000153 ], [ 2.342082978000178, 6.349860192000165 ], [ 2.341526985000087, 6.349860192000165 ], [ 2.341526985000087, 6.350138188000074 ], [ 2.340416908000122, 6.350138188000074 ], [ 2.340416908000122, 6.349860192000165 ], [ 2.339582921000158, 6.349860192000165 ], [ 2.339582921000158, 6.349582195000153 ], [ 2.336805106000099, 6.349582195000153 ], [ 2.336805106000099, 6.349860192000165 ], [ 2.335417033000056, 6.349860192000165 ], [ 2.335417033000056, 6.349582195000153 ], [ 2.334861040000021, 6.349582195000153 ], [ 2.334861040000021, 6.349860192000165 ], [ 2.334027051000021, 6.349860192000165 ], [ 2.334027051000021, 6.349582195000153 ], [ 2.333194972000172, 6.349582195000153 ], [ 2.333194972000172, 6.349306107000075 ], [ 2.332360983000171, 6.349306107000075 ], [ 2.332360983000171, 6.349028111000166 ], [ 2.32958197500011, 6.349028111000166 ], [ 2.32958197500011, 6.348750115000087 ], [ 2.329307079999978, 6.348750115000087 ], [ 2.329303980000077, 6.348472118000075 ], [ 2.328471897999975, 6.348472118000075 ], [ 2.328471897999975, 6.348194122000166 ], [ 2.32791590700009, 6.348194122000166 ], [ 2.32791590700009, 6.348472118000075 ], [ 2.325972081000032, 6.348472118000075 ], [ 2.325972081000032, 6.348194122000166 ], [ 2.324584007999988, 6.348194122000166 ], [ 2.324584007999988, 6.347916127000133 ], [ 2.324028015000124, 6.347916127000133 ], [ 2.324028015000124, 6.348194122000166 ], [ 2.322083951000025, 6.348194122000166 ], [ 2.322083951000025, 6.347916127000133 ], [ 2.320971966000116, 6.347916127000133 ], [ 2.320971966000116, 6.347638131000053 ], [ 2.320693969000104, 6.347638131000053 ], [ 2.320693969000104, 6.347916127000133 ], [ 2.319027900000037, 6.347916127000133 ], [ 2.319027900000037, 6.347638131000053 ], [ 2.316806079000116, 6.347638131000053 ], [ 2.316806079000116, 6.347362041000167 ], [ 2.314861060000055, 6.347362041000167 ], [ 2.314861060000055, 6.347638131000053 ], [ 2.313749075000146, 6.347638131000053 ], [ 2.313749075000146, 6.347362041000167 ], [ 2.310972928000012, 6.347362041000167 ], [ 2.310972928000012, 6.347638131000053 ], [ 2.30819511500016, 6.347638131000053 ], [ 2.30819511500016, 6.347362041000167 ], [ 2.305973054000049, 6.347362041000167 ], [ 2.305973054000049, 6.347084045000031 ], [ 2.305417060000082, 6.347084045000031 ], [ 2.305417060000082, 6.346806050000055 ], [ 2.30486106900014, 6.346806050000055 ], [ 2.30486106900014, 6.346528054000146 ], [ 2.304028988000141, 6.346528054000146 ], [ 2.304028988000141, 6.346250058000066 ], [ 2.303472996000153, 6.346250058000066 ], [ 2.303472996000153, 6.345972061000055 ], [ 2.302917003000061, 6.345972061000055 ], [ 2.302917003000061, 6.346250058000066 ], [ 2.302638055000102, 6.346250058000066 ], [ 2.302638055000102, 6.346528054000146 ], [ 2.301528930000075, 6.346528054000146 ], [ 2.301528930000075, 6.346250058000066 ], [ 2.300137998000082, 6.346250058000066 ], [ 2.300137998000082, 6.346528054000146 ], [ 2.29986, 6.346528054000146 ], [ 2.29986, 6.346806050000055 ], [ 2.299305916000151, 6.346806050000055 ], [ 2.299305916000151, 6.346528054000146 ], [ 2.299027921000175, 6.346528054000146 ], [ 2.299027921000175, 6.346250058000066 ], [ 2.296250105000183, 6.346250058000066 ], [ 2.296250105000183, 6.345972061000055 ], [ 2.295137883000166, 6.345972061000055 ], [ 2.295137883000166, 6.345694065000146 ], [ 2.294306039999981, 6.345694065000146 ], [ 2.294306039999981, 6.345972061000055 ], [ 2.293750048000163, 6.345972061000055 ], [ 2.293750048000163, 6.345694065000146 ], [ 2.291527987000109, 6.345694065000146 ], [ 2.291527987000109, 6.345416069000066 ], [ 2.290417909999974, 6.345416069000066 ], [ 2.290417909999974, 6.345139981000159 ], [ 2.290139914000065, 6.345139981000159 ], [ 2.290139914000065, 6.345416069000066 ], [ 2.289583920999974, 6.345416069000066 ], [ 2.289583920999974, 6.345139981000159 ], [ 2.286526918000106, 6.345139981000159 ], [ 2.286526918000106, 6.344861984000147 ], [ 2.285417080000116, 6.344861984000147 ], [ 2.285417080000116, 6.344583988000068 ], [ 2.28402710000006, 6.344583988000068 ], [ 2.28402710000006, 6.344861984000147 ], [ 2.281805039000119, 6.344861984000147 ], [ 2.281805039000119, 6.344583988000068 ], [ 2.278194904000088, 6.344583988000068 ], [ 2.278194904000088, 6.344861984000147 ], [ 2.277916909000112, 6.344861984000147 ], [ 2.277916909000112, 6.344583988000068 ], [ 2.277074321000043, 6.344583988000068 ], [ 2.277062755000145, 6.344583988000068 ], [ 2.277067, 6.344776000000138 ], [ 2.277062754000042, 6.344583988000068 ], [ 2.27541589700013, 6.344583988000068 ], [ 2.27541589700013, 6.344305992000159 ], [ 2.274307012000122, 6.344305992000159 ], [ 2.274307012000122, 6.344027997000126 ], [ 2.272360086000162, 6.344027997000126 ], [ 2.272360086000162, 6.344305992000159 ], [ 2.271250009000028, 6.344305992000159 ], [ 2.271250009000028, 6.344027997000126 ], [ 2.269305945000156, 6.344027997000126 ], [ 2.269305945000156, 6.343750001000046 ], [ 2.268193961000122, 6.343750001000046 ], [ 2.268193961000122, 6.344027997000126 ], [ 2.267640115000177, 6.344027997000126 ], [ 2.267640115000177, 6.344305992000159 ], [ 2.265971899000135, 6.344305992000159 ], [ 2.265971899000135, 6.344027997000126 ], [ 2.264306069000156, 6.344027997000126 ], [ 2.264306069000156, 6.343750001000046 ], [ 2.263472080000156, 6.343750001000046 ], [ 2.263472080000156, 6.344027997000126 ], [ 2.261527061000095, 6.344027997000126 ], [ 2.261527061000095, 6.344305992000159 ], [ 2.257638931000088, 6.344305992000159 ], [ 2.257638931000088, 6.344027997000126 ], [ 2.254026890000091, 6.344027997000126 ], [ 2.254026890000091, 6.343750001000046 ], [ 2.253473044000089, 6.343750001000046 ], [ 2.251805068000124, 6.343750001000046 ], [ 2.251805068000124, 6.343472004000091 ], [ 2.250972986000022, 6.343472004000091 ], [ 2.250972986000022, 6.343750001000046 ], [ 2.250138997000022, 6.343750001000046 ], [ 2.250138997000022, 6.343472004000091 ], [ 2.249028921000161, 6.343472004000091 ], [ 2.249028921000161, 6.343194008000182 ], [ 2.247915983000098, 6.343194008000182 ], [ 2.247915983000098, 6.343472004000091 ], [ 2.24597191700002, 6.343472004000091 ], [ 2.24597191700002, 6.343194008000182 ], [ 2.245693922000044, 6.343194008000182 ], [ 2.245693922000044, 6.342916012000046 ], [ 2.245415926000135, 6.342916012000046 ], [ 2.245415926000135, 6.342639924000139 ], [ 2.244859935000022, 6.342639924000139 ], [ 2.244859935000022, 6.342361927000127 ], [ 2.240972043000056, 6.342361927000127 ], [ 2.240972043000056, 6.342083931000047 ], [ 2.240139961000125, 6.342083931000047 ], [ 2.240138054000056, 6.341805935000139 ], [ 2.239305972000125, 6.341805935000139 ], [ 2.239305972000125, 6.341527940000162 ], [ 2.239027977000148, 6.341527940000162 ], [ 2.239027977000148, 6.341805935000139 ], [ 2.238471985000103, 6.341805935000139 ], [ 2.238471985000103, 6.341527940000162 ], [ 2.236527920000128, 6.341527940000162 ], [ 2.236527920000128, 6.341805935000139 ], [ 2.235692978000145, 6.341805935000139 ], [ 2.235692978000145, 6.341527940000162 ], [ 2.235140085000126, 6.341527940000162 ], [ 2.235140085000126, 6.341805935000139 ], [ 2.234582901000067, 6.341805935000139 ], [ 2.234582901000067, 6.341527940000162 ], [ 2.233748912000067, 6.341527940000162 ], [ 2.233748912000067, 6.341249942000047 ], [ 2.233470916000158, 6.341249942000047 ], [ 2.233470916000158, 6.340971946000138 ], [ 2.22986102200008, 6.340971946000138 ], [ 2.22986102200008, 6.340692998000179 ], [ 2.228749037000171, 6.340692998000179 ], [ 2.228749037000171, 6.340417863000027 ], [ 2.227638960000036, 6.340417863000027 ], [ 2.227638960000036, 6.340692998000179 ], [ 2.227360965000059, 6.340692998000179 ], [ 2.227360965000059, 6.340971946000138 ], [ 2.227082967000172, 6.340971946000138 ], [ 2.227082967000172, 6.340692998000179 ], [ 2.225972890000037, 6.340692998000179 ], [ 2.225972890000037, 6.340417863000027 ], [ 2.225138903000072, 6.340415 ], [ 2.225138903000072, 6.340139867000119 ], [ 2.22375106800007, 6.340139867000119 ], [ 2.22375106800007, 6.33986186900006 ], [ 2.220972061000111, 6.33986186900006 ], [ 2.220972061000111, 6.339583874000084 ], [ 2.218749999000067, 6.339583874000084 ], [ 2.218749999000067, 6.339304923000157 ], [ 2.214584111000022, 6.339304923000157 ], [ 2.214584111000022, 6.33902692800018 ], [ 2.212640048000026, 6.33902692800018 ], [ 2.212640048000026, 6.338748932000101 ], [ 2.212362052000117, 6.338748932000101 ], [ 2.212362052000117, 6.33902692800018 ], [ 2.212084054000172, 6.33902692800018 ], [ 2.212084054000172, 6.339583874000084 ], [ 2.211806059000025, 6.339583874000084 ], [ 2.211806059000025, 6.33986186900006 ], [ 2.211528063000117, 6.33986186900006 ], [ 2.211528063000117, 6.339583874000084 ], [ 2.210972070000025, 6.339583874000084 ], [ 2.210972070000025, 6.339304923000157 ], [ 2.210694074000116, 6.339304923000157 ], [ 2.210694074000116, 6.338748932000101 ], [ 2.207917929000189, 6.338748932000101 ], [ 2.207917929000189, 6.338470935999965 ], [ 2.206526994000114, 6.338470935999965 ], [ 2.206526994000114, 6.338748932000101 ], [ 2.205416917000036, 6.338748932000101 ], [ 2.205416917000036, 6.338470935999965 ], [ 2.204582930000186, 6.338470935999965 ], [ 2.204582930000186, 6.338192941000159 ], [ 2.203195095000012, 6.338192941000159 ], [ 2.203195095000012, 6.337916851000045 ], [ 2.202361106000069, 6.337916851000045 ], [ 2.202361106000069, 6.337638855000137 ], [ 2.19958305300014, 6.337638855000137 ], [ 2.19958305300014, 6.337916851000045 ], [ 2.198750972000141, 6.337916851000045 ], [ 2.198750972000141, 6.337638855000137 ], [ 2.197360992000029, 6.337638855000137 ], [ 2.197360992000029, 6.337360859000057 ], [ 2.196805001000143, 6.337360859000057 ], [ 2.196805001000143, 6.337082864000081 ], [ 2.196250915000121, 6.337082864000081 ], [ 2.196250915000121, 6.336804865999966 ], [ 2.194581986000173, 6.336804865999966 ], [ 2.194581986000173, 6.33652687100016 ], [ 2.193749905000118, 6.33652687100016 ], [ 2.193749905000118, 6.336248875000081 ], [ 2.189306022000039, 6.336248875000081 ], [ 2.189306022000039, 6.335972787000173 ], [ 2.188472033000096, 6.335972787000173 ], [ 2.188472033000096, 6.336248875000081 ], [ 2.187083960000052, 6.336248875000081 ], [ 2.187083960000052, 6.335972787000173 ], [ 2.185971975000143, 6.335972787000173 ], [ 2.185971975000143, 6.335694789000058 ], [ 2.184861898000065, 6.335694789000058 ], [ 2.184861898000065, 6.335972787000173 ], [ 2.184027910000168, 6.335972787000173 ], [ 2.184027910000168, 6.335694789000058 ], [ 2.182918072000177, 6.335694789000058 ], [ 2.182918072000177, 6.335416794000082 ], [ 2.180139065000162, 6.335416794000082 ], [ 2.180139065000162, 6.335138798000173 ], [ 2.176527023000119, 6.335138798000173 ], [ 2.176527023000119, 6.334860802000094 ], [ 2.175972939000076, 6.334860802000094 ], [ 2.175972939000076, 6.334582807000061 ], [ 2.17458295900002, 6.334582807000061 ], [ 2.17458295900002, 6.334860802000094 ], [ 2.174304961000075, 6.334860802000094 ], [ 2.174304961000075, 6.334582807000061 ], [ 2.174026966000099, 6.334582807000061 ], [ 2.174026966000099, 6.334304809000173 ], [ 2.170973063000133, 6.334304809000173 ], [ 2.170973063000133, 6.334582807000061 ], [ 2.169861078000054, 6.334582807000061 ], [ 2.169861078000054, 6.334304809000173 ], [ 2.169583082000145, 6.334304809000173 ], [ 2.169583082000145, 6.334026813000094 ], [ 2.169028997, 6.334026813000094 ], [ 2.169028997, 6.33375120300019 ], [ 2.168195010000034, 6.33375120300019 ], [ 2.168195010000034, 6.334026813000094 ], [ 2.16736006800005, 6.334026813000094 ], [ 2.16736006800005, 6.33375120300019 ], [ 2.166806937, 6.333748818000061 ], [ 2.166806937, 6.333473205000075 ], [ 2.165693998000052, 6.333473205000075 ], [ 2.165693998000052, 6.333195209 ], [ 2.164027930000032, 6.333195209 ], [ 2.164027930000032, 6.33291721400019 ], [ 2.162084103000041, 6.33291721400019 ], [ 2.162084103000041, 6.332639218000111 ], [ 2.161250115000144, 6.332639218000111 ], [ 2.161250115000144, 6.33291721400019 ], [ 2.160415888000102, 6.33291721400019 ], [ 2.160415888000102, 6.332639218000111 ], [ 2.158194064000156, 6.332639218000111 ], [ 2.158194064000156, 6.33291721400019 ], [ 2.157639980000113, 6.33291721400019 ], [ 2.157639980000113, 6.332639218000111 ], [ 2.156527996000136, 6.332639218000111 ], [ 2.156527996000136, 6.332361222000031 ], [ 2.15625, 6.332361222000031 ], [ 2.15625, 6.332639218000111 ], [ 2.155139923000149, 6.332639218000111 ], [ 2.155139923000149, 6.332361222000031 ], [ 2.154304982000042, 6.332361222000031 ], [ 2.154304982000042, 6.33208322500019 ], [ 2.153748988000075, 6.33208322500019 ], [ 2.153748988000075, 6.331805229000111 ], [ 2.153470993000042, 6.331805229000111 ], [ 2.153470993000042, 6.33208322500019 ], [ 2.151248931000055, 6.33208322500019 ], [ 2.151248931000055, 6.331805229000111 ], [ 2.149305105000167, 6.331805229000111 ], [ 2.149305105000167, 6.33208322500019 ], [ 2.149027109000087, 6.33208322500019 ], [ 2.149027109000087, 6.332361222000031 ], [ 2.148749114000111, 6.332361222000031 ], [ 2.148749114000111, 6.33208322500019 ], [ 2.148195028000089, 6.33208322500019 ], [ 2.148195028000089, 6.331805229000111 ], [ 2.14791703200018, 6.331805229000111 ], [ 2.14791703200018, 6.331527234000134 ], [ 2.14625096400016, 6.331527234000134 ], [ 2.14625096400016, 6.331251145000124 ], [ 2.14513897900008, 6.331251145000124 ], [ 2.14513897900008, 6.331527234000134 ], [ 2.143472909000081, 6.331527234000134 ], [ 2.143472909000081, 6.331251145000124 ], [ 2.14263892200006, 6.331251145000124 ], [ 2.14263892200006, 6.330973148000112 ], [ 2.141807079000102, 6.330973148000112 ], [ 2.14180398100018, 6.330695152000033 ], [ 2.141746437000052, 6.330695152000033 ], [ 2.140137910000078, 6.330695152000033 ] ] ], [ [ [ 1.974583983, 6.302361012000063 ], [ 1.974483220000138, 6.302361012000063 ], [ 1.974583983, 6.302431365000132 ], [ 1.974583983, 6.302361012000063 ] ] ] ] } },
{ "type": "Feature", "properties": { "fid": 4, "GID_1": "BEN.4_1", "GID_0": "BEN", "COUNTRY": "Benin", "NAME_1": "Borgou", "VARNAME_1": "NA", "NL_NAME_1": "NA", "TYPE_1": "Département", "ENGTYPE_1": "Department", "CC_1": "NA", "HASC_1": "BJ.BO", "ISO_1": "BJ-BO" }, "geometry": { "type": "MultiPolygon", "coordinates": [ [ [ [ 2.781783105000159, 8.945223810000016 ], [ 2.780316114000186, 8.941757202000076 ], [ 2.778146029000141, 8.936422347000189 ], [ 2.77654409400003, 8.932847977000051 ], [ 2.776518484000064, 8.932787374999975 ], [ 2.776450193000187, 8.932625779000148 ], [ 2.776413918000117, 8.932539940000026 ], [ 2.773681741000075, 8.926375531000076 ], [ 2.773332117999985, 8.925586703000022 ], [ 2.772447411000087, 8.923262403000081 ], [ 2.772108079000077, 8.92237091100003 ], [ 2.771841942000151, 8.921741550000093 ], [ 2.771483782000189, 8.920894576000023 ], [ 2.770617962000131, 8.918847084000049 ], [ 2.768739939000113, 8.917195321000065 ], [ 2.768532991000029, 8.917016983000053 ], [ 2.764003992000028, 8.915911674000029 ], [ 2.762340069000118, 8.914642334000121 ], [ 2.759757995000143, 8.912199020000116 ], [ 2.758111953000025, 8.907858849000093 ], [ 2.758218459000148, 8.905783230000054 ], [ 2.758275986, 8.904662132 ], [ 2.758282617000134, 8.904550152000184 ], [ 2.758320092000133, 8.903917314000012 ], [ 2.759357254000122, 8.90358846800018 ], [ 2.760190963000127, 8.903324128000179 ], [ 2.761694908000095, 8.90284824400004 ], [ 2.762538073000144, 8.903029915000047 ], [ 2.764345909000156, 8.903419437000139 ], [ 2.77038788800013, 8.904721259000041 ], [ 2.772020285999986, 8.899565462000055 ], [ 2.773552894000147, 8.894724846000088 ], [ 2.771233601000176, 8.882873874999973 ], [ 2.769439936000026, 8.873708727000178 ], [ 2.769303412000113, 8.873010815000157 ], [ 2.769141987000125, 8.872185608000166 ], [ 2.768162966000034, 8.867180825000048 ], [ 2.76210445900017, 8.865831650000075 ], [ 2.757992030000139, 8.864915849000056 ], [ 2.757328065000024, 8.86396991600003 ], [ 2.757014037000147, 8.863522529000079 ], [ 2.756884098000114, 8.859633446000089 ], [ 2.756933928000024, 8.859539032000043 ], [ 2.759342907000075, 8.854945184000087 ], [ 2.761125087000096, 8.851490020000028 ], [ 2.759903906000091, 8.842530250000152 ], [ 2.759827826000162, 8.841994045000092 ], [ 2.758136987000171, 8.830077172000074 ], [ 2.758541108000088, 8.823667526000179 ], [ 2.758836985000187, 8.819675446000076 ], [ 2.758889914000179, 8.819565774000068 ], [ 2.759548909000102, 8.818130752000172 ], [ 2.762854186000084, 8.810933207000176 ], [ 2.763381958000082, 8.809783936000031 ], [ 2.763209304000156, 8.80946 ], [ 2.76294051400015, 8.80895569200004 ], [ 2.761059046000071, 8.805425644000024 ], [ 2.760144093000122, 8.804915946000108 ], [ 2.759787082000173, 8.804717063000112 ], [ 2.758788320000122, 8.804159051000113 ], [ 2.758463292000044, 8.80397745700003 ], [ 2.7581059850001, 8.803777828000079 ], [ 2.755739927000036, 8.802455902000133 ], [ 2.751415967000071, 8.801465035000149 ], [ 2.744895936000148, 8.799899102000154 ], [ 2.740257979000035, 8.795187951000173 ], [ 2.739336968000089, 8.794223786000089 ], [ 2.739191702000142, 8.793626287000109 ], [ 2.738383998000131, 8.790304082000091 ], [ 2.737668038000038, 8.787359237000089 ], [ 2.737617970000144, 8.787146569000072 ], [ 2.732707582000103, 8.781185287000142 ], [ 2.732635001000062, 8.781239 ], [ 2.731991001000097, 8.781422 ], [ 2.731436, 8.781581 ], [ 2.730966, 8.781908000000158 ], [ 2.730533001000026, 8.782222 ], [ 2.73002700100011, 8.782598 ], [ 2.729763, 8.782983000000115 ], [ 2.729597167000065, 8.783342469000104 ], [ 2.728549999000109, 8.781253000000163 ], [ 2.729118652000182, 8.774799799999982 ], [ 2.728413104000083, 8.772684097000024 ], [ 2.729223966000177, 8.770422936000045 ], [ 2.729317903000037, 8.77015590700006 ], [ 2.730222093000066, 8.767647458999988 ], [ 2.730783, 8.764588001000163 ], [ 2.71778499900006, 8.765472 ], [ 2.710065999000165, 8.765475 ], [ 2.702483, 8.765759001000049 ], [ 2.696583, 8.766073001000109 ], [ 2.683236, 8.766950001 ], [ 2.671582, 8.767302001000189 ], [ 2.648534999000105, 8.769122 ], [ 2.640534, 8.769259 ], [ 2.617258999000114, 8.768016 ], [ 2.601534000000129, 8.768435 ], [ 2.590010999000185, 8.768233 ], [ 2.579647, 8.768051 ], [ 2.576761000000147, 8.767933 ], [ 2.567727000000161, 8.767563 ], [ 2.552625999000099, 8.767807001000051 ], [ 2.547090999000091, 8.76786 ], [ 2.545787, 8.767873000000122 ], [ 2.543777999000042, 8.767838 ], [ 2.538465, 8.767744000000107 ], [ 2.533561000000134, 8.767658 ], [ 2.530413, 8.767792000000156 ], [ 2.51587000000012, 8.768635 ], [ 2.497942, 8.769674 ], [ 2.451887, 8.771090000000186 ], [ 2.431549000000189, 8.770454000000143 ], [ 2.428346, 8.770188000000132 ], [ 2.419969, 8.769491 ], [ 2.414592, 8.769044000000179 ], [ 2.406170000000145, 8.768896 ], [ 2.403789000000131, 8.768854 ], [ 2.398883000000126, 8.768490000000156 ], [ 2.385127, 8.768666000000167 ], [ 2.374890000000164, 8.768208000000129 ], [ 2.364931, 8.767894 ], [ 2.35285400000015, 8.768377 ], [ 2.350557000000151, 8.768369000000121 ], [ 2.343171, 8.768346000000179 ], [ 2.327993000000163, 8.769608000000119 ], [ 2.313958000000127, 8.76964 ], [ 2.283935, 8.769113 ], [ 2.269189000000154, 8.769688 ], [ 2.266528, 8.769363000000112 ], [ 2.260232000000144, 8.768279000000121 ], [ 2.253355000000113, 8.768297000000189 ], [ 2.232156, 8.768759 ], [ 2.224729, 8.768073000000129 ], [ 2.214488000000131, 8.767893000000129 ], [ 2.210005000000137, 8.76739700000013 ], [ 2.20748, 8.767353 ], [ 2.194444, 8.766428 ], [ 2.188683, 8.767518 ], [ 2.189545000000123, 8.772743000000162 ], [ 2.192802000000142, 8.78144600000013 ], [ 2.193884000000139, 8.785797 ], [ 2.203151, 8.793971000000113 ], [ 2.204779, 8.798323000000153 ], [ 2.202568, 8.809187000000179 ], [ 2.209648, 8.818442000000175 ], [ 2.213447000000144, 8.828777000000173 ], [ 2.219975, 8.840749 ], [ 2.225958, 8.852176000000156 ], [ 2.227568, 8.864679 ], [ 2.236827000000176, 8.87720000000013 ], [ 2.240092000000118, 8.883186000000137 ], [ 2.241157000000157, 8.89514400000013 ], [ 2.241138, 8.903296000000125 ], [ 2.234044000000154, 8.898932 ], [ 2.229678, 8.896749 ], [ 2.224751, 8.900541 ], [ 2.220933000000116, 8.897271000000103 ], [ 2.215477, 8.893998000000181 ], [ 2.211107, 8.893444000000159 ], [ 2.206173000000149, 8.899954 ], [ 2.203423000000157, 8.907556 ], [ 2.213248, 8.911927 ], [ 2.216514, 8.91737 ], [ 2.215398000000107, 8.927149 ], [ 2.210482000000127, 8.92605 ], [ 2.206114, 8.92441 ], [ 2.201195, 8.92494100000016 ], [ 2.198446000000104, 8.931456 ], [ 2.197884000000158, 8.93797700000016 ], [ 2.197324, 8.94341 ], [ 2.195128, 8.94775200000015 ], [ 2.198942000000102, 8.952108000000123 ], [ 2.20112, 8.955375000000117 ], [ 2.201654000000133, 8.960811 ], [ 2.201086, 8.969504 ], [ 2.203264000000161, 8.972771 ], [ 2.210356, 8.978223000000128 ], [ 2.220182, 8.983137000000113 ], [ 2.228911000000153, 8.989679 ], [ 2.22999300000015, 8.994573 ], [ 2.226159000000166, 8.997825 ], [ 2.223413000000164, 9.003253 ], [ 2.21793, 9.010304000000133 ], [ 2.217897000000107, 9.023891 ], [ 2.218437, 9.026609 ], [ 2.226616000000149, 9.035325 ], [ 2.229218000000174, 9.039783000000114 ], [ 2.230427, 9.041855000000112 ], [ 2.228779, 9.045113 ], [ 2.227128, 9.049999 ], [ 2.2265680000001, 9.05543200000011 ], [ 2.219462000000135, 9.054872000000159 ], [ 2.200313, 9.061348 ], [ 2.197561, 9.068949000000146 ], [ 2.188246000000106, 9.077621 ], [ 2.170757, 9.075404000000105 ], [ 2.149439000000143, 9.074262 ], [ 2.138509000000113, 9.072603000000129 ], [ 2.100241, 9.073045 ], [ 2.092026, 9.078457 ], [ 2.08492600000011, 9.075720000000103 ], [ 2.082275000000152, 9.076593 ], [ 2.079598000000146, 9.077961 ], [ 2.077394, 9.079455 ], [ 2.072972000000107, 9.082193000000132 ], [ 2.070641000000137, 9.084058 ], [ 2.05863, 9.091662 ], [ 2.034603000000118, 9.094385000000102 ], [ 2.031221, 9.100218 ], [ 2.026417000000151, 9.108501000000103 ], [ 2.027511, 9.117186000000174 ], [ 2.019868, 9.124787 ], [ 2.00403, 9.125877 ], [ 1.989832, 9.129681000000176 ], [ 1.980549, 9.135111 ], [ 1.973451000000182, 9.149768 ], [ 1.971815000000163, 9.162795000000187 ], [ 1.980010000000163, 9.178535 ], [ 1.96963600000015, 9.211106000000143 ], [ 1.977285000000109, 9.218162 ], [ 1.976997, 9.2191 ], [ 1.973463, 9.230646 ], [ 1.97565, 9.243673000000172 ], [ 1.966911, 9.265387 ], [ 1.970737000000156, 9.284385 ], [ 1.978678000000116, 9.355919000000142 ], [ 1.986046000000101, 9.358205 ], [ 1.9980690000001, 9.358746 ], [ 2.009546000000114, 9.362 ], [ 2.022115000000156, 9.363084000000185 ], [ 2.030859000000135, 9.362539 ], [ 2.041788, 9.358193000000142 ], [ 2.054357000000152, 9.357104000000106 ], [ 2.062556000000143, 9.360902000000124 ], [ 2.072393000000147, 9.361983 ], [ 2.080594000000133, 9.369580000000155 ], [ 2.09098, 9.376089 ], [ 2.106831000000113, 9.378797000000191 ], [ 2.10720700000013, 9.38075 ], [ 2.163298, 9.671894000000123 ], [ 2.163302, 9.680037 ], [ 2.162347, 9.681723000000147 ], [ 2.159182000000158, 9.68731 ], [ 2.151833000000181, 9.69508 ], [ 2.16455800000017, 9.701520000000187 ], [ 2.170532, 9.709742000000119 ], [ 2.160622000000103, 9.712932000000137 ], [ 2.146867000000157, 9.716090000000122 ], [ 2.137470000000121, 9.723643 ], [ 2.134215, 9.718714000000148 ], [ 2.137028000000157, 9.710563 ], [ 2.129344000000174, 9.709956 ], [ 2.123818000000142, 9.71427000000017 ], [ 2.11942, 9.71478 ], [ 2.115599, 9.712024 ], [ 2.111161, 9.717437000000189 ], [ 2.105629000000135, 9.722295000000145 ], [ 2.099576, 9.723880000000179 ], [ 2.096699, 9.739658 ], [ 2.088443, 9.74177 ], [ 2.091652, 9.752149 ], [ 2.082792, 9.760794 ], [ 2.077264000000127, 9.765107 ], [ 2.084888000000149, 9.772799 ], [ 2.08421600000014, 9.787503000000129 ], [ 2.082518000000164, 9.793483 ], [ 2.074779, 9.799414000000127 ], [ 2.07087, 9.807009000000107 ], [ 2.072412, 9.819553 ], [ 2.066306000000111, 9.827131000000179 ], [ 2.069551, 9.833151 ], [ 2.064995000000181, 9.837872000000175 ], [ 2.051816, 9.851529 ], [ 2.064876, 9.866349 ], [ 2.088809, 9.894880000000114 ], [ 2.096905, 9.912383 ], [ 2.09783, 9.933095 ], [ 2.092780000000118, 9.945585 ], [ 2.082747, 9.962394000000131 ], [ 2.071883, 9.981046000000106 ], [ 2.082388, 10.004889 ], [ 2.086560000000134, 10.031622 ], [ 2.083211000000119, 10.037587000000144 ], [ 2.071463000000108, 10.04229 ], [ 2.07048200000014, 10.047834 ], [ 2.080308000000116, 10.057738000000143 ], [ 2.085198, 10.062667 ], [ 2.111455, 10.078141 ], [ 2.115849, 10.078722000000141 ], [ 2.126945, 10.08107 ], [ 2.135061000000121, 10.082149000000186 ], [ 2.152107000000115, 10.081741 ], [ 2.173533, 10.083549 ], [ 2.197132000000124, 10.088642 ], [ 2.211455000000171, 10.092765000000156 ], [ 2.222338, 10.096497 ], [ 2.240427000000125, 10.105876000000137 ], [ 2.260999, 10.146358000000134 ], [ 2.261050000000125, 10.149192000000141 ], [ 2.26138, 10.167611 ], [ 2.250291, 10.178966 ], [ 2.24145, 10.252081 ], [ 2.239100000000121, 10.271507 ], [ 2.221758, 10.30733 ], [ 2.199548000000163, 10.332217 ], [ 2.190683000000149, 10.339774 ], [ 2.179102, 10.342950000000144 ], [ 2.164189, 10.349913000000186 ], [ 2.15144800000013, 10.360161 ], [ 2.153058000000101, 10.379217 ], [ 2.155455000000188, 10.407596000000183 ], [ 2.161846000000139, 10.433256 ], [ 2.171598, 10.451860000000124 ], [ 2.192875000000129, 10.475849 ], [ 2.244142, 10.533628 ], [ 2.243897, 10.536305 ], [ 2.243829, 10.54430200000013 ], [ 2.327189, 10.570582000000115 ], [ 2.331933, 10.572077 ], [ 2.347908000000189, 10.57711 ], [ 2.366216000000122, 10.582883 ], [ 2.374281, 10.585426000000155 ], [ 2.421200000000113, 10.60021300000011 ], [ 2.430765000000122, 10.597336 ], [ 2.453838000000133, 10.590395 ], [ 2.47431, 10.578376 ], [ 2.499762000000146, 10.56034 ], [ 2.50916500000011, 10.555970000000116 ], [ 2.514143, 10.554333 ], [ 2.520228, 10.549959000000172 ], [ 2.526315000000125, 10.543398000000138 ], [ 2.532954000000188, 10.537930000000131 ], [ 2.549545, 10.531922 ], [ 2.558395000000189, 10.527551 ], [ 2.569453000000124, 10.528649 ], [ 2.591015, 10.531396 ], [ 2.604285, 10.530855 ], [ 2.622531000000151, 10.531957000000148 ], [ 2.638567, 10.530868000000112 ], [ 2.651836000000117, 10.533606000000134 ], [ 2.665106000000151, 10.533062 ], [ 2.685012000000143, 10.531425000000183 ], [ 2.693305, 10.534710000000189 ], [ 2.694963000000143, 10.54729500000019 ], [ 2.702703000000156, 10.558238000000188 ], [ 2.711550000000159, 10.568088 ], [ 2.715974, 10.5680890000001 ], [ 2.726480000000151, 10.569182000000126 ], [ 2.735776000000158, 10.569551000000104 ], [ 2.740305, 10.569731 ], [ 2.748048, 10.57410700000014 ], [ 2.760214000000133, 10.577937000000134 ], [ 2.764638000000105, 10.578483000000176 ], [ 2.772933, 10.579576 ], [ 2.780123, 10.582859 ], [ 2.796161, 10.586139000000173 ], [ 2.814412000000118, 10.586135 ], [ 2.824918, 10.581756 ], [ 2.829340000000116, 10.574093 ], [ 2.837079, 10.565884 ], [ 2.845922, 10.553296 ], [ 2.852002, 10.544539 ], [ 2.860846000000151, 10.537422 ], [ 2.866928000000144, 10.536873 ], [ 2.87301100000019, 10.537417000000175 ], [ 2.889598, 10.535768000000132 ], [ 2.896786, 10.5352180000001 ], [ 2.906740000000127, 10.536854000000119 ], [ 2.928307, 10.539577000000179 ], [ 2.937155000000132, 10.540667000000155 ], [ 2.954294000000118, 10.537919000000159 ], [ 2.963141000000121, 10.537366 ], [ 2.97696400000018, 10.536261 ], [ 2.993551, 10.535153 ], [ 3.001849, 10.539524 ], [ 3.014566000000116, 10.538965000000189 ], [ 3.021756, 10.540053000000114 ], [ 3.03945, 10.540037 ], [ 3.047745, 10.541123 ], [ 3.062122000000102, 10.54110900000012 ], [ 3.078707000000122, 10.537808 ], [ 3.10448, 10.537895000000105 ], [ 3.11466600000017, 10.539953 ], [ 3.125715, 10.538303 ], [ 3.132372, 10.541028000000153 ], [ 3.139535, 10.541019000000119 ], [ 3.142321, 10.541562000000113 ], [ 3.153937000000155, 10.541000000000167 ], [ 3.166074, 10.538795000000164 ], [ 3.175474, 10.53878200000014 ], [ 3.182673000000136, 10.54114600000014 ], [ 3.184034000000111, 10.541593 ], [ 3.188751000000138, 10.543141 ], [ 3.189859000000126, 10.543055 ], [ 3.195939000000124, 10.542584 ], [ 3.207963, 10.545768000000123 ], [ 3.210321000000135, 10.546392 ], [ 3.213646, 10.550764000000129 ], [ 3.229682000000139, 10.550740000000133 ], [ 3.235763, 10.550183 ], [ 3.241850000000113, 10.55291 ], [ 3.251811, 10.55727 ], [ 3.25789900000018, 10.559996000000183 ], [ 3.268966000000148, 10.564355 ], [ 3.281689, 10.567069 ], [ 3.291647, 10.56924 ], [ 3.303263000000186, 10.57086100000015 ], [ 3.310452, 10.570848000000126 ], [ 3.314119, 10.571618 ], [ 3.316066, 10.572027000000162 ], [ 3.318197000000168, 10.57247400000017 ], [ 3.325391000000138, 10.575198000000171 ], [ 3.328617, 10.575762000000111 ], [ 3.340881000000138, 10.577904 ], [ 3.34752, 10.579533 ], [ 3.359689, 10.580603 ], [ 3.3696470000001, 10.582772000000148 ], [ 3.379055000000164, 10.586036 ], [ 3.386241000000155, 10.584380000000124 ], [ 3.396762, 10.590924000000143 ], [ 3.404517000000112, 10.596926 ], [ 3.416681, 10.595259000000169 ], [ 3.422213, 10.596341000000166 ], [ 3.428853000000174, 10.597968000000151 ], [ 3.438815, 10.600681 ], [ 3.449882, 10.603393 ], [ 3.460943, 10.603367000000105 ], [ 3.466483, 10.60531 ], [ 3.474172000000181, 10.608006 ], [ 3.476441, 10.608802 ], [ 3.485294000000124, 10.610422000000142 ], [ 3.486216000000184, 10.610875000000135 ], [ 3.492161000000181, 10.613427 ], [ 3.500509, 10.613498000000106 ], [ 3.501894000000107, 10.613666000000137 ], [ 3.51734, 10.615858000000117 ], [ 3.530665000000113, 10.618519 ], [ 3.534542000000101, 10.620698 ], [ 3.54616, 10.621761 ], [ 3.558326, 10.621183 ], [ 3.568287000000112, 10.623345 ], [ 3.579897, 10.621673 ], [ 3.593179, 10.624920000000145 ], [ 3.605347000000108, 10.624887 ], [ 3.614754, 10.626502 ], [ 3.627480000000162, 10.628108000000111 ], [ 3.638541, 10.628076000000135 ], [ 3.650718000000154, 10.631323 ], [ 3.677273000000127, 10.633432 ], [ 3.683363, 10.635604 ], [ 3.697199000000182, 10.638298000000191 ], [ 3.707702, 10.636623000000156 ], [ 3.712673000000109, 10.634419 ], [ 3.727067, 10.638751000000184 ], [ 3.736470000000168, 10.638721 ], [ 3.752507000000151, 10.638124000000175 ], [ 3.761362, 10.639735 ], [ 3.76911, 10.641352 ], [ 3.783504000000164, 10.645133000000101 ], [ 3.796787000000165, 10.647825 ], [ 3.808962000000179, 10.649971 ], [ 3.815595, 10.648855 ], [ 3.822225000000117, 10.646644 ], [ 3.826353, 10.649392 ], [ 3.832242, 10.588363000000186 ], [ 3.813261, 10.554725000000133 ], [ 3.808751, 10.536614000000156 ], [ 3.789834, 10.492863 ], [ 3.779216, 10.447995 ], [ 3.778058, 10.426646 ], [ 3.771895907999976, 10.413709746000109 ], [ 3.769321918000173, 10.415802002000021 ], [ 3.760737896000137, 10.418588638000017 ], [ 3.74984192800008, 10.424391747000129 ], [ 3.730601073000173, 10.433891297000116 ], [ 3.71646404300003, 10.442680359000065 ], [ 3.695132971000078, 10.453799248000166 ], [ 3.692332030000046, 10.454770088000032 ], [ 3.687696933000097, 10.45637702900018 ], [ 3.686173916000143, 10.455451965 ], [ 3.670837625000161, 10.445917700000109 ], [ 3.665420056000187, 10.442549706000023 ], [ 3.658890963000033, 10.43986034500017 ], [ 3.646060944000112, 10.435096741000166 ], [ 3.637654065000049, 10.427589417000036 ], [ 3.632828952000068, 10.419070243000021 ], [ 3.631850958000143, 10.417246820000059 ], [ 3.631618023000158, 10.416813850000096 ], [ 3.632765054000117, 10.414141655000094 ], [ 3.634480954000139, 10.397026062000123 ], [ 3.634692907000044, 10.394920349000074 ], [ 3.633924961000048, 10.389928817000055 ], [ 3.629640102, 10.38197231200013 ], [ 3.626307963999977, 10.373609542999986 ], [ 3.625104905, 10.371803283000133 ], [ 3.624955893000106, 10.371582032000049 ], [ 3.619761944000174, 10.363778114000013 ], [ 3.615262986000062, 10.357018470000128 ], [ 3.614399910000088, 10.355718612000032 ], [ 3.60315203600004, 10.327489854000135 ], [ 3.59641289800004, 10.310045242 ], [ 3.584171057000106, 10.278369905000147 ], [ 3.584625005000021, 10.275149346000035 ], [ 3.592211961000032, 10.253278732000183 ], [ 3.597740888000146, 10.241768837000052 ], [ 3.612528085000179, 10.221719743000165 ], [ 3.620640040000183, 10.215909958000054 ], [ 3.623178959000029, 10.214091300000177 ], [ 3.646301031000178, 10.189411164000092 ], [ 3.654085133000137, 10.184824085000059 ], [ 3.655333040000073, 10.184088707000114 ], [ 3.670873449999988, 10.183818587000189 ], [ 3.672506094000084, 10.183790208000062 ], [ 3.672551441, 10.183745013000134 ], [ 3.673835955000072, 10.182464803000073 ], [ 3.678056001000186, 10.178258896000159 ], [ 3.678570578000063, 10.173367544000087 ], [ 3.678207000000157, 10.171796 ], [ 3.678570578000063, 10.173367542999983 ], [ 3.678951025000174, 10.169751168000175 ], [ 3.67588210100007, 10.155968667000138 ], [ 3.676089049000154, 10.149299622000171 ], [ 3.673275947000093, 10.142190934000155 ], [ 3.673244953000051, 10.142066003000025 ], [ 3.670058011000151, 10.129911423000124 ], [ 3.669944048000048, 10.129487991000076 ], [ 3.669615983000142, 10.128232002000175 ], [ 3.66898489100015, 10.125829697000086 ], [ 3.668097972000055, 10.122440338000047 ], [ 3.666167974000075, 10.116691589000027 ], [ 3.66286993, 10.107081413000117 ], [ 3.662817002000054, 10.106930734 ], [ 3.66124510800006, 10.105697631000055 ], [ 3.65827703400015, 10.103170395000177 ], [ 3.657967090000056, 10.10312938800007 ], [ 3.657860040000116, 10.103116035000141 ], [ 3.646502972000121, 10.101671220000071 ], [ 3.640357017000042, 10.09780311600008 ], [ 3.636218071000087, 10.096570016000044 ], [ 3.630122900000174, 10.093600274000153 ], [ 3.629506111000012, 10.093301773000064 ], [ 3.629240989000095, 10.093170166000107 ], [ 3.628614902000095, 10.092581748999976 ], [ 3.627059936000023, 10.091058732000022 ], [ 3.623631953000029, 10.087921143000017 ], [ 3.619556904999968, 10.08176899 ], [ 3.615601062000167, 10.075632095 ], [ 3.611588954000183, 10.06239032700006 ], [ 3.611206054000149, 10.052920343000039 ], [ 3.61099004800019, 10.045802117000108 ], [ 3.611015082000165, 10.045203209000135 ], [ 3.611731053000142, 10.028414727000154 ], [ 3.61204505000012, 10.021059990000083 ], [ 3.6118540760001, 10.019354820000046 ], [ 3.61183595600005, 10.019188882000037 ], [ 3.611104011000123, 10.012893677000079 ], [ 3.611067057000071, 10.012558937000051 ], [ 3.611151933000031, 10.009287834000077 ], [ 3.611356973000113, 10.00000095300004 ], [ 3.611445904000107, 9.996011734000092 ], [ 3.611387014000172, 9.995656967000116 ], [ 3.608601094000051, 9.979837418000102 ], [ 3.60846209500005, 9.979339600000117 ], [ 3.602315902000157, 9.957432746000165 ], [ 3.595777035000083, 9.945736885000088 ], [ 3.582953930000031, 9.935140608999973 ], [ 3.571058989000051, 9.925420761000112 ], [ 3.564198971000167, 9.915978431000099 ], [ 3.564220301000148, 9.907047308000188 ], [ 3.564222012000016, 9.906331094000052 ], [ 3.564238072000137, 9.899606704000064 ], [ 3.562298059000113, 9.895080567000093 ], [ 3.562194109000188, 9.894957543000032 ], [ 3.560936378000122, 9.893496786000071 ], [ 3.559843655000066, 9.892227672000047 ], [ 3.551039934000187, 9.882002831000023 ], [ 3.548048973999983, 9.880800246999968 ], [ 3.547552108000104, 9.879029274000118 ], [ 3.538964986000167, 9.869157792000124 ], [ 3.538691043000142, 9.868843079000101 ], [ 3.533312083000055, 9.864866256000084 ], [ 3.529644966000092, 9.862080575000107 ], [ 3.529232980000131, 9.862008095000135 ], [ 3.52905988700013, 9.861886979000076 ], [ 3.527532412000141, 9.861632573000179 ], [ 3.522394895000048, 9.860776902000168 ], [ 3.521019576000185, 9.860547423000071 ], [ 3.517107964, 9.859894753000106 ], [ 3.512230400000021, 9.857799472000181 ], [ 3.511136054000076, 9.857329368000023 ], [ 3.498831033000101, 9.858272552000074 ], [ 3.498416901000098, 9.858357431000059 ], [ 3.481204987000069, 9.86183261900004 ], [ 3.474755049, 9.863224984 ], [ 3.458797991000097, 9.861476083000184 ], [ 3.456429958000172, 9.861216545000048 ], [ 3.449347020000175, 9.858926773000121 ], [ 3.43554210700006, 9.854461671000138 ], [ 3.424060106000127, 9.850650786000017 ], [ 3.408272029000045, 9.844911576000186 ], [ 3.39171004300016, 9.838833809000107 ], [ 3.390005111000107, 9.838207244000046 ], [ 3.378984929000126, 9.833799363000082 ], [ 3.371284008000032, 9.83105754800016 ], [ 3.370759964, 9.830870628000184 ], [ 3.363214015000153, 9.828145027000176 ], [ 3.356626987000141, 9.825662613000077 ], [ 3.354797420000182, 9.824152947000073 ], [ 3.353836969000042, 9.823360431000026 ], [ 3.347313880000058, 9.817977906000124 ], [ 3.346899986000096, 9.817548751000061 ], [ 3.340237486000035, 9.810303167000086 ], [ 3.3400324320001, 9.810080167000081 ], [ 3.340023994000148, 9.810070991000032 ], [ 3.329516888000114, 9.798416137000117 ], [ 3.323395014000027, 9.776936531000104 ], [ 3.323405980000018, 9.776757240000109 ], [ 3.323462231000178, 9.775759047 ], [ 3.323520245000168, 9.774729568 ], [ 3.323599244000036, 9.773327687000119 ], [ 3.323992278000048, 9.766353144999982 ], [ 3.324276924000173, 9.761301995000053 ], [ 3.328557014000069, 9.745926857000143 ], [ 3.338723898000183, 9.725856782000164 ], [ 3.340059995000161, 9.720907212000043 ], [ 3.350231887000177, 9.705187798000111 ], [ 3.35035896300019, 9.704989434000026 ], [ 3.35187006100017, 9.698374749000095 ], [ 3.352104902000121, 9.697395326000162 ], [ 3.351464959000054, 9.69535023800006 ], [ 3.349961042000018, 9.690544129000045 ], [ 3.34946107900015, 9.688225746000114 ], [ 3.349155904000042, 9.686800004000133 ], [ 3.348649978000083, 9.6854066840001 ], [ 3.34856105, 9.685273170000073 ], [ 3.343137027000012, 9.68091487900017 ], [ 3.335501909000129, 9.675185205000048 ], [ 3.335131885000067, 9.674871445000178 ], [ 3.330024958000024, 9.67048645 ], [ 3.327073097000152, 9.667952538000122 ], [ 3.322251081000161, 9.663817405000032 ], [ 3.317857027, 9.659779548000188 ], [ 3.31634306899997, 9.658747672000061 ], [ 3.31491708700014, 9.657733917000087 ], [ 3.313554048000071, 9.657647133000012 ], [ 3.309607984000081, 9.65752601600002 ], [ 3.300468922000107, 9.659787178000101 ], [ 3.29231, 9.662055015000078 ], [ 3.280405999000152, 9.661745072000087 ], [ 3.273310900000126, 9.659552575000134 ], [ 3.271612883000046, 9.65903091500013 ], [ 3.271487952000086, 9.658926011000176 ], [ 3.266597033000153, 9.654834747000052 ], [ 3.263551950000021, 9.652289390000021 ], [ 3.262118101000112, 9.650016785 ], [ 3.261317968000071, 9.648655892000136 ], [ 3.255928041000061, 9.639717103000123 ], [ 3.255569588000185, 9.634426553000083 ], [ 3.253775000000189, 9.631886 ], [ 3.255569588000185, 9.63442655200015 ], [ 3.255492925000112, 9.633295060000137 ], [ 3.255189896, 9.629823685000076 ], [ 3.253441096000074, 9.609871864000127 ], [ 3.253254890000164, 9.609498024000061 ], [ 3.252105896000103, 9.607197211000027 ], [ 3.249763011000141, 9.602505684999983 ], [ 3.249605894000183, 9.60228919900004 ], [ 3.239742040000124, 9.588352205000092 ], [ 3.233412027000156, 9.57781410299998 ], [ 3.232321023999987, 9.575899124999978 ], [ 3.232223034000071, 9.575815201000182 ], [ 3.227308989000164, 9.571627617000047 ], [ 3.226634025000124, 9.570830345 ], [ 3.221379041000148, 9.56242942900019 ], [ 3.216177939000033, 9.553992271000027 ], [ 3.216089011000179, 9.553849221000064 ], [ 3.207909108000081, 9.544481278000092 ], [ 3.202639103000024, 9.532600404000107 ], [ 3.194761036000045, 9.515098571000181 ], [ 3.186305046000086, 9.507082940000146 ], [ 3.186106921000089, 9.506896019000067 ], [ 3.184335948000069, 9.50618743900003 ], [ 3.183168888000125, 9.505720139000118 ], [ 3.182506085000057, 9.505455971000117 ], [ 3.180959939000047, 9.504837990000055 ], [ 3.175395012000138, 9.502640725000049 ], [ 3.163367985000036, 9.497801781000078 ], [ 3.15715002900015, 9.494400024000072 ], [ 3.154836893000095, 9.493068697000126 ], [ 3.151388883000095, 9.488200188000064 ], [ 3.149274109999965, 9.485067369000149 ], [ 3.148963928000057, 9.484533311000177 ], [ 3.13615489, 9.462879181000119 ], [ 3.136122942000043, 9.462744713 ], [ 3.130999089, 9.440149308000173 ], [ 3.131682016000127, 9.436102926000046 ], [ 3.131652999000153, 9.436038 ], [ 3.130132999000125, 9.432635001000108 ], [ 3.132323, 9.421430000000157 ], [ 3.130133, 9.432635000000175 ], [ 3.131653, 9.436038 ], [ 3.13168201700006, 9.436102925000114 ], [ 3.133372067999971, 9.426089287000082 ], [ 3.138628340000025, 9.411723536000125 ], [ 3.148058425000045, 9.3859504670001 ], [ 3.15179395600012, 9.375741006000112 ], [ 3.15182590500018, 9.375539779000064 ], [ 3.152764535000017, 9.36988659900004 ], [ 3.153624059000094, 9.364709854000068 ], [ 3.15296101500013, 9.356782913000075 ], [ 3.152918101000125, 9.356156350000049 ], [ 3.152771949000112, 9.354414939000094 ], [ 3.151511908000032, 9.339429857000141 ], [ 3.151518107000129, 9.339213372000074 ], [ 3.151673911000046, 9.332710212000052 ], [ 3.151942015000031, 9.321519852000165 ], [ 3.151947021000069, 9.321365357000104 ], [ 3.152984645000117, 9.314313792000064 ], [ 3.15434299900005, 9.295248998999966 ], [ 3.156750273000114, 9.281767720000175 ], [ 3.149981975, 9.272591591000037 ], [ 3.131680966000033, 9.259074211000041 ], [ 3.126363992000108, 9.252183914000057 ], [ 3.123250008000014, 9.24198532000014 ], [ 3.122225044000118, 9.238402367000106 ], [ 3.121902943000066, 9.224934579000035 ], [ 3.121963025000071, 9.222908974000063 ], [ 3.121986143000186, 9.222113214000103 ], [ 3.122021086000132, 9.220910418000074 ], [ 3.122226953000052, 9.213824273000057 ], [ 3.122308283, 9.212631857000133 ], [ 3.122737826000105, 9.206334104000177 ], [ 3.123365126000124, 9.197136960000023 ], [ 3.123698949000129, 9.192242622000037 ], [ 3.120699883000157, 9.187483787000019 ], [ 3.116638898000133, 9.180355073000158 ], [ 3.114728927000101, 9.17688942000018 ], [ 3.10659694800006, 9.162139891999971 ], [ 3.105795507000096, 9.160630168000125 ], [ 3.102191102000063, 9.153840327000125 ], [ 3.101305007000178, 9.152171135 ], [ 3.096554343000037, 9.140603580000118 ], [ 3.093349934, 9.132801057000108 ], [ 3.092128992000085, 9.129831315000104 ], [ 3.092111111000122, 9.129696846000058 ], [ 3.09107995100004, 9.122350692000111 ], [ 3.090195090000122, 9.116033635000122 ], [ 3.089177682000127, 9.108770319000087 ], [ 3.088434108000058, 9.103461908999975 ], [ 3.088170052000066, 9.101576806000082 ], [ 3.08351397600012, 9.097866059000069 ], [ 3.072407008000027, 9.094536781000158 ], [ 3.056247949000181, 9.089689253000131 ], [ 3.05328488400005, 9.087700843000107 ], [ 3.052114010000025, 9.087157250000189 ], [ 3.051388978000034, 9.086714745000052 ], [ 3.050311088000058, 9.086319923000076 ], [ 3.049540997000179, 9.085960388999979 ], [ 3.045272112000021, 9.084486008000113 ], [ 3.042598963000103, 9.083510398000044 ], [ 3.037502049000068, 9.083028793000096 ], [ 3.035438061000036, 9.082790376000162 ], [ 3.03509307000013, 9.082751273000042 ], [ 3.027266978000114, 9.079780579999976 ], [ 3.02344202900008, 9.078374864000068 ], [ 3.018784046000064, 9.076644897000165 ], [ 3.017570973000147, 9.076195716000029 ], [ 3.014914036000107, 9.075654029000077 ], [ 3.01476097200009, 9.075614930000143 ], [ 3.008142949000046, 9.073917389000087 ], [ 2.994276047000085, 9.073938370000121 ], [ 2.984102010000186, 9.072344781000027 ], [ 2.968874932000062, 9.077816962000043 ], [ 2.965532065000161, 9.079015731000027 ], [ 2.964068889000032, 9.079542160000187 ], [ 2.956387997000093, 9.092365264000136 ], [ 2.953382016000148, 9.092598914000121 ], [ 2.95162892400009, 9.092383385000119 ], [ 2.944269896000094, 9.091472624000176 ], [ 2.938255072000175, 9.090643883999974 ], [ 2.935998916000187, 9.090450287000067 ], [ 2.927556991000074, 9.089406012999973 ], [ 2.918993950000072, 9.088234899999975 ], [ 2.912571905000107, 9.087432861000138 ], [ 2.906672954000101, 9.086155891000033 ], [ 2.896111965000159, 9.083726881000132 ], [ 2.89146709400012, 9.080204964000131 ], [ 2.881942033000087, 9.072986604000107 ], [ 2.88047003700018, 9.068593025999974 ], [ 2.880271032000167, 9.067999326000063 ], [ 2.879153013000121, 9.064663886000176 ], [ 2.867593051000028, 9.06215 ], [ 2.863595126000064, 9.062850665000155 ], [ 2.854418993000138, 9.064458846000036 ], [ 2.837315082000089, 9.06424522400016 ], [ 2.812381029000164, 9.064668655000105 ], [ 2.810115100000189, 9.064560890000166 ], [ 2.80757403299998, 9.064560890000166 ], [ 2.804980038000053, 9.064796447 ], [ 2.804629088000127, 9.064803123000047 ], [ 2.80035209700003, 9.064694405000125 ], [ 2.79393100600015, 9.064827919000152 ], [ 2.780891894000035, 9.065108300000134 ], [ 2.778307915000028, 9.053985595000086 ], [ 2.779036999000141, 9.051703454000176 ], [ 2.779125928000155, 9.051617623000084 ], [ 2.786173105000103, 9.04489898700001 ], [ 2.782829999000114, 9.037273407000043 ], [ 2.782735448147658, 9.035961146049679 ], [ 2.782735449000086, 9.035961144999987 ], [ 2.782731504000026, 9.035906405000105 ], [ 2.782589913000152, 9.033941269000024 ], [ 2.782438040000102, 9.031812667000111 ], [ 2.782426121000071, 9.031655312000169 ], [ 2.774440051000113, 9.026288033000071 ], [ 2.774269104999973, 9.026171685 ], [ 2.774858952000045, 9.02492332300011 ], [ 2.775538923000056, 9.023792266000044 ], [ 2.776108026000031, 9.023653030000105 ], [ 2.783159972000135, 9.021931648000134 ], [ 2.783267022000132, 9.021637917000078 ], [ 2.784018994000178, 9.019428253000058 ], [ 2.782644989000062, 9.01620674000003 ], [ 2.782561064000163, 9.016007424000065 ], [ 2.77383399100006, 9.011644364000176 ], [ 2.77202010200017, 9.010737419 ], [ 2.77185988500014, 9.010655403000158 ], [ 2.772126912000147, 9.007446290000132 ], [ 2.779578566000112, 9.005776679000064 ], [ 2.78089499500004, 9.005481721000024 ], [ 2.781090975000097, 9.005440711000176 ], [ 2.782412053000144, 9.003100396000093 ], [ 2.781212768000159, 9.000952644000165 ], [ 2.777820110000107, 8.994876859999977 ], [ 2.779831886000125, 8.99163055300005 ], [ 2.781514854000079, 8.991381693000108 ], [ 2.786823034000179, 8.990596771000128 ], [ 2.787999287000048, 8.98868118900009 ], [ 2.788419961000045, 8.987996101000078 ], [ 2.788604975000055, 8.987694740000109 ], [ 2.78842902100007, 8.987346649000187 ], [ 2.787445068000125, 8.985400200000129 ], [ 2.782724178000137, 8.982876676999979 ], [ 2.782140969000125, 8.982564927000112 ], [ 2.783031941000104, 8.978294372 ], [ 2.785069332000035, 8.976365391 ], [ 2.787328959000035, 8.974225998000179 ], [ 2.787364959000172, 8.97412776900012 ], [ 2.788288714000089, 8.971716372 ], [ 2.788846016000036, 8.970261573000187 ], [ 2.785769939000147, 8.964109422000149 ], [ 2.775838447000183, 8.957652347000135 ], [ 2.775838446122165, 8.957652347429214 ], [ 2.775070904000188, 8.957153321000078 ], [ 2.773354807582917, 8.955322585621913 ], [ 2.773354808000136, 8.95532258500009 ], [ 2.77272605800016, 8.954651834000117 ], [ 2.771058082000138, 8.952872276000164 ], [ 2.771178960000043, 8.952836036000178 ], [ 2.77618377400006, 8.951254153000093 ], [ 2.778182029000106, 8.95062256000017 ], [ 2.779125720000138, 8.949207774000172 ], [ 2.781113799000025, 8.946227236000084 ], [ 2.781422867, 8.945763879000026 ], [ 2.781783105000159, 8.945223810000016 ] ] ], [ [ [ 3.156946897000068, 9.296362876000046 ], [ 3.157078207999973, 9.295840518000148 ], [ 3.158292055000175, 9.291011810000157 ], [ 3.157716305000122, 9.286360400000035 ], [ 3.157227993000049, 9.282415390000097 ], [ 3.156964698000024, 9.282058427000152 ], [ 3.156750274000046, 9.281767721000108 ], [ 3.154343000000154, 9.295249 ], [ 3.152984645000117, 9.314313793000167 ], [ 3.153683903000058, 9.309561729999984 ], [ 3.153774976000079, 9.309210778000079 ], [ 3.156946897000068, 9.296362876000046 ] ] ] ] } },
{ "type": "Feature", "properties": { "fid": 5, "GID_1": "BEN.5_1", "GID_0": "BEN", "COUNTRY": "Benin", "NAME_1": "Collines", "VARNAME_1": "NA", "NL_NAME_1": "NA", "TYPE_1": "Département", "ENGTYPE_1": "Department", "CC_1": "NA", "HASC_1": "BJ.CL", "ISO_1": "BJ-CO" }, "geometry": { "type": "MultiPolygon", "coordinates": [ [ [ [ 2.109170000000177, 7.556276 ], [ 2.087379, 7.560266000000183 ], [ 2.055873, 7.560304000000144 ], [ 2.029579000000126, 7.573975 ], [ 2.002197, 7.587343 ], [ 2.000560000000178, 7.588142 ], [ 1.991072, 7.603708000000154 ], [ 1.978316000000177, 7.619761 ], [ 1.956370000000163, 7.632956 ], [ 1.951172, 7.635147000000131 ], [ 1.932847, 7.642871 ], [ 1.90456, 7.645119 ], [ 1.883876, 7.647489 ], [ 1.863673000000119, 7.653661 ], [ 1.850629, 7.653987 ], [ 1.823182, 7.638357000000155 ], [ 1.746945, 7.636778 ], [ 1.696316, 7.635722000000101 ], [ 1.640316444000064, 7.634546236000119 ], [ 1.637410947000092, 7.640425180000022 ], [ 1.636938001000033, 7.641381999000032 ], [ 1.633066992000067, 7.655498459000114 ], [ 1.632758789999968, 7.656622384000116 ], [ 1.631475, 7.661304 ], [ 1.63115400099997, 7.675763999000026 ], [ 1.630903000000103, 7.67660599900006 ], [ 1.632158, 7.711124000000154 ], [ 1.632785001000116, 7.731835001000036 ], [ 1.635924001000149, 7.796478999000101 ], [ 1.635433676147058, 7.807259115770525 ], [ 1.635433675000058, 7.80725911900015 ], [ 1.635296000000153, 7.81028600000019 ], [ 1.629647001000023, 7.826603999000042 ], [ 1.630364251, 7.836405532000015 ], [ 1.631530000000112, 7.852336000999969 ], [ 1.631666566000035, 7.859706 ], [ 1.632158, 7.886226998999973 ], [ 1.634040999000149, 7.896896 ], [ 1.634040999000149, 7.901010254000028 ], [ 1.634040999000149, 7.901349364000055 ], [ 1.634040999000149, 7.903171999000108 ], [ 1.632933447000141, 7.914986167000109 ], [ 1.632886866000092, 7.915483038000104 ], [ 1.632716999000024, 7.917295001000184 ], [ 1.633639000000187, 7.917369000000178 ], [ 1.634040999000149, 7.920984000000146 ], [ 1.634844, 7.956129999000154 ], [ 1.634978549000095, 7.960076840000113 ], [ 1.635978072000057, 7.989396394000039 ], [ 1.636049, 7.991477001000021 ], [ 1.636049212000103, 7.991489560000048 ], [ 1.636051377, 7.991617259000066 ], [ 1.637499218000187, 8.077034857000115 ], [ 1.63946844000003, 8.193212167000127 ], [ 1.63964513600007, 8.203636641 ], [ 1.641271000000131, 8.299557001000096 ], [ 1.641140001000053, 8.300000999000076 ], [ 1.641271000000131, 8.30036 ], [ 1.638056999000071, 8.327674000000115 ], [ 1.636851998999987, 8.339723999000171 ], [ 1.630425999000181, 8.343741001000183 ], [ 1.625318, 8.351598 ], [ 1.625640733000182, 8.354502598000181 ], [ 1.6256407341605, 8.354502598444054 ], [ 1.626007001000119, 8.357798999000181 ], [ 1.626007001000119, 8.367037 ], [ 1.626810002000184, 8.379890999 ], [ 1.629622000000154, 8.392342999 ], [ 1.633237001000055, 8.403991001000122 ], [ 1.637254000000155, 8.410418000000107 ], [ 1.643681, 8.413228999000069 ], [ 1.646091000000183, 8.417245999000102 ], [ 1.645287, 8.424074 ], [ 1.64327900100011, 8.427287998999986 ], [ 1.639664001000142, 8.432509998000171 ], [ 1.640869002000102, 8.43974 ], [ 1.64260640100008, 8.452946154000131 ], [ 1.642877000000169, 8.455003000000147 ], [ 1.645496433000062, 8.46515147100007 ], [ 1.646091000000183, 8.467455000000143 ], [ 1.646401, 8.469837 ], [ 1.650547001000177, 8.478289999000026 ], [ 1.649922, 8.478124 ], [ 1.650192, 8.478432000000112 ], [ 1.650074159000155, 8.478903360000061 ], [ 1.649896275000174, 8.479614905000062 ], [ 1.649507002000178, 8.481172000000186 ], [ 1.649278818000141, 8.487551160000066 ], [ 1.649164, 8.490761 ], [ 1.641287001000137, 8.503433000000143 ], [ 1.640599185000099, 8.504431539999985 ], [ 1.637504, 8.508925 ], [ 1.637493698000071, 8.509103947000142 ], [ 1.6371365870001, 8.51530667600008 ], [ 1.633007017000182, 8.587033777000102 ], [ 1.632824994000146, 8.590195353000013 ], [ 1.632703591000109, 8.592304013000046 ], [ 1.646779001000141, 8.59010299900001 ], [ 1.657153001000154, 8.589598999000088 ], [ 1.668596, 8.595075999000073 ], [ 1.673413, 8.597896000000105 ], [ 1.675132001000065, 8.598902999000188 ], [ 1.683315, 8.600564 ], [ 1.69749400000012, 8.604419999000129 ], [ 1.702948, 8.606069 ], [ 1.708411000000126, 8.605001998999967 ], [ 1.725882, 8.604522000000145 ], [ 1.735155000000134, 8.606729000000144 ], [ 1.741127001000166, 8.615986999000086 ], [ 1.750927, 8.623628999 ], [ 1.761283000000162, 8.628556000000117 ], [ 1.772198000000174, 8.629681000000119 ], [ 1.789672, 8.628653 ], [ 1.8049630000001, 8.62762 ], [ 1.817524, 8.62657499900007 ], [ 1.832316001000095, 8.611408 ], [ 1.837235, 8.609795000000133 ], [ 1.841078, 8.603285999000093 ], [ 1.846545000000162, 8.601130000000126 ], [ 1.847334001000149, 8.592920000000106 ], [ 1.84733400044369, 8.592919999875463 ], [ 1.858592, 8.589757 ], [ 1.871164, 8.584908000000155 ], [ 1.883195000000171, 8.578424 ], [ 1.893046, 8.570847 ], [ 1.899061000000188, 8.567605 ], [ 1.904521, 8.567079 ], [ 1.911114, 8.553514000000177 ], [ 1.919296, 8.555713 ], [ 1.926379, 8.560081000000139 ], [ 1.937849, 8.557942 ], [ 1.947667, 8.560689 ], [ 1.951536, 8.544941000000108 ], [ 1.961919, 8.541167000000144 ], [ 1.972306000000117, 8.535764 ], [ 1.981048000000101, 8.533071000000177 ], [ 1.985429000000181, 8.528193000000158 ], [ 1.994164000000126, 8.527675000000102 ], [ 1.995813000000169, 8.523875 ], [ 1.993665, 8.51137000000017 ], [ 1.993924000000163, 8.50960700000013 ], [ 1.99422200000015, 8.507567 ], [ 2.005686, 8.507056 ], [ 2.016606, 8.506 ], [ 2.028608, 8.508207 ], [ 2.043889, 8.509335 ], [ 2.05754, 8.507199000000185 ], [ 2.070645000000127, 8.505604 ], [ 2.077183000000161, 8.509969 ], [ 2.103407000000118, 8.501341 ], [ 2.111073, 8.491579 ], [ 2.118719000000169, 8.489967 ], [ 2.121472, 8.480736000000149 ], [ 2.129649000000143, 8.48456 ], [ 2.142195000000129, 8.487852 ], [ 2.150352, 8.500372 ], [ 2.147601000000122, 8.509061 ], [ 2.159604000000115, 8.511264 ], [ 2.161262000000136, 8.503116 ], [ 2.173811000000171, 8.505320000000154 ], [ 2.180369, 8.502074000000164 ], [ 2.185291, 8.49828100000019 ], [ 2.193470000000161, 8.502105 ], [ 2.200557000000174, 8.505926 ], [ 2.213668000000155, 8.504984 ], [ 2.207090000000164, 8.513006000000132 ], [ 2.203791, 8.523325 ], [ 2.203199, 8.543432000000166 ], [ 2.217837000000145, 8.587487 ], [ 2.217258000000186, 8.601616 ], [ 2.21505, 8.611937000000125 ], [ 2.217978, 8.62619 ], [ 2.218289, 8.627705 ], [ 2.222625000000164, 8.641846000000157 ], [ 2.218762, 8.659227000000101 ], [ 2.209434000000101, 8.678227000000106 ], [ 2.203938000000107, 8.692888 ], [ 2.204999000000157, 8.706477 ], [ 2.206576, 8.732024 ], [ 2.204375, 8.739084 ], [ 2.192316, 8.756446 ], [ 2.188683, 8.767518 ], [ 2.194444, 8.766428 ], [ 2.20748, 8.767353 ], [ 2.210005000000137, 8.76739700000013 ], [ 2.214488000000131, 8.767893000000129 ], [ 2.224729, 8.768073000000129 ], [ 2.232156, 8.768759 ], [ 2.253355000000113, 8.768297000000189 ], [ 2.260232000000144, 8.768279000000121 ], [ 2.266528, 8.769363000000112 ], [ 2.269189000000154, 8.769688 ], [ 2.283935, 8.769113 ], [ 2.313958000000127, 8.76964 ], [ 2.327993000000163, 8.769608000000119 ], [ 2.343171, 8.768346000000179 ], [ 2.350557000000151, 8.768369000000121 ], [ 2.35285400000015, 8.768377 ], [ 2.364931, 8.767894 ], [ 2.374890000000164, 8.768208000000129 ], [ 2.385127, 8.768666000000167 ], [ 2.398883000000126, 8.768490000000156 ], [ 2.403789000000131, 8.768854 ], [ 2.406170000000145, 8.768895999000108 ], [ 2.414592, 8.769044000000179 ], [ 2.41996900100014, 8.769491 ], [ 2.428346, 8.770188000000132 ], [ 2.431549000000189, 8.770454000000143 ], [ 2.451887, 8.771090000000186 ], [ 2.497942, 8.769674 ], [ 2.51587000000012, 8.768635 ], [ 2.530413, 8.767792000000156 ], [ 2.533561000000134, 8.767658 ], [ 2.538465, 8.767744000000107 ], [ 2.543778000000145, 8.767838 ], [ 2.545787, 8.767873000000122 ], [ 2.547091, 8.76786 ], [ 2.552626, 8.767807000000118 ], [ 2.567727000000161, 8.767563 ], [ 2.576761000000147, 8.767933 ], [ 2.579647, 8.768051 ], [ 2.590011, 8.768232999000134 ], [ 2.601534000000129, 8.768435 ], [ 2.617259, 8.768016 ], [ 2.640534001000162, 8.769259 ], [ 2.648535, 8.769122 ], [ 2.671582, 8.767302 ], [ 2.683236, 8.766950000000122 ], [ 2.696583, 8.766073 ], [ 2.702483, 8.765759000000173 ], [ 2.710066, 8.765475 ], [ 2.717785000000163, 8.765472 ], [ 2.730783, 8.764587999000184 ], [ 2.730222093000066, 8.767647458000113 ], [ 2.731950460000178, 8.762852534 ], [ 2.733891963000133, 8.757466316000034 ], [ 2.74114608800005, 8.74784755800016 ], [ 2.744083881, 8.743954658000121 ], [ 2.746088027000098, 8.735203742000124 ], [ 2.745713592000129, 8.72762477200007 ], [ 2.745177984000065, 8.716783525000039 ], [ 2.745305095000163, 8.715901529000064 ], [ 2.745392087000084, 8.715297910000118 ], [ 2.74585947200012, 8.712054825000109 ], [ 2.746179104000078, 8.709836959000086 ], [ 2.748452903000043, 8.704753876000098 ], [ 2.749368473000118, 8.702599667000129 ], [ 2.749869109000144, 8.701421738000079 ], [ 2.750379086000123, 8.700288772000135 ], [ 2.746309042000178, 8.691802025000015 ], [ 2.744100094000032, 8.687225341999977 ], [ 2.744060992000186, 8.687092781000104 ], [ 2.742790023000055, 8.682797583000024 ], [ 2.742643508000128, 8.682302443000083 ], [ 2.741369963000182, 8.677998543000115 ], [ 2.742115386000137, 8.676236815000038 ], [ 2.7433820440001, 8.673243205000119 ], [ 2.744639850999988, 8.670270513 ], [ 2.746179104000078, 8.666632652000033 ], [ 2.739423037000051, 8.660825730000056 ], [ 2.73831095200012, 8.657263743000101 ], [ 2.738136347000136, 8.656704487000013 ], [ 2.737565995000011, 8.65487766200016 ], [ 2.738910913000097, 8.650717736000047 ], [ 2.738955975000124, 8.650581360000103 ], [ 2.741513013000088, 8.649147987999982 ], [ 2.746536971000126, 8.646109581000019 ], [ 2.747889556000018, 8.643029132000152 ], [ 2.749059916000078, 8.640363694000087 ], [ 2.749521972000082, 8.633595467000077 ], [ 2.749886433000142, 8.628254331000107 ], [ 2.750087022000116, 8.625314714000126 ], [ 2.750166683000089, 8.619820336000089 ], [ 2.750175942000055, 8.619181709000088 ], [ 2.750191927, 8.618079185 ], [ 2.750181835999967, 8.617344309000146 ], [ 2.750137083000084, 8.614085277000129 ], [ 2.75012588400017, 8.613269807000165 ], [ 2.750057936000019, 8.608315467000068 ], [ 2.749988272000166, 8.60646617000009 ], [ 2.749935988000061, 8.605078259999971 ], [ 2.739853000000153, 8.608102 ], [ 2.749935987000185, 8.605078259999971 ], [ 2.749607610000112, 8.596361276000096 ], [ 2.749557720000041, 8.595036910000147 ], [ 2.749500508000096, 8.593518197000151 ], [ 2.7492330070001, 8.586417199000039 ], [ 2.749190092000163, 8.585208892000026 ], [ 2.749135880000154, 8.583818791000169 ], [ 2.749120952000169, 8.58343601200005 ], [ 2.749999045000038, 8.577942849000181 ], [ 2.75276494000002, 8.572747231 ], [ 2.753244719000179, 8.571845807000045 ], [ 2.758056717000102, 8.562804885 ], [ 2.758718967000164, 8.561560631000077 ], [ 2.757459969000081, 8.557346651000103 ], [ 2.75560256000017, 8.551129735000131 ], [ 2.754339934000143, 8.546903611000062 ], [ 2.751920532000156, 8.542282086000057 ], [ 2.749656917000152, 8.537958145000118 ], [ 2.749525071000107, 8.533142090000183 ], [ 2.749619960000018, 8.533060074000161 ], [ 2.752902504000019, 8.53024641900015 ], [ 2.753479182000149, 8.529752116000168 ], [ 2.754431963, 8.528935433000186 ], [ 2.761883975000046, 8.522548676000099 ], [ 2.761461173000043, 8.516868735000116 ], [ 2.761458042000072, 8.516826672000093 ], [ 2.76137823, 8.515754484000183 ], [ 2.761236907000125, 8.513855934000105 ], [ 2.760962317000178, 8.510167150000086 ], [ 2.760955326000044, 8.510073232000138 ], [ 2.760926962000156, 8.509692193000149 ], [ 2.760963440000182, 8.50951708600013 ], [ 2.761836052000035, 8.505328179 ], [ 2.76092985400004, 8.504356890000054 ], [ 2.75880378700009, 8.502078106000113 ], [ 2.755838480000136, 8.498899800000061 ], [ 2.750730037000153, 8.493424415999982 ], [ 2.750559244000158, 8.492526647000034 ], [ 2.750030994000099, 8.489749909000182 ], [ 2.756928920000121, 8.48261642500006 ], [ 2.754306649000114, 8.479334475000087 ], [ 2.749059916000078, 8.472767831000169 ], [ 2.744187116000148, 8.461992263000127 ], [ 2.742543936000061, 8.454030990000035 ], [ 2.741440057000091, 8.448693275000039 ], [ 2.740680934000125, 8.445014954000101 ], [ 2.735664895000127, 8.43747137500003 ], [ 2.734524893000128, 8.436570507000113 ], [ 2.734466000000111, 8.436395 ], [ 2.734522989000141, 8.436126500000057 ], [ 2.733027534000144, 8.435387243000093 ], [ 2.72611594100016, 8.431970597000031 ], [ 2.725083772000119, 8.431932921999987 ], [ 2.724522114000024, 8.431912421 ], [ 2.714587926000149, 8.431543351000187 ], [ 2.712057851000168, 8.427851407999981 ], [ 2.710873390000131, 8.426123015000087 ], [ 2.707276498000056, 8.420874346 ], [ 2.706913949000125, 8.420345306000115 ], [ 2.711268903000075, 8.405537605000177 ], [ 2.711378445000037, 8.404827680000153 ], [ 2.712811948000081, 8.395537376000107 ], [ 2.714009046, 8.387241363000157 ], [ 2.713282226000103, 8.384841909000045 ], [ 2.709976175, 8.373927637000065 ], [ 2.709078342000112, 8.370963621000158 ], [ 2.708659888000113, 8.369582176000165 ], [ 2.704566002000149, 8.365287782000109 ], [ 2.697354148999977, 8.357537525000055 ], [ 2.697093009000071, 8.357256889999974 ], [ 2.697085374000039, 8.357084038999972 ], [ 2.696980953000036, 8.354720116000067 ], [ 2.696726421000108, 8.348967884 ], [ 2.696443081000098, 8.342564580999976 ], [ 2.696310997000182, 8.339531900000168 ], [ 2.696238041000186, 8.337869644000136 ], [ 2.696058319999963, 8.333810639000092 ], [ 2.695657014000176, 8.324747087000162 ], [ 2.69573739000009, 8.32418 ], [ 2.696939630000088, 8.315697701000147 ], [ 2.697025061000147, 8.315094946999977 ], [ 2.698168994000184, 8.307184219000021 ], [ 2.699366176000126, 8.304315915000018 ], [ 2.701778888000092, 8.298535346000051 ], [ 2.704425097000126, 8.292238235000127 ], [ 2.707883005000042, 8.284009522000076 ], [ 2.71118307100005, 8.276156425000181 ], [ 2.714596987000107, 8.260539056000027 ], [ 2.718496084000037, 8.253644942000165 ], [ 2.719520561000138, 8.252761714000087 ], [ 2.726775885000052, 8.246506691000093 ], [ 2.726927042000057, 8.246260644000074 ], [ 2.728205919000061, 8.244197845000031 ], [ 2.729850584000189, 8.241543727000135 ], [ 2.73206901500015, 8.237963678000142 ], [ 2.733790846000034, 8.235187789000065 ], [ 2.734591960000046, 8.233896255000104 ], [ 2.735424041999977, 8.232556343999988 ], [ 2.73736095300012, 8.229429245000176 ], [ 2.740293979000171, 8.224699974000146 ], [ 2.748476029000187, 8.216766357000154 ], [ 2.749400193000042, 8.215870279000058 ], [ 2.753747146000137, 8.211655431000054 ], [ 2.754101038000101, 8.211312294000152 ], [ 2.75310993100004, 8.210001944999988 ], [ 2.751327038000056, 8.207647325000039 ], [ 2.750972435000108, 8.205563892000043 ], [ 2.750167660000045, 8.200835520000169 ], [ 2.750155924000182, 8.200766565000038 ], [ 2.750243703000024, 8.199706104000143 ], [ 2.750244581000118, 8.199695490000181 ], [ 2.751049042000147, 8.189976692000187 ], [ 2.750931155999979, 8.188935413000081 ], [ 2.750834941000107, 8.188085556000033 ], [ 2.749379634000036, 8.175124544000028 ], [ 2.749138261000041, 8.172974861000057 ], [ 2.748949150000158, 8.171290637000141 ], [ 2.748919849000117, 8.171029682000153 ], [ 2.748214007000172, 8.164743424000108 ], [ 2.744043111, 8.156034469000133 ], [ 2.743345643000055, 8.155235447000109 ], [ 2.737225877000128, 8.148224626000058 ], [ 2.73664999000016, 8.147564889000137 ], [ 2.732249021000086, 8.138855934000105 ], [ 2.731046511000102, 8.133415934000141 ], [ 2.729917049000051, 8.128306389000045 ], [ 2.73001207100009, 8.127890991000129 ], [ 2.730419570000151, 8.126109563 ], [ 2.732539892000091, 8.116840362 ], [ 2.731393950000154, 8.109982507000041 ], [ 2.73054409100007, 8.104896545000031 ], [ 2.725139951000074, 8.092649481000137 ], [ 2.723457000000167, 8.095731999000122 ], [ 2.725139951000074, 8.092649480000034 ], [ 2.724982976000092, 8.09229373800008 ], [ 2.724041939000131, 8.084952355000098 ], [ 2.726608430000113, 8.077563882000106 ], [ 2.727728440000078, 8.074339569000074 ], [ 2.728572765000024, 8.071908905000043 ], [ 2.729068995000091, 8.070480347000114 ], [ 2.728830099, 8.066810607999969 ], [ 2.727872821000062, 8.065821903000142 ], [ 2.723289014000102, 8.06108760900014 ], [ 2.720731974000103, 8.053065301000174 ], [ 2.720217805000118, 8.051029299000106 ], [ 2.71969141600016, 8.048944909000113 ], [ 2.719423240000026, 8.04788298800014 ], [ 2.707857779000108, 8.002086168 ], [ 2.70733094100018, 7.999999999000181 ], [ 2.707386016000044, 7.998212814000169 ], [ 2.705717088000142, 7.980528832000175 ], [ 2.704545975000144, 7.968105792000074 ], [ 2.699548006000043, 7.952675820000081 ], [ 2.698332475000143, 7.946738802000027 ], [ 2.697837249000031, 7.944319962000066 ], [ 2.69737601200012, 7.942067147000103 ], [ 2.697055525000167, 7.940143495000086 ], [ 2.695602616000144, 7.931422708000184 ], [ 2.695502042000157, 7.93081903500007 ], [ 2.695238245999974, 7.930557580000027 ], [ 2.693642755000042, 7.928976244000069 ], [ 2.690880060000154, 7.926238060000173 ], [ 2.69060606000005, 7.925076064000166 ], [ 2.687939104687493, 7.925152438207696 ], [ 2.690606059000174, 7.925076064000166 ], [ 2.687971361000109, 7.913902687000132 ], [ 2.687849045000121, 7.913383960000147 ], [ 2.687490552000042, 7.912782818000153 ], [ 2.684139932999983, 7.907164300000147 ], [ 2.679896669000073, 7.90004894000009 ], [ 2.678306103000125, 7.897381783000128 ], [ 2.67735773600009, 7.895792036000103 ], [ 2.675815104000151, 7.893206120000059 ], [ 2.671245098000043, 7.891087055000128 ], [ 2.668431043000169, 7.889780998000163 ], [ 2.669260025000028, 7.888720989000092 ], [ 2.695760011000061, 7.85479402500016 ], [ 2.700362392000102, 7.845155692000162 ], [ 2.70405101700004, 7.837430954000126 ], [ 2.706300973000054, 7.832714081000063 ], [ 2.707439255000111, 7.826690175000067 ], [ 2.708549511000115, 7.820814584 ], [ 2.709254025000121, 7.817086221000181 ], [ 2.711318970000036, 7.813175202000139 ], [ 2.71754587900017, 7.811565612000038 ], [ 2.718735473000038, 7.811258115000044 ], [ 2.720102706000091, 7.81090470100014 ], [ 2.720299006000175, 7.810853959000042 ], [ 2.724668026000188, 7.807624817000033 ], [ 2.729464053000072, 7.792222976000119 ], [ 2.732405901000106, 7.772227764000036 ], [ 2.732137423000097, 7.770578916000034 ], [ 2.730034745000012, 7.7576653590001 ], [ 2.728263606000155, 7.746787950000112 ], [ 2.727957010000182, 7.744904996000059 ], [ 2.729116917000113, 7.722890854000127 ], [ 2.730068934000087, 7.704849506000016 ], [ 2.728113999000072, 7.697829000000183 ], [ 2.72644, 7.690220000000181 ], [ 2.71947200000011, 7.690251 ], [ 2.616396, 7.687347000000102 ], [ 2.49379000000016, 7.683860999000103 ], [ 2.493789999357172, 7.683860999981776 ], [ 2.486549, 7.683656 ], [ 2.478792, 7.659144 ], [ 2.474389, 7.652072 ], [ 2.472175000000163, 7.645536000000106 ], [ 2.470069, 7.643713000000105 ], [ 2.467786000000103, 7.641736000000151 ], [ 2.462833000000103, 7.633576000000176 ], [ 2.46171, 7.62649 ], [ 2.466003, 7.607382 ], [ 2.46918600000015, 7.584462 ], [ 2.464146, 7.555575 ], [ 2.460307000000171, 7.552319 ], [ 2.453722000000141, 7.545801 ], [ 2.448230000000137, 7.539279 ], [ 2.442155000000184, 7.524032000000147 ], [ 2.436654000000146, 7.515327000000184 ], [ 2.421391, 7.495044 ], [ 2.421054, 7.492177 ], [ 2.419872000000169, 7.488718000000176 ], [ 2.419045000000153, 7.485402 ], [ 2.412983, 7.472881 ], [ 2.413505, 7.46688 ], [ 2.410191000000111, 7.458167000000117 ], [ 2.406886, 7.451635 ], [ 2.406871, 7.447903000000167 ], [ 2.389906, 7.456569 ], [ 2.369182, 7.462216000000126 ], [ 2.351172, 7.467903 ], [ 2.329745000000173, 7.483837 ], [ 2.308868000000132, 7.499235000000112 ], [ 2.297296000000131, 7.509898 ], [ 2.278665000000103, 7.520451000000151 ], [ 2.248119000000145, 7.528649 ], [ 2.232311, 7.532197000000167 ], [ 2.210445000000107, 7.541070000000161 ], [ 2.189792000000125, 7.541830000000118 ], [ 2.171005, 7.544742 ], [ 2.154356000000178, 7.549945 ], [ 2.145521000000144, 7.559021 ], [ 2.138048, 7.559929000000182 ], [ 2.129738, 7.560939 ], [ 2.109170000000177, 7.556276 ] ] ], [ [ [ 2.734522990000073, 8.436126500000057 ], [ 2.734466001000044, 8.436395 ], [ 2.734524894, 8.436570507000113 ], [ 2.735664894000024, 8.437471373000051 ], [ 2.734891892000178, 8.436308862000033 ], [ 2.734522990000073, 8.436126500000057 ] ] ], [ [ [ 2.730533001000026, 8.782222 ], [ 2.730966, 8.781908000000158 ], [ 2.731436, 8.781581 ], [ 2.731991000000164, 8.781422 ], [ 2.73263500000013, 8.781239 ], [ 2.732707582000103, 8.781185286000039 ], [ 2.731833935000054, 8.78012466500013 ], [ 2.730253936000167, 8.778205871000182 ], [ 2.73019504500013, 8.778027535000149 ], [ 2.729118653000114, 8.774799799000107 ], [ 2.72855, 8.781253000000163 ], [ 2.729597168000168, 8.783342469000104 ], [ 2.729763, 8.782983000000115 ], [ 2.73002700100011, 8.782598 ], [ 2.730533001000026, 8.782222 ] ] ] ] } },
{ "type": "Feature", "properties": { "fid": 6, "GID_1": "BEN.6_1", "GID_0": "BEN", "COUNTRY": "Benin", "NAME_1": "Donga", "VARNAME_1": "NA", "NL_NAME_1": "NA", "TYPE_1": "Département", "ENGTYPE_1": "Department", "CC_1": "NA", "HASC_1": "BJ.DO", "ISO_1": "BJ-DO" }, "geometry": { "type": "MultiPolygon", "coordinates": [ [ [ [ 2.079598000000146, 9.077961 ], [ 2.082275000000152, 9.076593 ], [ 2.08492600000011, 9.075720000000103 ], [ 2.092026, 9.078457 ], [ 2.100241, 9.073045 ], [ 2.138509000000113, 9.072603000000129 ], [ 2.149439000000143, 9.074262 ], [ 2.170757, 9.075404000000105 ], [ 2.188246000000106, 9.077621 ], [ 2.197561, 9.068949000000146 ], [ 2.200313, 9.061348 ], [ 2.219462000000135, 9.054872000000159 ], [ 2.2265680000001, 9.05543200000011 ], [ 2.227128, 9.049999 ], [ 2.228779, 9.045113 ], [ 2.230427, 9.041855000000112 ], [ 2.229218000000174, 9.039783000000114 ], [ 2.226616000000149, 9.035325 ], [ 2.218437, 9.026609 ], [ 2.217897000000107, 9.023891 ], [ 2.21793, 9.010304000000133 ], [ 2.223413000000164, 9.003253 ], [ 2.226159000000166, 8.997825 ], [ 2.22999300000015, 8.994573 ], [ 2.228911000000153, 8.989679 ], [ 2.220182, 8.983137000000113 ], [ 2.210356, 8.978223000000128 ], [ 2.203264000000161, 8.972771 ], [ 2.201086, 8.969504 ], [ 2.201654000000133, 8.960811 ], [ 2.20112, 8.955375000000117 ], [ 2.198942000000102, 8.952108000000123 ], [ 2.195128, 8.94775200000015 ], [ 2.197324, 8.94341 ], [ 2.197884000000158, 8.93797700000016 ], [ 2.198446000000104, 8.931456 ], [ 2.201195, 8.92494100000016 ], [ 2.206114, 8.92441 ], [ 2.210482000000127, 8.92605 ], [ 2.215398000000107, 8.927149 ], [ 2.216514, 8.91737 ], [ 2.213248, 8.911927 ], [ 2.203423000000157, 8.907556 ], [ 2.206173000000149, 8.899954 ], [ 2.211107, 8.893444000000159 ], [ 2.215477, 8.893998000000181 ], [ 2.220933000000116, 8.897271000000103 ], [ 2.224751, 8.900541 ], [ 2.229678, 8.896749 ], [ 2.234044000000154, 8.898932 ], [ 2.241138, 8.903296000000125 ], [ 2.241157000000157, 8.89514400000013 ], [ 2.240092000000118, 8.883186000000137 ], [ 2.236827000000176, 8.87720000000013 ], [ 2.227568, 8.864679 ], [ 2.225958, 8.852176000000156 ], [ 2.219975, 8.840749 ], [ 2.213447000000144, 8.828777000000173 ], [ 2.209648, 8.818442000000175 ], [ 2.202568, 8.809187000000179 ], [ 2.204779, 8.798323000000153 ], [ 2.203151, 8.793971000000113 ], [ 2.193884000000139, 8.785797 ], [ 2.192802000000142, 8.78144600000013 ], [ 2.189545000000123, 8.772743000000162 ], [ 2.188683, 8.767518 ], [ 2.192316, 8.756446 ], [ 2.204375, 8.739084 ], [ 2.206576, 8.732024 ], [ 2.204999000000157, 8.706477 ], [ 2.203938000000107, 8.692888 ], [ 2.209434000000101, 8.678227000000106 ], [ 2.218762, 8.659227000000101 ], [ 2.222625000000164, 8.641846000000157 ], [ 2.218289, 8.627705 ], [ 2.217978, 8.62619 ], [ 2.21505, 8.611937000000125 ], [ 2.217258000000186, 8.601616 ], [ 2.217837000000145, 8.587487 ], [ 2.203199, 8.543432000000166 ], [ 2.203791, 8.523325 ], [ 2.207090000000164, 8.513006000000132 ], [ 2.213668000000155, 8.504984 ], [ 2.200557000000174, 8.505926 ], [ 2.193470000000161, 8.502105 ], [ 2.185291, 8.49828100000019 ], [ 2.180369, 8.502074000000164 ], [ 2.173811000000171, 8.505320000000154 ], [ 2.161262000000136, 8.503116 ], [ 2.159604000000115, 8.511264 ], [ 2.147601000000122, 8.509061 ], [ 2.150352, 8.500372 ], [ 2.142195000000129, 8.487852 ], [ 2.129649000000143, 8.48456 ], [ 2.121472, 8.480736000000149 ], [ 2.118719000000169, 8.489967 ], [ 2.111073, 8.491579 ], [ 2.103407000000118, 8.501341 ], [ 2.077183000000161, 8.509969 ], [ 2.070645000000127, 8.505604 ], [ 2.05754, 8.507199000000185 ], [ 2.043889, 8.509335 ], [ 2.028608, 8.508207 ], [ 2.016606, 8.506 ], [ 2.005686, 8.507056 ], [ 1.99422200000015, 8.507567 ], [ 1.993924000000163, 8.50960700000013 ], [ 1.993665, 8.51137000000017 ], [ 1.995813000000169, 8.523875 ], [ 1.994164000000126, 8.527675000000102 ], [ 1.985429000000181, 8.528193000000158 ], [ 1.981048000000101, 8.533071000000177 ], [ 1.972306000000117, 8.535764 ], [ 1.961919, 8.541167000000144 ], [ 1.951536, 8.544941000000108 ], [ 1.947667, 8.560689 ], [ 1.937849, 8.557942 ], [ 1.926379, 8.560081000000139 ], [ 1.919296, 8.555713 ], [ 1.911114, 8.553514000000177 ], [ 1.904521, 8.567079 ], [ 1.899061000000188, 8.567605 ], [ 1.893046, 8.570847 ], [ 1.883195000000171, 8.578424 ], [ 1.871164, 8.584908000000155 ], [ 1.858592, 8.589757 ], [ 1.847334, 8.592920000000106 ], [ 1.846545000000162, 8.601130000000126 ], [ 1.841078, 8.603286 ], [ 1.837235, 8.609795000000133 ], [ 1.832316, 8.611408 ], [ 1.817524, 8.626575000000116 ], [ 1.8049630000001, 8.62762 ], [ 1.789672, 8.628653 ], [ 1.772198000000174, 8.629681000000119 ], [ 1.761283000000162, 8.628556000000117 ], [ 1.750927, 8.623629000000108 ], [ 1.741127, 8.615987000000189 ], [ 1.735155000000134, 8.606729000000144 ], [ 1.725882, 8.604522000000145 ], [ 1.708411000000126, 8.605002 ], [ 1.702948, 8.606069 ], [ 1.69749400000012, 8.60442 ], [ 1.683315, 8.600564 ], [ 1.675132000000133, 8.598903000000121 ], [ 1.673413, 8.597896000000105 ], [ 1.668596, 8.595076000000176 ], [ 1.657153000000108, 8.589599 ], [ 1.646779, 8.590103000000113 ], [ 1.632703591000109, 8.592304014000149 ], [ 1.630328000000134, 8.633565999000098 ], [ 1.630328000000134, 8.635628000000111 ], [ 1.628615999000147, 8.647614 ], [ 1.628615999000147, 8.64802695700007 ], [ 1.628616001000125, 8.650696999 ], [ 1.629301, 8.654806001000168 ], [ 1.630328000000134, 8.661312999000131 ], [ 1.631355, 8.673985001000062 ], [ 1.631698001000075, 8.679463999000063 ], [ 1.632212001000141, 8.695389999000099 ], [ 1.632554, 8.722102999000185 ], [ 1.632554, 8.750185001000034 ], [ 1.632554, 8.778952999000182 ], [ 1.633239001000049, 8.78409 ], [ 1.633582, 8.796076999000036 ], [ 1.632896999000138, 8.799844 ], [ 1.632896999000138, 8.804981001000101 ], [ 1.632554, 8.81183100100003 ], [ 1.631868999000176, 8.816625001000034 ], [ 1.631669001000148, 8.816312999000161 ], [ 1.631698001000075, 8.816795999000135 ], [ 1.631355, 8.820906001000026 ], [ 1.628958001, 8.830495001000088 ], [ 1.631013000000166, 8.839057001000128 ], [ 1.631698001000075, 8.847618999000133 ], [ 1.632726001000037, 8.852413999000021 ], [ 1.632726001000037, 8.860291001 ], [ 1.630796464000184, 8.876273633000096 ], [ 1.630698131000088, 8.877088152000113 ], [ 1.630328000000134, 8.880153999000186 ], [ 1.628615999000147, 8.895564999000044 ], [ 1.626903001000187, 8.907894000000113 ], [ 1.626561, 8.914401 ], [ 1.625758584000039, 8.920553165000058 ], [ 1.625666001000127, 8.921263000000124 ], [ 1.625876001000108, 8.921936000000187 ], [ 1.623479, 8.945566999000107 ], [ 1.622109001000183, 8.955155999000169 ], [ 1.625876001000108, 8.972279 ], [ 1.624790415000177, 8.973545780000052 ], [ 1.624780019000184, 8.97355791200016 ], [ 1.623821001000067, 8.974677001000089 ], [ 1.626192129000117, 8.983963058000086 ], [ 1.626811207, 8.986387554000146 ], [ 1.627259490000085, 8.988143164000064 ], [ 1.62793100100015, 8.99077300099998 ], [ 1.627963961000034, 8.991003723000063 ], [ 1.628615999000147, 8.995567999000059 ], [ 1.629177, 8.998374001000059 ], [ 1.629525645000115, 8.998640331000104 ], [ 1.629659012000047, 8.998742213000185 ], [ 1.629986, 8.998992002000136 ], [ 1.629516931000069, 9.002275737000161 ], [ 1.628869680000093, 9.006806831000063 ], [ 1.628020493000065, 9.012751590000164 ], [ 1.627332796000132, 9.017565833000106 ], [ 1.626219000000162, 9.025363001000073 ], [ 1.625570775000085, 9.031713186000161 ], [ 1.624506000000167, 9.042144 ], [ 1.616232162000188, 9.061238686000081 ], [ 1.615602, 9.062692999000035 ], [ 1.61753416900018, 9.07106479600003 ], [ 1.617657000000122, 9.0715970010001 ], [ 1.612762639000096, 9.081580531000156 ], [ 1.609542000000147, 9.088150001000145 ], [ 1.609436999000081, 9.088720999000145 ], [ 1.604642999000077, 9.099336999000116 ], [ 1.598136001000114, 9.110981001000027 ], [ 1.597849736000114, 9.111267265000095 ], [ 1.591971002000093, 9.117146 ], [ 1.588672212000176, 9.120952351000142 ], [ 1.583067, 9.127420001000075 ], [ 1.579125465000118, 9.131689516000108 ], [ 1.578957001000049, 9.131871999000168 ], [ 1.572792, 9.144886 ], [ 1.570305702000041, 9.149149111999975 ], [ 1.567997999000113, 9.153105999000104 ], [ 1.56354600100002, 9.161666999000033 ], [ 1.559435999000129, 9.169887 ], [ 1.553613999000163, 9.175023999000132 ], [ 1.550873999000089, 9.176736000000119 ], [ 1.544367001000126, 9.180161001000045 ], [ 1.536148, 9.18495600100016 ], [ 1.535314142000118, 9.185486597000022 ], [ 1.534996990000138, 9.185688405000178 ], [ 1.528613999000015, 9.189750001000164 ], [ 1.526323999000113, 9.190436999000156 ], [ 1.525868000000116, 9.190947999000173 ], [ 1.508598001000166, 9.208374 ], [ 1.503764001000093, 9.21320899900013 ], [ 1.49596700100011, 9.22085 ], [ 1.495813225000177, 9.2210215 ], [ 1.495508388000076, 9.221361472000069 ], [ 1.489885, 9.227633002000118 ], [ 1.485207, 9.23433800000015 ], [ 1.478658001000042, 9.238705000000152 ], [ 1.475420999000107, 9.240770999000119 ], [ 1.471678999000119, 9.244747999000026 ], [ 1.468505320000133, 9.24802409900019 ], [ 1.462011001000064, 9.254727999000124 ], [ 1.460742166000159, 9.259143615000085 ], [ 1.460521335000067, 9.259912119000091 ], [ 1.459905000000163, 9.262056999000094 ], [ 1.459803129000022, 9.262243579000085 ], [ 1.459756083000173, 9.262329745999978 ], [ 1.459236775000022, 9.263280875000078 ], [ 1.452966000000174, 9.274766000000113 ], [ 1.450159001000145, 9.278898 ], [ 1.44526396700013, 9.283655095000086 ], [ 1.444622999000046, 9.284278 ], [ 1.444546000000173, 9.284207 ], [ 1.436966, 9.293004001000043 ], [ 1.435314872000049, 9.294009195000058 ], [ 1.431143002000169, 9.296549 ], [ 1.421417000000133, 9.306945 ], [ 1.418072001000041, 9.312973001000103 ], [ 1.415563421000115, 9.318715801000053 ], [ 1.413042000000132, 9.324488001000191 ], [ 1.412999999000135, 9.324461001000088 ], [ 1.413073999, 9.325017000000173 ], [ 1.408011272000067, 9.334753387000092 ], [ 1.407869, 9.335027 ], [ 1.406637899000032, 9.340156633000049 ], [ 1.403064, 9.355048000000181 ], [ 1.402876688000163, 9.362529303000031 ], [ 1.402749367000183, 9.367614533000165 ], [ 1.402675560000034, 9.370562402000076 ], [ 1.402663, 9.371064002000026 ], [ 1.402663, 9.381474999000147 ], [ 1.401462000000151, 9.389083001000074 ], [ 1.400552660000074, 9.392492169999969 ], [ 1.39986000000016, 9.395089001000031 ], [ 1.400559575000045, 9.39788555500013 ], [ 1.401062000000138, 9.399894001 ], [ 1.401862, 9.405499 ], [ 1.401862, 9.413012794000053 ], [ 1.401862, 9.413107 ], [ 1.401536236000084, 9.416042117000131 ], [ 1.401462000000151, 9.416711001000067 ], [ 1.39986000000016, 9.422317 ], [ 1.39986000000016, 9.428323 ], [ 1.400660999000081, 9.434729 ], [ 1.400260999000182, 9.444339001000174 ], [ 1.398259001000099, 9.449945000000127 ], [ 1.398259001000099, 9.453948999000033 ], [ 1.398207999000135, 9.453981000000113 ], [ 1.39821399900012, 9.453996000000132 ], [ 1.394806651147818, 9.479710048885146 ], [ 1.394806651000067, 9.479710049000062 ], [ 1.394773, 9.479964 ], [ 1.391827569000156, 9.490088847000152 ], [ 1.389778341000067, 9.497133013000166 ], [ 1.38976700000012, 9.497172 ], [ 1.386630682000145, 9.495876459999977 ], [ 1.375375, 9.491227001000141 ], [ 1.365704357000027, 9.48578798799997 ], [ 1.365363000000116, 9.485596000000101 ], [ 1.364197617000059, 9.4858288530001 ], [ 1.365657, 9.492115000000183 ], [ 1.364197617000059, 9.485828853999976 ], [ 1.362234999000179, 9.486221001000047 ], [ 1.360650001000124, 9.487014 ], [ 1.360286115000065, 9.487559657000133 ], [ 1.35854200100016, 9.490175 ], [ 1.358582760000047, 9.491071514000168 ], [ 1.358661577000078, 9.492805111000166 ], [ 1.359343, 9.507792999 ], [ 1.353068652000161, 9.523371605000079 ], [ 1.347732, 9.536622000000136 ], [ 1.346647216000179, 9.538541104000103 ], [ 1.342526001000124, 9.545831999000029 ], [ 1.343010001000039, 9.548898000000122 ], [ 1.346705277000069, 9.55836149400011 ], [ 1.35854200100016, 9.588675 ], [ 1.366551000000129, 9.611499 ], [ 1.366551000000129, 9.646274432000098 ], [ 1.366551002000165, 9.649937999000088 ], [ 1.366643395000096, 9.650272956000151 ], [ 1.36787334800016, 9.654731973000082 ], [ 1.369753999000068, 9.661550001000023 ], [ 1.366150000000175, 9.682771999000181 ], [ 1.365685000999974, 9.683547 ], [ 1.365750001000038, 9.683572 ], [ 1.364860683000188, 9.688610357000073 ], [ 1.374669, 9.689482000000169 ], [ 1.364860682000085, 9.688610357000073 ], [ 1.364113956000153, 9.692840880000062 ], [ 1.363347, 9.697185999000169 ], [ 1.363970303000031, 9.706531199000153 ], [ 1.365349999000159, 9.727217 ], [ 1.366150000000175, 9.73963 ], [ 1.366097, 9.739895001000036 ], [ 1.366754, 9.750815001000092 ], [ 1.366707299000041, 9.754918110000062 ], [ 1.36611900000014, 9.806606001000034 ], [ 1.365921999000079, 9.807447001000185 ], [ 1.366478000000143, 9.807327001000033 ], [ 1.366475000999969, 9.808047001000091 ], [ 1.366400999000064, 9.823165000000131 ], [ 1.36588881299997, 9.836061301000029 ], [ 1.365207566000038, 9.853214359000162 ], [ 1.363914, 9.885784999000123 ], [ 1.366421, 9.947709000000145 ], [ 1.366856999000163, 9.974144999000146 ], [ 1.366372235000028, 9.993397295000022 ], [ 1.368733, 9.993739000000176 ], [ 1.37247200000013, 9.993639 ], [ 1.380259000000137, 9.99343000000016 ], [ 1.387969, 9.991957000000127 ], [ 1.396787, 9.989961 ], [ 1.40556000000015, 9.99013900000017 ], [ 1.413797000000102, 9.989762 ], [ 1.422089000000142, 9.986668 ], [ 1.430907, 9.984671 ], [ 1.44132500000012, 9.984882 ], [ 1.44961700000016, 9.981787000000111 ], [ 1.463392, 9.978802 ], [ 1.477660000000185, 9.978545000000111 ], [ 1.492487, 9.977755000000116 ], [ 1.50375, 9.977516 ], [ 1.505658, 9.977475 ], [ 1.51345700000013, 9.971649000000127 ], [ 1.520235000000127, 9.961996 ], [ 1.525906, 9.952865 ], [ 1.534778000000131, 9.948148 ], [ 1.542531000000167, 9.944495000000131 ], [ 1.550251000000173, 9.94247300000012 ], [ 1.559452000000135, 9.948638 ], [ 1.568762, 9.949367000000166 ], [ 1.58304, 9.948562 ], [ 1.59455400000013, 9.948789000000147 ], [ 1.598381, 9.949409000000117 ], [ 1.6015, 9.948621 ], [ 1.614370000000122, 9.945372000000191 ], [ 1.638496, 9.945847 ], [ 1.651064, 9.948268 ], [ 1.662579000000164, 9.948492 ], [ 1.673232000000155, 9.964472000000114 ], [ 1.711910000000103, 10.006012 ], [ 1.726525, 10.016084000000149 ], [ 1.731236, 10.027596000000187 ], [ 1.747855, 10.040937 ], [ 1.758192000000179, 10.042081000000167 ], [ 1.766052, 10.042952000000128 ], [ 1.76807, 10.043366000000105 ], [ 1.774796, 10.04475 ], [ 1.782465, 10.045443000000148 ], [ 1.796726000000149, 10.045716 ], [ 1.810471000000177, 10.044347 ], [ 1.82136800000012, 10.048363000000165 ], [ 1.835229, 10.041012 ], [ 1.844417, 10.048257 ], [ 1.858805, 10.042005 ], [ 1.87797200000017, 10.043999 ], [ 1.902129000000173, 10.043366000000105 ], [ 1.911496, 10.041368000000148 ], [ 1.926213000000189, 10.046539 ], [ 1.939482000000112, 10.041349 ], [ 1.952554, 10.046488000000124 ], [ 1.965730000000121, 10.046190000000138 ], [ 1.977881, 10.042066 ], [ 1.988986000000182, 10.03520200000014 ], [ 1.998911000000135, 10.032667000000174 ], [ 2.008826, 10.030675 ], [ 2.022062, 10.027113 ], [ 2.036801, 10.031193 ], [ 2.047762, 10.031938 ], [ 2.055371, 10.035885000000178 ], [ 2.060257, 10.038694 ], [ 2.065154000000177, 10.040959 ], [ 2.071463000000108, 10.04229 ], [ 2.083211000000119, 10.037587000000144 ], [ 2.086560000000134, 10.031622 ], [ 2.082388, 10.004889 ], [ 2.071883, 9.981046000000106 ], [ 2.082747, 9.962394000000131 ], [ 2.092780000000118, 9.945585 ], [ 2.09783, 9.933095 ], [ 2.096905, 9.912383 ], [ 2.088809, 9.894880000000114 ], [ 2.064876, 9.866349 ], [ 2.051816, 9.851529 ], [ 2.064995000000181, 9.837872000000175 ], [ 2.069551, 9.833151 ], [ 2.066306000000111, 9.827131000000179 ], [ 2.072412, 9.819553 ], [ 2.07087, 9.807009000000107 ], [ 2.074779, 9.799414000000127 ], [ 2.082518000000164, 9.793483 ], [ 2.08421600000014, 9.787503000000129 ], [ 2.084888000000149, 9.772799 ], [ 2.077264000000127, 9.765107 ], [ 2.082792, 9.760794 ], [ 2.091652, 9.752149 ], [ 2.088443, 9.74177 ], [ 2.096699, 9.739658 ], [ 2.099576, 9.723880000000179 ], [ 2.105629000000135, 9.722295000000145 ], [ 2.111161, 9.717437000000189 ], [ 2.115599, 9.712024 ], [ 2.11942, 9.71478 ], [ 2.123818000000142, 9.71427000000017 ], [ 2.129344000000174, 9.709956 ], [ 2.137028000000157, 9.710563 ], [ 2.134215, 9.718714000000148 ], [ 2.137470000000121, 9.723643 ], [ 2.146867000000157, 9.716090000000122 ], [ 2.160622000000103, 9.712932000000137 ], [ 2.170532, 9.709742000000119 ], [ 2.16455800000017, 9.701520000000187 ], [ 2.151833000000181, 9.69508 ], [ 2.159182000000158, 9.68731 ], [ 2.162347, 9.681723000000147 ], [ 2.163302, 9.680037 ], [ 2.163298, 9.671894000000123 ], [ 2.10720700000013, 9.38075 ], [ 2.106831000000113, 9.378797000000191 ], [ 2.09098, 9.376089 ], [ 2.080594000000133, 9.369580000000155 ], [ 2.072393000000147, 9.361983 ], [ 2.062556000000143, 9.360902000000124 ], [ 2.054357000000152, 9.357104000000106 ], [ 2.041788, 9.358193000000142 ], [ 2.030859000000135, 9.362539 ], [ 2.022115000000156, 9.363084000000185 ], [ 2.009546000000114, 9.362 ], [ 1.9980690000001, 9.358746 ], [ 1.986046000000101, 9.358205 ], [ 1.978678000000116, 9.355919000000142 ], [ 1.970737000000156, 9.284385 ], [ 1.966911, 9.265387 ], [ 1.97565, 9.243673000000172 ], [ 1.973463, 9.230646 ], [ 1.976997, 9.2191 ], [ 1.977285000000109, 9.218162 ], [ 1.96963600000015, 9.211106000000143 ], [ 1.980010000000163, 9.178535 ], [ 1.971815000000163, 9.162795000000187 ], [ 1.973451000000182, 9.149768 ], [ 1.980549, 9.135111 ], [ 1.989832, 9.129681000000176 ], [ 2.00403, 9.125877 ], [ 2.019868, 9.124787 ], [ 2.027511, 9.117186000000174 ], [ 2.026417000000151, 9.108501000000103 ], [ 2.031221, 9.100218 ], [ 2.034603000000118, 9.094385000000102 ], [ 2.05863, 9.091662 ], [ 2.070641000000137, 9.084058 ], [ 2.072972000000107, 9.082193000000132 ], [ 2.077394, 9.079455 ], [ 2.079598000000146, 9.077961 ] ] ] ] } },
{ "type": "Feature", "properties": { "fid": 7, "GID_1": "BEN.7_1", "GID_0": "BEN", "COUNTRY": "Benin", "NAME_1": "Kouffo", "VARNAME_1": "Couffo", "NL_NAME_1": "NA", "TYPE_1": "Département", "ENGTYPE_1": "Department", "CC_1": "NA", "HASC_1": "BJ.CF", "ISO_1": "BJ-KO" }, "geometry": { "type": "MultiPolygon", "coordinates": [ [ [ [ 2.045734, 6.781903000000113 ], [ 2.042132, 6.77983300000011 ], [ 2.037835, 6.776935000000151 ], [ 2.035617000000173, 6.774863 ], [ 2.03519800000015, 6.772925000000157 ], [ 2.03588, 6.767525000000148 ], [ 2.036707000000149, 6.765585 ], [ 2.038360000000125, 6.761013000000105 ], [ 2.038904000000173, 6.755889000000138 ], [ 2.039167, 6.747720000000129 ], [ 2.038604, 6.742876 ], [ 2.038463, 6.741215000000125 ], [ 2.038457000000164, 6.738002 ], [ 2.004985, 6.73884 ], [ 1.995403000000181, 6.744172 ], [ 1.982036000000107, 6.749857000000191 ], [ 1.96890400000018, 6.757236 ], [ 1.952511, 6.765104000000179 ], [ 1.937761, 6.771914 ], [ 1.917056000000173, 6.771978000000161 ], [ 1.906907000000103, 6.772008000000142 ], [ 1.901966000000186, 6.77242200000012 ], [ 1.892033, 6.772757000000126 ], [ 1.891115000000184, 6.772789000000103 ], [ 1.880798, 6.773706000000118 ], [ 1.869938000000161, 6.774614 ], [ 1.855879, 6.772218000000123 ], [ 1.842407, 6.767121 ], [ 1.833769000000132, 6.764812000000177 ], [ 1.823007000000189, 6.759759 ], [ 1.818675, 6.758028 ], [ 1.811694000000102, 6.755238 ], [ 1.803652000000113, 6.749687000000165 ], [ 1.802197, 6.749886000000117 ], [ 1.796588, 6.750655000000165 ], [ 1.787355000000161, 6.751588 ], [ 1.779740000000174, 6.75309 ], [ 1.77644400000014, 6.748215 ], [ 1.773458000000119, 6.739437000000123 ], [ 1.769184000000166, 6.735573000000159 ], [ 1.764359000000127, 6.732241000000158 ], [ 1.759001000000183, 6.728359000000125 ], [ 1.753101000000129, 6.724468 ], [ 1.737969, 6.721509 ], [ 1.722242, 6.721793 ], [ 1.721342000000163, 6.721531 ], [ 1.713946, 6.719383000000164 ], [ 1.710372, 6.718345 ], [ 1.695311000000174, 6.715398000000107 ], [ 1.683345, 6.713562 ], [ 1.671439000000134, 6.712281000000132 ], [ 1.660039000000154, 6.713175 ], [ 1.648116000000186, 6.712977 ], [ 1.641602, 6.713165000000117 ], [ 1.636184001000174, 6.713321 ], [ 1.623737000000119, 6.712029 ], [ 1.611831, 6.710746000000142 ], [ 1.592403001000037, 6.712428 ], [ 1.593014951000043, 6.707055971999978 ], [ 1.592731799999967, 6.707586900000081 ], [ 1.591959124000027, 6.708086338000157 ], [ 1.591897323000126, 6.708686588000091 ], [ 1.59103076800011, 6.717103137000038 ], [ 1.591525700000034, 6.717778 ], [ 1.591339368000035, 6.718672643000048 ], [ 1.592368836000162, 6.72344105500008 ], [ 1.592426286000091, 6.723707157000092 ], [ 1.592819714000143, 6.725529487000017 ], [ 1.592920001000039, 6.725994001000117 ], [ 1.59736168500018, 6.726006435000045 ], [ 1.598051150000117, 6.726008365000041 ], [ 1.600064001000135, 6.726013999000145 ], [ 1.600523222, 6.726444903000129 ], [ 1.608178401000032, 6.733628035000095 ], [ 1.608286000000135, 6.733729000000153 ], [ 1.614044000000149, 6.737865999000064 ], [ 1.61953, 6.741452999000046 ], [ 1.620214727000132, 6.743526790000089 ], [ 1.620298948000084, 6.743781863000152 ], [ 1.62067372100006, 6.744916916000022 ], [ 1.620709583000178, 6.745025528000156 ], [ 1.620891999000037, 6.745578 ], [ 1.620798001000026, 6.745755281000186 ], [ 1.619338011000025, 6.748508814000047 ], [ 1.618129001, 6.750789 ], [ 1.620177985000112, 6.754684571000041 ], [ 1.620236180000177, 6.754795213000136 ], [ 1.620589, 6.755466000000126 ], [ 1.621793703000037, 6.756609702999981 ], [ 1.624993000000131, 6.759647001000133 ], [ 1.625264184000173, 6.759701973000062 ], [ 1.625596233000067, 6.759769287000097 ], [ 1.625876001000108, 6.759826001000022 ], [ 1.625782588999982, 6.759944170000097 ], [ 1.62253662300003, 6.764050417000135 ], [ 1.622084000000143, 6.764623001000075 ], [ 1.616163211000071, 6.767118367000137 ], [ 1.613179253999988, 6.768375979000098 ], [ 1.610740062000161, 6.769403996000165 ], [ 1.610382250000043, 6.769554799000105 ], [ 1.609681905000116, 6.769849965000049 ], [ 1.609482903000128, 6.769933836000121 ], [ 1.608327001000077, 6.770421000000113 ], [ 1.608383936000109, 6.771692258000144 ], [ 1.608539226000119, 6.775159613000028 ], [ 1.608611131000146, 6.776765145000184 ], [ 1.608649998999965, 6.777633000000151 ], [ 1.610006999000177, 6.783474 ], [ 1.612245721000136, 6.788661172000104 ], [ 1.612942209964773, 6.788531545760861 ], [ 1.612245722000068, 6.788661172000104 ], [ 1.612548835000155, 6.78936349200012 ], [ 1.639828000000136, 6.806522 ], [ 1.612548834000052, 6.78936349200012 ], [ 1.613419999000143, 6.791382000000169 ], [ 1.611338999000054, 6.798244001000114 ], [ 1.608929001000149, 6.799953999000024 ], [ 1.607540924000148, 6.800042471000097 ], [ 1.607171282000138, 6.800066031000085 ], [ 1.601628948000041, 6.800419282000064 ], [ 1.598696199000074, 6.800606207000158 ], [ 1.598635728000147, 6.800610061000157 ], [ 1.598621, 6.800611000000117 ], [ 1.596887, 6.806442999000126 ], [ 1.597513000000163, 6.808337 ], [ 1.598881750000089, 6.812483818000146 ], [ 1.598930000000166, 6.81262999900008 ], [ 1.604071001000023, 6.816765001000078 ], [ 1.608188, 6.818836999000098 ], [ 1.610412236000059, 6.820961255000043 ], [ 1.614767342000164, 6.825120598000183 ], [ 1.615040000000135, 6.825380999000117 ], [ 1.613312000000178, 6.82881 ], [ 1.612087432000067, 6.828561806000153 ], [ 1.611595, 6.828461999000126 ], [ 1.603698000000122, 6.827065999000126 ], [ 1.603341775000047, 6.827478882999969 ], [ 1.603153552000038, 6.827697043000114 ], [ 1.599817113000142, 6.831564150000077 ], [ 1.599561000000165, 6.831860999000185 ], [ 1.599877291000098, 6.833076458000107 ], [ 1.600809584000103, 6.836659120999968 ], [ 1.601259999000149, 6.838390000000118 ], [ 1.601300001000084, 6.839284553000141 ], [ 1.601905001000034, 6.852814 ], [ 1.599534257000187, 6.856997890000173 ], [ 1.597889716000054, 6.859900177000043 ], [ 1.595689001000153, 6.86378400000018 ], [ 1.59464700000018, 6.867558000000145 ], [ 1.594678528000145, 6.867666280000037 ], [ 1.595919807000087, 6.871929391000094 ], [ 1.596348001000138, 6.873400000000174 ], [ 1.596867743000132, 6.873905080000043 ], [ 1.60661853300013, 6.883380743000032 ], [ 1.606626000000119, 6.883388 ], [ 1.606619812000133, 6.883404093000024 ], [ 1.606578961000025, 6.883510362000038 ], [ 1.606547763000151, 6.883591515999967 ], [ 1.605129206000072, 6.887281612000152 ], [ 1.603857001000051, 6.890591 ], [ 1.604795646000184, 6.89420020100016 ], [ 1.604918455000131, 6.894672412000034 ], [ 1.605555001000027, 6.897119999000154 ], [ 1.605522720000124, 6.897900947000096 ], [ 1.60544336200013, 6.899820793000174 ], [ 1.605218351000076, 6.905264319000082 ], [ 1.605185999000071, 6.906046999000182 ], [ 1.601466636000112, 6.907273770000131 ], [ 1.592804000000115, 6.910131000000149 ], [ 1.582477999000048, 6.915937999000164 ], [ 1.579794191000019, 6.918787286000111 ], [ 1.577996425000151, 6.920695899 ], [ 1.57734721300011, 6.921385140000154 ], [ 1.576687999000058, 6.922085000000152 ], [ 1.575842527000134, 6.942802878000123 ], [ 1.575725778000105, 6.945663751000154 ], [ 1.575713436000171, 6.945966190000036 ], [ 1.575690999000187, 6.946515999000155 ], [ 1.567658000000165, 6.960573999000133 ], [ 1.565521961000059, 6.963212826000074 ], [ 1.564557832000162, 6.964403896000078 ], [ 1.561770928000158, 6.967846792000159 ], [ 1.559123, 6.971118000000104 ], [ 1.559625001000143, 6.984674001000087 ], [ 1.557616, 6.99521799900009 ], [ 1.557616, 6.998023999000111 ], [ 1.557638001000043, 6.998007 ], [ 1.558156000000167, 6.998000001000094 ], [ 1.575528047000034, 6.997765042000083 ], [ 1.576160446000017, 6.997756488000107 ], [ 1.586581637000108, 6.997615541000073 ], [ 1.587361001000147, 6.997604999000089 ], [ 1.587360999000111, 6.996520710000141 ], [ 1.587360999000111, 6.996500889 ], [ 1.587360999000111, 6.995123132000174 ], [ 1.587360999000111, 6.994793000000186 ], [ 1.590976000000182, 6.9939900010001 ], [ 1.591565759000048, 6.9939900010001 ], [ 1.59554986500018, 6.9939900010001 ], [ 1.598207, 6.9939900010001 ], [ 1.606001598000148, 6.995345912000118 ], [ 1.607444999000109, 6.995597 ], [ 1.611214217000054, 6.995419589999983 ], [ 1.641587000000186, 6.9939900010001 ], [ 1.641571940000176, 6.994598169000142 ], [ 1.641346175000081, 7.00371574900015 ], [ 1.64110658200002, 7.013391751000142 ], [ 1.639771999, 7.06728900000013 ], [ 1.639399000000139, 7.07591899900018 ], [ 1.637889170000108, 7.116581254000096 ], [ 1.637760001000174, 7.120060000000137 ], [ 1.637512998999966, 7.125461 ], [ 1.63757399900004, 7.125537001000112 ], [ 1.63756007700016, 7.12805107600019 ], [ 1.63756, 7.128064999000173 ], [ 1.637557853000146, 7.128449852000131 ], [ 1.637239034000117, 7.185599549000131 ], [ 1.637173002000168, 7.197436 ], [ 1.637615000000153, 7.20580299900007 ], [ 1.636071001000062, 7.205971 ], [ 1.63757399900004, 7.205871001000162 ], [ 1.636771000000124, 7.246842 ], [ 1.636537000000146, 7.247918 ], [ 1.636370001000103, 7.262507001000074 ], [ 1.63631099700018, 7.271527236000054 ], [ 1.635968002000141, 7.323961999000062 ], [ 1.635968002000141, 7.32483224900011 ], [ 1.635968000000162, 7.345373001000041 ], [ 1.635968000000162, 7.391041 ], [ 1.634918999000092, 7.400688000000116 ], [ 1.635652001000039, 7.4166080010001 ], [ 1.642079, 7.468342000000177 ], [ 1.644007, 7.485695001000067 ], [ 1.645219503000078, 7.487653816000034 ], [ 1.645994916, 7.488906505000045 ], [ 1.648184001000061, 7.492442999000104 ], [ 1.648543096000026, 7.492556385000057 ], [ 1.648578245000181, 7.492567484000176 ], [ 1.654290000000174, 7.494370999000068 ], [ 1.675498, 7.494370999000068 ], [ 1.677426, 7.497584000000131 ], [ 1.67741400500006, 7.497716092000189 ], [ 1.677313196000171, 7.498826234000035 ], [ 1.677234033000104, 7.499698010000031 ], [ 1.678499, 7.498389 ], [ 1.680151000000137, 7.49515 ], [ 1.687862, 7.480577 ], [ 1.693959, 7.463824000000102 ], [ 1.698379000000159, 7.453561 ], [ 1.700623, 7.443824000000177 ], [ 1.708817000000181, 7.436840000000132 ], [ 1.711926000000176, 7.435097 ], [ 1.719163000000151, 7.432582 ], [ 1.723059, 7.419605 ], [ 1.726906, 7.413131 ], [ 1.726412, 7.406624000000136 ], [ 1.726444, 7.402289 ], [ 1.727034, 7.395791000000145 ], [ 1.728711, 7.3893 ], [ 1.735284000000149, 7.381220000000155 ], [ 1.739143, 7.37312 ], [ 1.740292, 7.364458 ], [ 1.741146, 7.361797000000138 ], [ 1.743069000000162, 7.355808 ], [ 1.747989000000132, 7.350967 ], [ 1.750204, 7.345022 ], [ 1.751879, 7.33853100000016 ], [ 1.751165000000185, 7.335019000000159 ], [ 1.749784000000147, 7.32822 ], [ 1.750796, 7.323352000000114 ], [ 1.752034000000151, 7.317399000000137 ], [ 1.75971, 7.306616 ], [ 1.782525, 7.288494 ], [ 1.801543, 7.254086 ], [ 1.813879, 7.223306 ], [ 1.818905, 7.214228 ], [ 1.827073000000155, 7.20657 ], [ 1.83143, 7.20274 ], [ 1.837273, 7.19736 ], [ 1.843963, 7.193979 ], [ 1.852705000000185, 7.196135 ], [ 1.854336000000103, 7.193949 ], [ 1.852681000000132, 7.187955000000102 ], [ 1.861941000000172, 7.140128 ], [ 1.864513, 7.126842000000124 ], [ 1.862862000000177, 7.122484000000156 ], [ 1.86564900000019, 7.117438000000107 ], [ 1.871007000000134, 7.107735 ], [ 1.877833, 7.100348 ], [ 1.87806600000016, 7.095171000000164 ], [ 1.881323000000179, 7.089162000000158 ], [ 1.901507, 7.067627 ], [ 1.91668900000019, 7.051425000000108 ], [ 1.926580000000172, 7.0387 ], [ 1.930649, 7.033465 ], [ 1.947151000000133, 7.012231 ], [ 1.953655, 7.003863000000138 ], [ 1.957472, 7.00276 ], [ 1.966189, 7.002586000000179 ], [ 1.972703, 6.986896000000172 ], [ 1.977569000000187, 6.9727 ], [ 1.97859300000016, 6.97145300000011 ], [ 1.987897000000146, 6.960124000000121 ], [ 1.990053000000159, 6.95193600000016 ], [ 1.990388000000166, 6.942221000000131 ], [ 1.99105, 6.923028000000158 ], [ 2.005256, 6.91603600000019 ], [ 2.014476000000172, 6.911497000000168 ], [ 2.021229, 6.913161000000173 ], [ 2.023214000000166, 6.913650000000132 ], [ 2.034372000000189, 6.912815000000137 ], [ 2.037321000000134, 6.912594000000183 ], [ 2.03849, 6.912507 ], [ 2.049415000000181, 6.915742 ], [ 2.0554360000001, 6.921175000000176 ], [ 2.062000000000182, 6.92551600000013 ], [ 2.063964000000112, 6.926070000000152 ], [ 2.069647000000145, 6.927671 ], [ 2.078945, 6.933639 ], [ 2.081135000000131, 6.935812000000112 ], [ 2.087445000000173, 6.937199000000135 ], [ 2.088183000000129, 6.933626 ], [ 2.090161, 6.931332000000168 ], [ 2.0914, 6.92773 ], [ 2.094158000000107, 6.921771 ], [ 2.096366, 6.918306 ], [ 2.09982, 6.914976 ], [ 2.103138, 6.912339 ], [ 2.103967000000125, 6.911645 ], [ 2.105621000000156, 6.907765 ], [ 2.106189, 6.904978 ], [ 2.106581, 6.903056 ], [ 2.106577, 6.900564 ], [ 2.10532400000011, 6.896967000000188 ], [ 2.102135, 6.893928 ], [ 2.098946000000126, 6.89075 ], [ 2.097005000000138, 6.888816 ], [ 2.09478700000011, 6.887020000000177 ], [ 2.08841, 6.88177300000018 ], [ 2.084808000000123, 6.880257000000142 ], [ 2.082315, 6.879431000000181 ], [ 2.077467, 6.877226000000178 ], [ 2.073586, 6.874465000000157 ], [ 2.071503, 6.870731000000148 ], [ 2.070527000000141, 6.866995 ], [ 2.069131, 6.860491 ], [ 2.067168, 6.856465000000128 ], [ 2.065352, 6.851950000000159 ], [ 2.065294957000049, 6.851725903000158 ], [ 2.065545, 6.851759000000129 ], [ 2.064412, 6.841679000000113 ], [ 2.065035, 6.836042 ], [ 2.064932000000113, 6.836075 ], [ 2.064381, 6.836305 ], [ 2.064370000000167, 6.83004300000016 ], [ 2.064084, 6.825475 ], [ 2.063663, 6.821877 ], [ 2.06213, 6.816065 ], [ 2.061569, 6.812051 ], [ 2.061564000000146, 6.809582 ], [ 2.062074, 6.809427 ], [ 2.062106, 6.808337 ], [ 2.061562000000151, 6.808395 ], [ 2.061559000000102, 6.806790000000149 ], [ 2.06209900000016, 6.799036 ], [ 2.061538, 6.795161 ], [ 2.059038, 6.790597 ], [ 2.056404, 6.788388 ], [ 2.053078, 6.786041 ], [ 2.045734, 6.781903000000113 ] ] ] ] } },
{ "type": "Feature", "properties": { "fid": 8, "GID_1": "BEN.8_1", "GID_0": "BEN", "COUNTRY": "Benin", "NAME_1": "Littoral", "VARNAME_1": "NA", "NL_NAME_1": "NA", "TYPE_1": "Département", "ENGTYPE_1": "Department", "CC_1": "NA", "HASC_1": "BJ.LI", "ISO_1": "BJ-LI" }, "geometry": { "type": "MultiPolygon", "coordinates": [ [ [ [ 2.427916050000135, 6.343750001000046 ], [ 2.427083969000137, 6.343750001000046 ], [ 2.427083969000137, 6.343852095000159 ], [ 2.427083969000137, 6.344027997000126 ], [ 2.424583912000116, 6.344027997000126 ], [ 2.424583912000116, 6.343910921000031 ], [ 2.424583912000116, 6.343910920000155 ], [ 2.424583912000116, 6.343750001000046 ], [ 2.423748970000133, 6.343750001000046 ], [ 2.423748970000133, 6.343930565000107 ], [ 2.423748970000133, 6.343930566000154 ], [ 2.423748970000133, 6.344305992000159 ], [ 2.423470974000054, 6.344305992000159 ], [ 2.423470974000054, 6.344583988000068 ], [ 2.423192979000078, 6.344583988000068 ], [ 2.423192979000078, 6.344861984000147 ], [ 2.422640086000058, 6.344861984000147 ], [ 2.422640086000058, 6.344305992000159 ], [ 2.422360897000146, 6.344305992000159 ], [ 2.422360897000146, 6.343963226000028 ], [ 2.422360897000146, 6.343750001000046 ], [ 2.418749093000088, 6.343750001000046 ], [ 2.418749093000088, 6.344027997000126 ], [ 2.418473005000124, 6.344027997000126 ], [ 2.418473005000124, 6.344063634000179 ], [ 2.418473005000124, 6.344305993000035 ], [ 2.418195010000147, 6.344305993000035 ], [ 2.418195010000147, 6.344583989000171 ], [ 2.41763901600018, 6.344583989000171 ], [ 2.41763901600018, 6.344305993000035 ], [ 2.417361021000147, 6.344305993000035 ], [ 2.417361021000147, 6.344089415999974 ], [ 2.417361021000147, 6.344027997000126 ], [ 2.417083025000068, 6.344027997000126 ], [ 2.417083025000068, 6.343750001000046 ], [ 2.414582968000047, 6.343750001000046 ], [ 2.414582968000047, 6.343472005000137 ], [ 2.41347289100014, 6.343472005000137 ], [ 2.41347289100014, 6.343194008000182 ], [ 2.412916898000049, 6.343194008000182 ], [ 2.412916898000049, 6.343472005000137 ], [ 2.41236090600006, 6.343472005000137 ], [ 2.41236090600006, 6.343750001000046 ], [ 2.411803960000157, 6.343750001000046 ], [ 2.411803960000157, 6.344027997000126 ], [ 2.409581899000102, 6.344027997000126 ], [ 2.409581899000102, 6.344269780000161 ], [ 2.409581899000102, 6.344305993000035 ], [ 2.408472061999987, 6.344305993000035 ], [ 2.408472061999987, 6.344583989000171 ], [ 2.408194066000078, 6.344583989000171 ], [ 2.408194066000078, 6.344305993000035 ], [ 2.408020062000105, 6.344305993000035 ], [ 2.406805991000112, 6.344305993000035 ], [ 2.406805991000112, 6.34433414200015 ], [ 2.406805991000112, 6.344583989000171 ], [ 2.406250000000171, 6.344583989000171 ], [ 2.406250000000171, 6.344861984000147 ], [ 2.40458393199998, 6.344861984000147 ], [ 2.40458393199998, 6.345139982000035 ], [ 2.404305934000092, 6.345139982000035 ], [ 2.404305934000092, 6.345416069000066 ], [ 2.404027939000116, 6.345416069000066 ], [ 2.404027939000116, 6.345694066000078 ], [ 2.403471947000071, 6.345694066000078 ], [ 2.403471947000071, 6.345416069000066 ], [ 2.402637958000128, 6.345416069000066 ], [ 2.402637958000128, 6.345139982000035 ], [ 2.401527881000163, 6.345139982000035 ], [ 2.401527881000163, 6.345416069000066 ], [ 2.400140046, 6.345416069000066 ], [ 2.400140046, 6.345694066000078 ], [ 2.399584055000105, 6.345694066000078 ], [ 2.399584055000105, 6.345972062000158 ], [ 2.399306060000129, 6.345972062000158 ], [ 2.399306060000129, 6.345694066000078 ], [ 2.398750066000105, 6.345694066000078 ], [ 2.398750066000105, 6.345416069000066 ], [ 2.397639989000027, 6.345416069000066 ], [ 2.397639989000027, 6.345139982000035 ], [ 2.397361994, 6.345139982000035 ], [ 2.397361994, 6.345416069000066 ], [ 2.396249056000102, 6.345416069000066 ], [ 2.396249056000102, 6.345694066000078 ], [ 2.395695925000098, 6.345694066000078 ], [ 2.395695925000098, 6.345972062000158 ], [ 2.394582986000103, 6.345972062000158 ], [ 2.394582986000103, 6.346250058000066 ], [ 2.394304990000023, 6.346250058000066 ], [ 2.394304990000023, 6.346528055000078 ], [ 2.394026995000047, 6.346528055000078 ], [ 2.394026995000047, 6.347084045000031 ], [ 2.393748999000138, 6.347084045000031 ], [ 2.393748999000138, 6.347638131000053 ], [ 2.393471004000105, 6.347638131000053 ], [ 2.393471004000105, 6.347916128000065 ], [ 2.392360927000027, 6.347916128000065 ], [ 2.392360927000027, 6.347638131000053 ], [ 2.39180493300006, 6.347638131000053 ], [ 2.39180493300006, 6.347362041000167 ], [ 2.391526938000027, 6.347362041000167 ], [ 2.391526938000027, 6.347084045000031 ], [ 2.390973092000024, 6.347084045000031 ], [ 2.390973092000024, 6.347362041000167 ], [ 2.389861107000115, 6.347362041000167 ], [ 2.389861107000115, 6.347638131000053 ], [ 2.389583111000036, 6.347638131000053 ], [ 2.389583111000036, 6.347916128000065 ], [ 2.389305114000081, 6.347916128000065 ], [ 2.389305114000081, 6.348472118000075 ], [ 2.389027118000172, 6.348472118000075 ], [ 2.389027118000172, 6.348750116000133 ], [ 2.388751030000037, 6.348750116000133 ], [ 2.388751030000037, 6.349582196000085 ], [ 2.388473034000128, 6.349582196000085 ], [ 2.388473034000128, 6.349860192000165 ], [ 2.387639046000061, 6.349860192000165 ], [ 2.387639046000061, 6.349028112000042 ], [ 2.387917041000037, 6.349028112000042 ], [ 2.387917041000037, 6.348194123000042 ], [ 2.387639046000061, 6.348194123000042 ], [ 2.387639046000061, 6.347638131000053 ], [ 2.386805057000061, 6.347638131000053 ], [ 2.386805057000061, 6.347916128000065 ], [ 2.385972977000108, 6.347916128000065 ], [ 2.385972977000108, 6.348194123000042 ], [ 2.383472920000145, 6.348194123000042 ], [ 2.383472920000145, 6.348472118000075 ], [ 2.380971908000163, 6.348472118000075 ], [ 2.380971908000163, 6.348750116000133 ], [ 2.37958407300016, 6.348750116000133 ], [ 2.37958407300016, 6.349028112000042 ], [ 2.379306078000184, 6.349028112000042 ], [ 2.379306078000184, 6.348750116000133 ], [ 2.376250029000175, 6.348750116000133 ], [ 2.376250029000175, 6.349028112000042 ], [ 2.375694036000084, 6.349028112000042 ], [ 2.375694036000084, 6.348750116000133 ], [ 2.375416040000175, 6.348750116000133 ], [ 2.375416040000175, 6.349028112000042 ], [ 2.374305963000097, 6.349028112000042 ], [ 2.374305963000097, 6.349306107000075 ], [ 2.373193979000064, 6.349306107000075 ], [ 2.373193979000064, 6.349582196000085 ], [ 2.372639895000077, 6.349582196000085 ], [ 2.372639895000077, 6.349860192000165 ], [ 2.371805906000077, 6.349860192000165 ], [ 2.371805906000077, 6.349582196000085 ], [ 2.369862080000189, 6.349582196000085 ], [ 2.369862080000189, 6.349306107000075 ], [ 2.367639066000095, 6.349306107000075 ], [ 2.367639066000095, 6.349582196000085 ], [ 2.363721791000103, 6.349582196000085 ], [ 2.363589000008778, 6.364737999997086 ], [ 2.363589, 6.364738000000159 ], [ 2.363402000000178, 6.386064 ], [ 2.363326, 6.394819 ], [ 2.364852, 6.408910000000105 ], [ 2.369433000000186, 6.408338000000185 ], [ 2.399295000000109, 6.404610000000105 ], [ 2.400901, 6.40441 ], [ 2.435239000000138, 6.40012 ], [ 2.448589420000189, 6.399169246000099 ], [ 2.447713, 6.398030000000119 ], [ 2.45101000000011, 6.397652916000027 ], [ 2.480142841000145, 6.394320937000089 ], [ 2.481533981000155, 6.39416183000003 ], [ 2.480815, 6.387761000000125 ], [ 2.480603000000144, 6.382519000000173 ], [ 2.481659, 6.377813000000174 ], [ 2.484362, 6.37653100000017 ], [ 2.486885000000143, 6.375431000000106 ], [ 2.487636000000123, 6.363329 ], [ 2.487808000000143, 6.360557 ], [ 2.487868486000139, 6.359582901000181 ], [ 2.486249924000163, 6.359582901000181 ], [ 2.486249924000163, 6.360138894000102 ], [ 2.485693933000107, 6.360138894000102 ], [ 2.485693933000107, 6.359582901000181 ], [ 2.48458409300008, 6.359582901000181 ], [ 2.48458409300008, 6.35986089700009 ], [ 2.484306098000104, 6.35986089700009 ], [ 2.484306098000104, 6.360138894000102 ], [ 2.484028102000025, 6.360138894000102 ], [ 2.484028102000025, 6.360416890000181 ], [ 2.48375010400008, 6.360416890000181 ], [ 2.48375010400008, 6.360694884999987 ], [ 2.483333110000046, 6.360694884999987 ], [ 2.483194113000025, 6.360694884999987 ], [ 2.483194113000025, 6.360138894000102 ], [ 2.482916117000116, 6.360138894000102 ], [ 2.482916117000116, 6.35986089700009 ], [ 2.482362032000026, 6.35986089700009 ], [ 2.482362032000026, 6.359582901000181 ], [ 2.482084036000117, 6.359582901000181 ], [ 2.482084036000117, 6.35986089700009 ], [ 2.480972052000084, 6.35986089700009 ], [ 2.480972052000084, 6.360138894000102 ], [ 2.480694056000175, 6.360138894000102 ], [ 2.480694056000175, 6.35986089700009 ], [ 2.480139969999982, 6.35986089700009 ], [ 2.480139969999982, 6.360138894000102 ], [ 2.479861975000176, 6.360138894000102 ], [ 2.479861975000176, 6.35986089700009 ], [ 2.479583979000097, 6.35986089700009 ], [ 2.479583979000097, 6.360138894000102 ], [ 2.478471042000137, 6.360138894000102 ], [ 2.478471042000137, 6.360416890000181 ], [ 2.477917909000098, 6.360416890000181 ], [ 2.477917909000098, 6.35986089700009 ], [ 2.477082967000115, 6.35986089700009 ], [ 2.477082967000115, 6.359582901000181 ], [ 2.476804971000035, 6.359582901000181 ], [ 2.476804971000035, 6.35986089700009 ], [ 2.475970984000185, 6.35986089700009 ], [ 2.475970984000185, 6.360138894000102 ], [ 2.475416899000095, 6.360138894000102 ], [ 2.475416899000095, 6.360416890000181 ], [ 2.47374892300013, 6.360416890000181 ], [ 2.47374892300013, 6.360138894000102 ], [ 2.472917079000013, 6.360138894000102 ], [ 2.472917079000013, 6.35986089700009 ], [ 2.471251011000049, 6.35986089700009 ], [ 2.471251011000049, 6.359582901000181 ], [ 2.46763896900012, 6.359582901000181 ], [ 2.46763896900012, 6.359304905000101 ], [ 2.466528892000042, 6.359304905000101 ], [ 2.466528892000042, 6.359026910000125 ], [ 2.464859962000162, 6.359026910000125 ], [ 2.464859962000162, 6.358748914000046 ], [ 2.464581966000026, 6.358748914000046 ], [ 2.464581966000026, 6.357360839000023 ], [ 2.464307070000018, 6.357360839000023 ], [ 2.464307070000018, 6.356804848000138 ], [ 2.464029073000063, 6.356804848000138 ], [ 2.464029073000063, 6.356250762000116 ], [ 2.463751077000154, 6.356250762000116 ], [ 2.463751077000154, 6.355972767000083 ], [ 2.462915898000062, 6.355972767000083 ], [ 2.462915898000062, 6.355138780000118 ], [ 2.462637902000154, 6.355138780000118 ], [ 2.462637902000154, 6.355416775000094 ], [ 2.462359905000142, 6.355416775000094 ], [ 2.462359905000142, 6.355694771000174 ], [ 2.462250682000047, 6.355694771000174 ], [ 2.462081909000062, 6.355694771000174 ], [ 2.462081909000062, 6.354860782 ], [ 2.46152806300006, 6.354860782 ], [ 2.46152806300006, 6.354582787000027 ], [ 2.460972072000175, 6.354582787000027 ], [ 2.460972072000175, 6.35430717600002 ], [ 2.460138083000174, 6.35430717600002 ], [ 2.460138083000174, 6.354582787000027 ], [ 2.45902800600004, 6.354582787000027 ], [ 2.45902800600004, 6.354860782 ], [ 2.458194017000039, 6.354860782 ], [ 2.458194017000039, 6.355138780000118 ], [ 2.457361937000144, 6.355138780000118 ], [ 2.457361937000144, 6.355416775000094 ], [ 2.457083940000132, 6.355416775000094 ], [ 2.457083940000132, 6.355138780000118 ], [ 2.454305887000032, 6.355138780000118 ], [ 2.454305887000032, 6.354860782 ], [ 2.454027891000123, 6.354860782 ], [ 2.454027891000123, 6.35430717600002 ], [ 2.45319390200018, 6.35430717600002 ], [ 2.45319390200018, 6.354582787000027 ], [ 2.451248884000165, 6.354582787000027 ], [ 2.451248884000165, 6.354860782 ], [ 2.450417995000066, 6.354860782 ], [ 2.450417995000066, 6.354582787000027 ], [ 2.449027062000027, 6.354582787000027 ], [ 2.449027062000027, 6.35430717600002 ], [ 2.448194980999972, 6.35430717600002 ], [ 2.448194980999972, 6.354582787000027 ], [ 2.447082996000063, 6.354582787000027 ], [ 2.447082996000063, 6.35430717600002 ], [ 2.446527005000178, 6.35430717600002 ], [ 2.446527005000178, 6.354582787000027 ], [ 2.445972919000155, 6.354582787000027 ], [ 2.445972919000155, 6.35430717600002 ], [ 2.4454169280001, 6.35430717600002 ], [ 2.4454169280001, 6.354029178000133 ], [ 2.44513893200002, 6.354029178000133 ], [ 2.44513893200002, 6.353751183000156 ], [ 2.444582939000099, 6.353751183000156 ], [ 2.444582939000099, 6.353473187000077 ], [ 2.44430494300002, 6.353473187000077 ], [ 2.44430494300002, 6.353195191000168 ], [ 2.444026947999987, 6.353195191000168 ], [ 2.444026947999987, 6.352915764000045 ], [ 2.44430494300002, 6.352915764000045 ], [ 2.44430494300002, 6.352359772000057 ], [ 2.444582939000099, 6.352359772000057 ], [ 2.444582939000099, 6.351528168000129 ], [ 2.444860935000179, 6.351528168000129 ], [ 2.444860935000179, 6.350138188000074 ], [ 2.444026947999987, 6.350138188000074 ], [ 2.444026947999987, 6.350058729000182 ], [ 2.444026947999987, 6.349860192000165 ], [ 2.443195104000097, 6.349860192000165 ], [ 2.443195104000097, 6.350138188000074 ], [ 2.442082882000079, 6.350138188000074 ], [ 2.442082882000079, 6.350416184000153 ], [ 2.441251040000168, 6.350416184000153 ], [ 2.441251040000168, 6.350694179000129 ], [ 2.439028979000113, 6.350694179000129 ], [ 2.439028979000113, 6.350972175000038 ], [ 2.436528921, 6.350972175000038 ], [ 2.436528921, 6.351250173000153 ], [ 2.43485999100011, 6.351250173000153 ], [ 2.43485999100011, 6.350972175000038 ], [ 2.434583903000032, 6.350972175000038 ], [ 2.43458199500003, 6.350694179000129 ], [ 2.434305907000123, 6.350694179000129 ], [ 2.434305907000123, 6.349582195000153 ], [ 2.432359934000146, 6.349582195000153 ], [ 2.432359934000146, 6.348472118000075 ], [ 2.431806088000144, 6.348472118000075 ], [ 2.431806088000144, 6.348194122000166 ], [ 2.430694103000064, 6.348194122000166 ], [ 2.430694103000064, 6.348472118000075 ], [ 2.4295840260001, 6.348472118000075 ], [ 2.4295840260001, 6.348194122000166 ], [ 2.426805973000057, 6.348194122000166 ], [ 2.426805973000057, 6.347916127000133 ], [ 2.425417901000117, 6.347916127000133 ], [ 2.425417901000117, 6.347638131000053 ], [ 2.424305916000037, 6.347638131000053 ], [ 2.424305916000037, 6.347916127000133 ], [ 2.424026966000042, 6.347916127000133 ], [ 2.424026966000042, 6.348194122000166 ], [ 2.422640086000058, 6.348194122000166 ], [ 2.422640086000058, 6.347916127000133 ], [ 2.422360897000146, 6.347916127000133 ], [ 2.422360897000146, 6.347638131000053 ], [ 2.422082902000113, 6.347638131000053 ], [ 2.422082902000113, 6.347362041000167 ], [ 2.421804904000055, 6.347362041000167 ], [ 2.421804904000055, 6.347084045000031 ], [ 2.421526909000079, 6.347084045000031 ], [ 2.421526909000079, 6.346806050000055 ], [ 2.419583082000088, 6.346806050000055 ], [ 2.419583082000088, 6.346250058000066 ], [ 2.419861078000167, 6.346250058000066 ], [ 2.419861078000167, 6.345972061000055 ], [ 2.420139074000076, 6.345972061000055 ], [ 2.420139074000076, 6.345694065000146 ], [ 2.420695067000167, 6.345694065000146 ], [ 2.420695067000167, 6.345416069000066 ], [ 2.422640086000058, 6.345416069000066 ], [ 2.422640086000058, 6.345139981000159 ], [ 2.422918081000034, 6.345139981000159 ], [ 2.422918081000034, 6.345972061000055 ], [ 2.423192979000078, 6.345972061000055 ], [ 2.423192979000078, 6.346250058000066 ], [ 2.424305916000037, 6.346250058000066 ], [ 2.424305916000037, 6.345972061000055 ], [ 2.424583912000116, 6.345972061000055 ], [ 2.424583912000116, 6.345694065000146 ], [ 2.425417901000117, 6.345694065000146 ], [ 2.425417901000117, 6.345972061000055 ], [ 2.426527978000024, 6.345972061000055 ], [ 2.426527978000024, 6.345694065000146 ], [ 2.426805973000057, 6.345694065000146 ], [ 2.426805973000057, 6.345416069000066 ], [ 2.427083969000137, 6.345416069000066 ], [ 2.427083969000137, 6.344861984000147 ], [ 2.427361965000046, 6.344861984000147 ], [ 2.427361965000046, 6.344583988000068 ], [ 2.427916050000135, 6.344583988000068 ], [ 2.427916050000135, 6.344305992000159 ], [ 2.428194046000044, 6.344305992000159 ], [ 2.428194046000044, 6.343825975000129 ], [ 2.428194046000044, 6.343616175000022 ], [ 2.428194046000044, 6.343472005000137 ], [ 2.427916050000135, 6.343472005000137 ], [ 2.427916050000135, 6.343750001000046 ] ] ] ] } },
{ "type": "Feature", "properties": { "fid": 9, "GID_1": "BEN.9_1", "GID_0": "BEN", "COUNTRY": "Benin", "NAME_1": "Mono", "VARNAME_1": "NA", "NL_NAME_1": "NA", "TYPE_1": "Département", "ENGTYPE_1": "Department", "CC_1": "NA", "HASC_1": "BJ.MO", "ISO_1": "BJ-MO" }, "geometry": { "type": "MultiPolygon", "coordinates": [ [ [ [ 1.892362000000105, 6.292362 ], [ 1.892362000000105, 6.292084000000102 ], [ 1.892638, 6.292084000000102 ], [ 1.892638, 6.291806000000179 ], [ 1.895138000000145, 6.291806000000179 ], [ 1.895138000000145, 6.292084000000102 ], [ 1.895416, 6.292084000000102 ], [ 1.895416, 6.292362 ], [ 1.895694000000105, 6.292362 ], [ 1.895694000000105, 6.292638000000125 ], [ 1.895972, 6.292638000000125 ], [ 1.895972, 6.292362 ], [ 1.897082, 6.292362 ], [ 1.897082, 6.292638000000125 ], [ 1.897360000000106, 6.292638000000125 ], [ 1.897360000000106, 6.292362 ], [ 1.897638, 6.292362 ], [ 1.897638, 6.292638000000125 ], [ 1.898751000000118, 6.292638000000125 ], [ 1.898751000000118, 6.292916 ], [ 1.899029, 6.292916 ], [ 1.899029, 6.292638000000125 ], [ 1.899307000000135, 6.292638000000125 ], [ 1.899307000000135, 6.292084000000102 ], [ 1.89986, 6.292084000000102 ], [ 1.89986, 6.291806000000179 ], [ 1.900695, 6.291806000000179 ], [ 1.900695, 6.291528 ], [ 1.902083000000118, 6.291528 ], [ 1.902083000000118, 6.29125 ], [ 1.903195, 6.29125 ], [ 1.903195, 6.291528 ], [ 1.904027, 6.291528 ], [ 1.904027, 6.292084000000102 ], [ 1.904305000000136, 6.292084000000102 ], [ 1.904305000000136, 6.292362 ], [ 1.904583, 6.292362 ], [ 1.904583, 6.292638000000125 ], [ 1.904861, 6.292638000000125 ], [ 1.904861, 6.292916 ], [ 1.905417000000114, 6.292916 ], [ 1.905417000000114, 6.292638000000125 ], [ 1.908195, 6.292638000000125 ], [ 1.908195, 6.292362 ], [ 1.908471, 6.292362 ], [ 1.908471, 6.291806000000179 ], [ 1.907361, 6.291806000000179 ], [ 1.907361, 6.291528 ], [ 1.905139, 6.291528 ], [ 1.905139, 6.290972000000124 ], [ 1.904861, 6.290972000000124 ], [ 1.904861, 6.290694 ], [ 1.904583, 6.290694 ], [ 1.904583, 6.290416000000107 ], [ 1.904305000000136, 6.290416000000107 ], [ 1.904305000000136, 6.290138000000184 ], [ 1.904027, 6.290138000000184 ], [ 1.904027, 6.289862 ], [ 1.902083000000118, 6.289862 ], [ 1.902083000000118, 6.289584 ], [ 1.89847200000014, 6.289584 ], [ 1.89847200000014, 6.289306000000124 ], [ 1.898194, 6.289306000000124 ], [ 1.898194, 6.289028 ], [ 1.897084, 6.289028 ], [ 1.897082, 6.288750000000107 ], [ 1.895138000000145, 6.288750000000107 ], [ 1.895138000000145, 6.288472000000183 ], [ 1.894584000000123, 6.288472000000183 ], [ 1.894584000000123, 6.288194 ], [ 1.892638, 6.288194 ], [ 1.892638, 6.287918 ], [ 1.890972, 6.287918 ], [ 1.890972, 6.287640000000124 ], [ 1.890694000000167, 6.287640000000124 ], [ 1.890694000000167, 6.287918 ], [ 1.890140000000144, 6.287918 ], [ 1.890140000000144, 6.288194 ], [ 1.887916000000132, 6.288194 ], [ 1.887916000000132, 6.287918 ], [ 1.887084, 6.287918 ], [ 1.887084, 6.287640000000124 ], [ 1.885140000000149, 6.287640000000124 ], [ 1.885140000000149, 6.287918 ], [ 1.883195000000171, 6.287918 ], [ 1.883195000000171, 6.287640000000124 ], [ 1.882639000000154, 6.287640000000124 ], [ 1.882639000000154, 6.287362 ], [ 1.881249, 6.287362 ], [ 1.881249, 6.287084000000107 ], [ 1.880417, 6.287084000000107 ], [ 1.880417, 6.286806000000183 ], [ 1.878749, 6.286806000000183 ], [ 1.878749, 6.286528 ], [ 1.878195000000176, 6.286528 ], [ 1.878195000000176, 6.286249000000112 ], [ 1.877917, 6.286249000000112 ], [ 1.877917, 6.286528 ], [ 1.877361, 6.286528 ], [ 1.877361, 6.286806000000183 ], [ 1.87125, 6.286806000000183 ], [ 1.87125, 6.286528 ], [ 1.870972000000108, 6.286528 ], [ 1.870972000000108, 6.286249000000112 ], [ 1.870694000000185, 6.286249000000112 ], [ 1.870694000000185, 6.285971000000188 ], [ 1.867916, 6.285971000000188 ], [ 1.867916, 6.285696 ], [ 1.86625, 6.285696 ], [ 1.86625, 6.285418000000107 ], [ 1.865416, 6.285418000000107 ], [ 1.865416, 6.285140000000183 ], [ 1.865109316000144, 6.285140000000183 ], [ 1.86486200000013, 6.285140000000183 ], [ 1.86486200000013, 6.285418000000107 ], [ 1.864584, 6.285418000000107 ], [ 1.864584, 6.285696 ], [ 1.861806, 6.285696 ], [ 1.861806, 6.285418000000107 ], [ 1.860418, 6.285418000000107 ], [ 1.860418, 6.285140000000183 ], [ 1.858193, 6.285140000000183 ], [ 1.858193, 6.284861 ], [ 1.857639, 6.284861 ], [ 1.857639, 6.284583000000111 ], [ 1.856805000000122, 6.284583000000111 ], [ 1.856805000000122, 6.285696 ], [ 1.857083, 6.285696 ], [ 1.857083, 6.285971000000188 ], [ 1.857361000000139, 6.285971000000188 ], [ 1.857361000000139, 6.286528 ], [ 1.857639, 6.286528 ], [ 1.857639, 6.286806000000183 ], [ 1.858471000000122, 6.286806000000183 ], [ 1.858471000000122, 6.287084000000107 ], [ 1.862916, 6.287084000000107 ], [ 1.862916, 6.287362 ], [ 1.865104538000082, 6.287362 ], [ 1.865104539000185, 6.287362 ], [ 1.86569400000019, 6.287362 ], [ 1.86569400000019, 6.287084000000107 ], [ 1.86736000000019, 6.287084000000107 ], [ 1.86736000000019, 6.287362 ], [ 1.869028000000185, 6.287362 ], [ 1.869028000000185, 6.287084000000107 ], [ 1.870416, 6.287084000000107 ], [ 1.870416, 6.287362 ], [ 1.872638000000109, 6.287362 ], [ 1.872638000000109, 6.287640000000124 ], [ 1.873751, 6.287640000000124 ], [ 1.873751, 6.287918 ], [ 1.874583, 6.287918 ], [ 1.874583, 6.288194 ], [ 1.87486100000018, 6.288194 ], [ 1.87486100000018, 6.288472000000183 ], [ 1.875139000000104, 6.288472000000183 ], [ 1.875139000000104, 6.289028 ], [ 1.875417, 6.289028 ], [ 1.875417, 6.289306000000124 ], [ 1.875695, 6.289306000000124 ], [ 1.875695, 6.289584 ], [ 1.877639000000158, 6.289584 ], [ 1.877639000000158, 6.289862 ], [ 1.878749, 6.289862 ], [ 1.878749, 6.290138000000184 ], [ 1.879305000000159, 6.290138000000184 ], [ 1.879305000000159, 6.290416000000107 ], [ 1.879861000000176, 6.290416000000107 ], [ 1.879861000000176, 6.290694 ], [ 1.881527000000176, 6.290694 ], [ 1.881527000000176, 6.290972000000124 ], [ 1.881805, 6.290972000000124 ], [ 1.881805, 6.29125 ], [ 1.884027, 6.29125 ], [ 1.884027, 6.291528 ], [ 1.886249, 6.291528 ], [ 1.886249, 6.291806000000179 ], [ 1.888194, 6.291806000000179 ], [ 1.888194, 6.292084000000102 ], [ 1.888472000000149, 6.292084000000102 ], [ 1.888472000000149, 6.292362 ], [ 1.88875, 6.292362 ], [ 1.88875, 6.292638000000125 ], [ 1.889306, 6.292638000000125 ], [ 1.889306, 6.292916 ], [ 1.889584000000127, 6.292916 ], [ 1.889584000000127, 6.293194 ], [ 1.890416, 6.293194 ], [ 1.890416, 6.292916 ], [ 1.890972, 6.292916 ], [ 1.890972, 6.292638000000125 ], [ 1.891806000000145, 6.292638000000125 ], [ 1.891806000000145, 6.292362 ], [ 1.892362000000105, 6.292362 ] ] ], [ [ [ 1.932361000000128, 6.294028 ], [ 1.932361000000128, 6.293750000000102 ], [ 1.929861, 6.293750000000102 ], [ 1.929861, 6.294028 ], [ 1.92958300000015, 6.294028 ], [ 1.92958300000015, 6.294306 ], [ 1.928751, 6.294306 ], [ 1.928751, 6.294584000000157 ], [ 1.929029000000128, 6.294584000000157 ], [ 1.929029000000128, 6.294862 ], [ 1.930417, 6.294862 ], [ 1.930417, 6.294584000000157 ], [ 1.932083, 6.294584000000157 ], [ 1.932083, 6.294306 ], [ 1.932639, 6.294306 ], [ 1.932639, 6.294028 ], [ 1.932361000000128, 6.294028 ] ] ], [ [ [ 1.905417000000114, 6.294584000000157 ], [ 1.905417000000114, 6.294306 ], [ 1.905139, 6.294306 ], [ 1.905139, 6.294028 ], [ 1.903749000000118, 6.294028 ], [ 1.903749000000118, 6.294306 ], [ 1.902917, 6.294306 ], [ 1.902917, 6.294584000000157 ], [ 1.902639000000136, 6.294584000000157 ], [ 1.902639000000136, 6.294862 ], [ 1.902361, 6.294862 ], [ 1.902361, 6.295694 ], [ 1.902917, 6.295694 ], [ 1.902917, 6.295972 ], [ 1.904305000000136, 6.295972 ], [ 1.904305000000136, 6.295416000000102 ], [ 1.905139, 6.295416000000102 ], [ 1.905139, 6.295138000000179 ], [ 1.905695, 6.295138000000179 ], [ 1.905695, 6.294584000000157 ], [ 1.905417000000114, 6.294584000000157 ] ] ], [ [ [ 1.935417, 6.29736 ], [ 1.935417, 6.296806000000174 ], [ 1.935139000000106, 6.296806000000174 ], [ 1.935139000000106, 6.296528 ], [ 1.934861, 6.296528 ], [ 1.934861, 6.296250000000157 ], [ 1.933749, 6.296250000000157 ], [ 1.933749, 6.296528 ], [ 1.933473000000106, 6.296528 ], [ 1.933473000000106, 6.296806000000174 ], [ 1.933195, 6.296806000000174 ], [ 1.933195, 6.297084 ], [ 1.932917000000145, 6.297084 ], [ 1.932917000000145, 6.29736 ], [ 1.932639, 6.29736 ], [ 1.932639, 6.297638 ], [ 1.932917000000145, 6.297638 ], [ 1.932917000000145, 6.298194 ], [ 1.933195, 6.298194 ], [ 1.933195, 6.298472000000174 ], [ 1.934861, 6.298472000000174 ], [ 1.934861, 6.298194 ], [ 1.935973, 6.298194 ], [ 1.935973, 6.297916000000157 ], [ 1.936527, 6.297916000000157 ], [ 1.936527, 6.29736 ], [ 1.935417, 6.29736 ] ] ], [ [ [ 1.938193, 6.295138000000179 ], [ 1.938193, 6.294862 ], [ 1.937917000000141, 6.294862 ], [ 1.937917000000141, 6.294584000000157 ], [ 1.933473000000106, 6.294584000000157 ], [ 1.933473000000106, 6.294306 ], [ 1.933195, 6.294306 ], [ 1.933195, 6.294584000000157 ], [ 1.932917000000145, 6.294584000000157 ], [ 1.932917000000145, 6.294862 ], [ 1.932639, 6.294862 ], [ 1.932639, 6.295138000000179 ], [ 1.932917000000145, 6.295138000000179 ], [ 1.932917000000145, 6.295416000000102 ], [ 1.935695000000123, 6.295416000000102 ], [ 1.935695000000123, 6.295694 ], [ 1.937083, 6.295694 ], [ 1.937083, 6.295972 ], [ 1.937639, 6.295972 ], [ 1.937639, 6.296250000000157 ], [ 1.938193, 6.296250000000157 ], [ 1.938193, 6.296528 ], [ 1.938471000000106, 6.296528 ], [ 1.938471000000106, 6.296806000000174 ], [ 1.938749, 6.296806000000174 ], [ 1.938749, 6.297084 ], [ 1.939027000000124, 6.297084 ], [ 1.939027000000124, 6.29736 ], [ 1.939584, 6.29736 ], [ 1.939584, 6.297084 ], [ 1.939862000000119, 6.297084 ], [ 1.939862000000119, 6.295416000000102 ], [ 1.938749, 6.295416000000102 ], [ 1.938749, 6.295138000000179 ], [ 1.938193, 6.295138000000179 ] ] ], [ [ [ 1.945694000000174, 6.29986 ], [ 1.945694000000174, 6.298751000000152 ], [ 1.942916, 6.298751000000152 ], [ 1.942916, 6.299029 ], [ 1.941806, 6.299029 ], [ 1.941806, 6.299304 ], [ 1.941528000000119, 6.299304 ], [ 1.941528000000119, 6.29986 ], [ 1.94125, 6.29986 ], [ 1.94125, 6.300139 ], [ 1.941528000000119, 6.300139 ], [ 1.941528000000119, 6.300417000000152 ], [ 1.942362000000173, 6.300417000000152 ], [ 1.942362000000173, 6.29986 ], [ 1.944584, 6.29986 ], [ 1.944584, 6.299582000000157 ], [ 1.945416, 6.299582000000157 ], [ 1.945416, 6.29986 ], [ 1.945694000000174, 6.29986 ] ] ], [ [ [ 1.94625, 6.299582000000157 ], [ 1.94625, 6.29986 ], [ 1.946528000000114, 6.29986 ], [ 1.946528000000114, 6.300139 ], [ 1.947916, 6.300139 ], [ 1.947916, 6.29986 ], [ 1.94875, 6.29986 ], [ 1.94875, 6.299582000000157 ], [ 1.947362000000169, 6.299582000000157 ], [ 1.947362000000169, 6.299304 ], [ 1.946528000000114, 6.299304 ], [ 1.946528000000114, 6.299582000000157 ], [ 1.94625, 6.299582000000157 ] ] ], [ [ [ 1.950138, 6.300695 ], [ 1.950138, 6.30097300000017 ], [ 1.950694000000169, 6.30097300000017 ], [ 1.950694000000169, 6.301251 ], [ 1.95152800000011, 6.301251 ], [ 1.95152800000011, 6.30152900000013 ], [ 1.952360000000169, 6.30152900000013 ], [ 1.952360000000169, 6.301805 ], [ 1.952916000000187, 6.301805 ], [ 1.952916000000187, 6.30152900000013 ], [ 1.954583, 6.30152900000013 ], [ 1.954583, 6.300695 ], [ 1.954029, 6.300695 ], [ 1.954029, 6.30097300000017 ], [ 1.952638, 6.30097300000017 ], [ 1.952638, 6.300695 ], [ 1.952360000000169, 6.300695 ], [ 1.952360000000169, 6.300417000000152 ], [ 1.950972, 6.300417000000152 ], [ 1.950972, 6.300139 ], [ 1.949860000000115, 6.300139 ], [ 1.949860000000115, 6.29986 ], [ 1.94875, 6.29986 ], [ 1.94875, 6.300139 ], [ 1.949028000000169, 6.300139 ], [ 1.949028000000169, 6.300417000000152 ], [ 1.949860000000115, 6.300417000000152 ], [ 1.949860000000115, 6.300695 ], [ 1.950138, 6.300695 ] ] ], [ [ [ 1.916250000000105, 6.29736 ], [ 1.916250000000105, 6.297084 ], [ 1.915694, 6.297084 ], [ 1.915694, 6.296806000000174 ], [ 1.914584000000104, 6.296806000000174 ], [ 1.914584000000104, 6.297084 ], [ 1.914028, 6.297084 ], [ 1.914028, 6.296806000000174 ], [ 1.912640000000181, 6.296806000000174 ], [ 1.912640000000181, 6.297084 ], [ 1.912362, 6.297084 ], [ 1.912362, 6.297638 ], [ 1.912640000000181, 6.297638 ], [ 1.912640000000181, 6.297916000000157 ], [ 1.912918000000104, 6.297916000000157 ], [ 1.912918000000104, 6.298194 ], [ 1.913193, 6.298194 ], [ 1.913193, 6.298472000000174 ], [ 1.914028, 6.298472000000174 ], [ 1.914028, 6.298751000000152 ], [ 1.916806, 6.298751000000152 ], [ 1.916806, 6.298472000000174 ], [ 1.917084000000159, 6.298472000000174 ], [ 1.917084000000159, 6.297638 ], [ 1.916806, 6.297638 ], [ 1.916806, 6.29736 ], [ 1.916250000000105, 6.29736 ] ] ], [ [ [ 1.921528000000137, 6.30319500000013 ], [ 1.921528000000137, 6.302917 ], [ 1.922084000000154, 6.302917 ], [ 1.922084000000154, 6.302361 ], [ 1.92625100000015, 6.302361 ], [ 1.92625100000015, 6.30263900000017 ], [ 1.926529, 6.30263900000017 ], [ 1.926529, 6.301805 ], [ 1.926804, 6.301805 ], [ 1.92680700000011, 6.301251 ], [ 1.927082000000155, 6.301251 ], [ 1.927082000000155, 6.30097300000017 ], [ 1.927361000000133, 6.30097300000017 ], [ 1.927361000000133, 6.300695 ], [ 1.927639, 6.300695 ], [ 1.927639, 6.300139 ], [ 1.92791700000015, 6.300139 ], [ 1.92791700000015, 6.29986 ], [ 1.927361000000133, 6.29986 ], [ 1.927361000000133, 6.299582000000157 ], [ 1.927082000000155, 6.299582000000157 ], [ 1.927082000000155, 6.29986 ], [ 1.925694, 6.29986 ], [ 1.925694, 6.299582000000157 ], [ 1.925138, 6.299582000000157 ], [ 1.925138, 6.299304 ], [ 1.924860000000137, 6.299304 ], [ 1.924860000000137, 6.299029 ], [ 1.924028, 6.299029 ], [ 1.924028, 6.298751000000152 ], [ 1.920972000000177, 6.298751000000152 ], [ 1.920972000000177, 6.299029 ], [ 1.919584, 6.299029 ], [ 1.919584, 6.299304 ], [ 1.918750000000159, 6.299304 ], [ 1.918750000000159, 6.299582000000157 ], [ 1.918194, 6.299582000000157 ], [ 1.918194, 6.29986 ], [ 1.917638000000181, 6.29986 ], [ 1.917638000000181, 6.300695 ], [ 1.917362, 6.300695 ], [ 1.917362, 6.30263900000017 ], [ 1.917638000000181, 6.30263900000017 ], [ 1.917638000000181, 6.302917 ], [ 1.917916000000105, 6.302917 ], [ 1.917916000000105, 6.303473 ], [ 1.918194, 6.303473 ], [ 1.918194, 6.303751000000148 ], [ 1.918472, 6.303751000000148 ], [ 1.918472, 6.304027 ], [ 1.919584, 6.304027 ], [ 1.919584, 6.303751000000148 ], [ 1.920694, 6.303751000000148 ], [ 1.920694, 6.303473 ], [ 1.92125, 6.303473 ], [ 1.92125, 6.30319500000013 ], [ 1.921528000000137, 6.30319500000013 ] ] ], [ [ [ 1.969606000000169, 6.325886 ], [ 1.971040000000187, 6.324232000000109 ], [ 1.973590000000115, 6.322609000000114 ], [ 1.973829107000086, 6.322445660000085 ], [ 1.975487, 6.321153 ], [ 1.977069, 6.32014 ], [ 1.978497, 6.319228000000123 ], [ 1.978539000000126, 6.319201 ], [ 1.979819111000097, 6.317328710000027 ], [ 1.979818432000116, 6.31731244600013 ], [ 1.981146, 6.315388 ], [ 1.981150000000184, 6.315373 ], [ 1.981216000000131, 6.312675 ], [ 1.981316959000026, 6.312083000000143 ], [ 1.980695, 6.312083000000143 ], [ 1.980695, 6.311805 ], [ 1.980417000000102, 6.311805 ], [ 1.980417000000102, 6.311249 ], [ 1.980138000000125, 6.311249 ], [ 1.980138000000125, 6.309583 ], [ 1.97986, 6.309583 ], [ 1.97986, 6.309305000000165 ], [ 1.979304, 6.309305000000165 ], [ 1.979304, 6.309027 ], [ 1.979029, 6.309027 ], [ 1.979029, 6.308749000000148 ], [ 1.978472000000124, 6.308749000000148 ], [ 1.978472000000124, 6.308471 ], [ 1.978194, 6.308471 ], [ 1.978194, 6.308195000000126 ], [ 1.977916000000107, 6.308195000000126 ], [ 1.977916000000107, 6.308471 ], [ 1.977360000000147, 6.308471 ], [ 1.977360000000147, 6.308749000000148 ], [ 1.977084, 6.308749000000148 ], [ 1.977084, 6.309027 ], [ 1.977360000000147, 6.309027 ], [ 1.977360000000147, 6.309305000000165 ], [ 1.977638, 6.309305000000165 ], [ 1.977638, 6.309583 ], [ 1.977916000000107, 6.309583 ], [ 1.977916000000107, 6.310417000000143 ], [ 1.977638, 6.310417000000143 ], [ 1.977638, 6.310693 ], [ 1.976806000000124, 6.310693 ], [ 1.976806000000124, 6.310417000000143 ], [ 1.976528, 6.310417000000143 ], [ 1.976528, 6.310139 ], [ 1.975416, 6.310139 ], [ 1.975416, 6.309861000000126 ], [ 1.974028000000146, 6.309861000000126 ], [ 1.974028000000146, 6.310693 ], [ 1.97375, 6.310695 ], [ 1.97375, 6.310971000000166 ], [ 1.972916000000112, 6.310971000000166 ], [ 1.972916000000112, 6.311527000000126 ], [ 1.97264, 6.311527000000126 ], [ 1.972638, 6.311805 ], [ 1.972084, 6.311805 ], [ 1.972084, 6.311527000000126 ], [ 1.971806000000129, 6.311527000000126 ], [ 1.971806000000129, 6.310695 ], [ 1.971528, 6.310693 ], [ 1.971528, 6.310139 ], [ 1.971250000000111, 6.310139 ], [ 1.971250000000111, 6.309861000000126 ], [ 1.970694000000151, 6.309861000000126 ], [ 1.970694000000151, 6.309583 ], [ 1.970140000000129, 6.309583 ], [ 1.970140000000129, 6.309305000000165 ], [ 1.969584000000111, 6.309305000000165 ], [ 1.969584000000111, 6.309027 ], [ 1.969306, 6.309027 ], [ 1.969306, 6.308749000000148 ], [ 1.968472000000133, 6.308749000000148 ], [ 1.968472000000133, 6.308471 ], [ 1.96764, 6.308471 ], [ 1.96764, 6.308749000000148 ], [ 1.967362000000151, 6.308749000000148 ], [ 1.967362000000151, 6.309027 ], [ 1.967084, 6.309027 ], [ 1.967084, 6.309305000000165 ], [ 1.966249, 6.309305000000165 ], [ 1.966249, 6.309583 ], [ 1.965971000000138, 6.309583 ], [ 1.965971000000138, 6.310139 ], [ 1.965418, 6.310139 ], [ 1.965418, 6.310417000000143 ], [ 1.965139, 6.310417000000143 ], [ 1.965139, 6.310693 ], [ 1.964305000000138, 6.310695 ], [ 1.964305000000138, 6.310971000000166 ], [ 1.962917, 6.310971000000166 ], [ 1.962917, 6.310695 ], [ 1.962361, 6.310695 ], [ 1.962361, 6.310971000000166 ], [ 1.960695, 6.310971000000166 ], [ 1.960695, 6.310695 ], [ 1.960417000000177, 6.310693 ], [ 1.960417000000177, 6.309861000000126 ], [ 1.959583, 6.309861000000126 ], [ 1.959583, 6.310139 ], [ 1.957639000000142, 6.310139 ], [ 1.957639000000142, 6.309861000000126 ], [ 1.957083000000182, 6.309861000000126 ], [ 1.957083000000182, 6.309583 ], [ 1.956805, 6.309583 ], [ 1.956805, 6.309861000000126 ], [ 1.956251, 6.309861000000126 ], [ 1.956251, 6.310139 ], [ 1.955139, 6.310139 ], [ 1.955139, 6.310417000000143 ], [ 1.953195000000164, 6.310417000000143 ], [ 1.953195000000164, 6.310139 ], [ 1.952638, 6.310139 ], [ 1.952638, 6.309861000000126 ], [ 1.952360000000169, 6.309861000000126 ], [ 1.952360000000169, 6.309305000000165 ], [ 1.952085000000181, 6.309305000000165 ], [ 1.952085000000181, 6.309027 ], [ 1.951807, 6.309027 ], [ 1.951807, 6.308749000000148 ], [ 1.951250000000186, 6.308749000000148 ], [ 1.951250000000186, 6.308471 ], [ 1.950694000000169, 6.308471 ], [ 1.950694000000169, 6.308195000000126 ], [ 1.950138, 6.308195000000126 ], [ 1.950138, 6.307917 ], [ 1.949582, 6.307917 ], [ 1.949582, 6.307639000000165 ], [ 1.947916, 6.307639000000165 ], [ 1.947916, 6.307917 ], [ 1.945972, 6.307917 ], [ 1.945972, 6.308195000000126 ], [ 1.945694000000174, 6.308195000000126 ], [ 1.945694000000174, 6.308471 ], [ 1.945138, 6.308471 ], [ 1.945138, 6.308749000000148 ], [ 1.944862000000114, 6.308749000000148 ], [ 1.944862000000114, 6.309027 ], [ 1.944584, 6.309027 ], [ 1.944584, 6.309305000000165 ], [ 1.944306, 6.309305000000165 ], [ 1.944306, 6.309583 ], [ 1.944028000000174, 6.309583 ], [ 1.944028000000174, 6.309861000000126 ], [ 1.94375, 6.309861000000126 ], [ 1.94375, 6.310139 ], [ 1.943472, 6.310139 ], [ 1.943472, 6.310417000000143 ], [ 1.943194000000119, 6.310417000000143 ], [ 1.943194000000119, 6.310693 ], [ 1.942918, 6.310695 ], [ 1.942916, 6.310971000000166 ], [ 1.94264, 6.310971000000166 ], [ 1.94264, 6.311249 ], [ 1.942362000000173, 6.311249 ], [ 1.942362000000173, 6.311527000000126 ], [ 1.942084, 6.311527000000126 ], [ 1.942084, 6.311805 ], [ 1.941806, 6.311805 ], [ 1.941806, 6.312083000000143 ], [ 1.94125, 6.312083000000143 ], [ 1.94125, 6.312362000000121 ], [ 1.940693000000124, 6.312362000000121 ], [ 1.940693000000124, 6.31264 ], [ 1.94014, 6.31264 ], [ 1.94014, 6.312918000000138 ], [ 1.936805000000106, 6.312918000000138 ], [ 1.936805000000106, 6.31264 ], [ 1.934583000000146, 6.31264 ], [ 1.934583000000146, 6.312362000000121 ], [ 1.933749, 6.312362000000121 ], [ 1.933749, 6.312083000000143 ], [ 1.932083, 6.312083000000143 ], [ 1.932083, 6.311805 ], [ 1.931251000000145, 6.311805 ], [ 1.931251000000145, 6.311527000000126 ], [ 1.930695000000128, 6.311527000000126 ], [ 1.930695000000128, 6.311249 ], [ 1.928751, 6.311249 ], [ 1.928751, 6.310971000000166 ], [ 1.92847300000011, 6.310971000000166 ], [ 1.92847300000011, 6.310695 ], [ 1.928195, 6.310693 ], [ 1.928195, 6.310417000000143 ], [ 1.92791700000015, 6.310417000000143 ], [ 1.92791700000015, 6.309027 ], [ 1.927639, 6.309027 ], [ 1.927639, 6.308471 ], [ 1.927361000000133, 6.308471 ], [ 1.927361000000133, 6.307917 ], [ 1.927082000000155, 6.307917 ], [ 1.927082000000155, 6.307361 ], [ 1.926804, 6.307361 ], [ 1.926804, 6.306527000000131 ], [ 1.926529, 6.306527000000131 ], [ 1.926529, 6.305695 ], [ 1.925973, 6.305695 ], [ 1.925973, 6.305417000000148 ], [ 1.925694, 6.305417000000148 ], [ 1.925694, 6.304029 ], [ 1.925138, 6.304027 ], [ 1.925138, 6.303751000000148 ], [ 1.923750000000155, 6.303751000000148 ], [ 1.923750000000155, 6.304027 ], [ 1.921806, 6.304027 ], [ 1.921806, 6.303751000000148 ], [ 1.921528000000137, 6.303751000000148 ], [ 1.921528000000137, 6.304027 ], [ 1.920972000000177, 6.304029 ], [ 1.920972000000177, 6.30430500000017 ], [ 1.919862000000137, 6.30430500000017 ], [ 1.91986, 6.304583 ], [ 1.919584, 6.304583 ], [ 1.919584, 6.305139 ], [ 1.917916000000105, 6.305139 ], [ 1.917916000000105, 6.30486100000013 ], [ 1.917362, 6.30486100000013 ], [ 1.917362, 6.304583 ], [ 1.917084000000159, 6.304583 ], [ 1.917084000000159, 6.30430500000017 ], [ 1.916806, 6.30430500000017 ], [ 1.916806, 6.304029 ], [ 1.916528, 6.304027 ], [ 1.916528, 6.303751000000148 ], [ 1.916250000000105, 6.303751000000148 ], [ 1.916250000000105, 6.302917 ], [ 1.915972000000181, 6.302917 ], [ 1.915972000000181, 6.30263900000017 ], [ 1.915694, 6.30263900000017 ], [ 1.915694, 6.30097300000017 ], [ 1.915972000000181, 6.30097300000017 ], [ 1.915972000000181, 6.300139 ], [ 1.915694, 6.300139 ], [ 1.915694, 6.29986 ], [ 1.91514, 6.29986 ], [ 1.91514, 6.299582000000157 ], [ 1.913750000000164, 6.299582000000157 ], [ 1.913750000000164, 6.299304 ], [ 1.912640000000181, 6.299304 ], [ 1.912640000000181, 6.299029 ], [ 1.910695, 6.299029 ], [ 1.910695, 6.298751000000152 ], [ 1.910417000000109, 6.298751000000152 ], [ 1.910417000000109, 6.298472000000174 ], [ 1.909861, 6.298472000000174 ], [ 1.909861, 6.298194 ], [ 1.909027, 6.298194 ], [ 1.909027, 6.297916000000157 ], [ 1.908195, 6.297916000000157 ], [ 1.908195, 6.297638 ], [ 1.907639, 6.297638 ], [ 1.907639, 6.29736 ], [ 1.907083000000114, 6.29736 ], [ 1.907083000000114, 6.297084 ], [ 1.906805, 6.297084 ], [ 1.906805, 6.296806000000174 ], [ 1.905695, 6.296806000000174 ], [ 1.905695, 6.296528 ], [ 1.905139, 6.296528 ], [ 1.905139, 6.296250000000157 ], [ 1.904861, 6.296250000000157 ], [ 1.904861, 6.296528 ], [ 1.904305000000136, 6.296528 ], [ 1.904305000000136, 6.297084 ], [ 1.903751000000113, 6.297084 ], [ 1.903749000000118, 6.297916000000157 ], [ 1.902083000000118, 6.297916000000157 ], [ 1.902083000000118, 6.297638 ], [ 1.901251, 6.297638 ], [ 1.901251, 6.29736 ], [ 1.900695, 6.29736 ], [ 1.900695, 6.297084 ], [ 1.900139, 6.297084 ], [ 1.900139, 6.296806000000174 ], [ 1.899582000000123, 6.296806000000174 ], [ 1.899582000000123, 6.296528 ], [ 1.899307000000135, 6.296528 ], [ 1.899307000000135, 6.296250000000157 ], [ 1.899029, 6.296250000000157 ], [ 1.899029, 6.295972 ], [ 1.898751000000118, 6.295972 ], [ 1.898751000000118, 6.295694 ], [ 1.89847200000014, 6.295694 ], [ 1.89847200000014, 6.295416000000102 ], [ 1.897360000000106, 6.295416000000102 ], [ 1.897360000000106, 6.295138000000179 ], [ 1.896528, 6.295138000000179 ], [ 1.896528, 6.294862 ], [ 1.896250000000123, 6.294862 ], [ 1.896250000000123, 6.294584000000157 ], [ 1.895694000000105, 6.294584000000157 ], [ 1.895694000000105, 6.294306 ], [ 1.895138000000145, 6.294306 ], [ 1.895138000000145, 6.294584000000157 ], [ 1.892916000000127, 6.294584000000157 ], [ 1.892916000000127, 6.295416000000102 ], [ 1.891806000000145, 6.295416000000102 ], [ 1.891806000000145, 6.295138000000179 ], [ 1.887916000000132, 6.295138000000179 ], [ 1.887916000000132, 6.294862 ], [ 1.887084, 6.294862 ], [ 1.887084, 6.294584000000157 ], [ 1.885418, 6.294584000000157 ], [ 1.885418, 6.294028 ], [ 1.884583, 6.294028 ], [ 1.884583, 6.293750000000102 ], [ 1.883749, 6.293750000000102 ], [ 1.883749, 6.293472000000179 ], [ 1.882917, 6.293472000000179 ], [ 1.882917, 6.293194 ], [ 1.882083, 6.293194 ], [ 1.882083, 6.292916 ], [ 1.880417, 6.292916 ], [ 1.880417, 6.292362 ], [ 1.879583, 6.292362 ], [ 1.879583, 6.292916 ], [ 1.878473, 6.292916 ], [ 1.878473, 6.293194 ], [ 1.876251, 6.293194 ], [ 1.876251, 6.292638000000125 ], [ 1.872638000000109, 6.292638000000125 ], [ 1.872638000000109, 6.292362 ], [ 1.872360000000185, 6.292362 ], [ 1.872360000000185, 6.292084000000102 ], [ 1.872082, 6.292084000000102 ], [ 1.872082, 6.291806000000179 ], [ 1.871807000000103, 6.291806000000179 ], [ 1.871807000000103, 6.291528 ], [ 1.87152900000018, 6.291528 ], [ 1.87152900000018, 6.291806000000179 ], [ 1.870972000000108, 6.291806000000179 ], [ 1.870972000000108, 6.291528 ], [ 1.870416, 6.291528 ], [ 1.870416, 6.29125 ], [ 1.869584, 6.29125 ], [ 1.869584, 6.290972000000124 ], [ 1.86736000000019, 6.290972000000124 ], [ 1.86736000000019, 6.290694 ], [ 1.86652800000013, 6.290694 ], [ 1.86652800000013, 6.290416000000107 ], [ 1.86625, 6.290416000000107 ], [ 1.86625, 6.290138000000184 ], [ 1.865098570000157, 6.290138000000184 ], [ 1.86375, 6.290138000000184 ], [ 1.86375, 6.290416000000107 ], [ 1.862362000000189, 6.290416000000107 ], [ 1.862362000000189, 6.290694 ], [ 1.859584, 6.290694 ], [ 1.859584, 6.290972000000124 ], [ 1.858749, 6.290972000000124 ], [ 1.858749, 6.290694 ], [ 1.858471000000122, 6.290694 ], [ 1.858471000000122, 6.290972000000124 ], [ 1.855695000000139, 6.290972000000124 ], [ 1.855695000000139, 6.290694 ], [ 1.854583000000162, 6.290694 ], [ 1.854583000000162, 6.290416000000107 ], [ 1.854305, 6.290416000000107 ], [ 1.854305, 6.290138000000184 ], [ 1.853749, 6.290138000000184 ], [ 1.853749, 6.289584 ], [ 1.852917000000161, 6.289584 ], [ 1.852917000000161, 6.289306000000124 ], [ 1.851527, 6.289306000000124 ], [ 1.851527, 6.289028 ], [ 1.851251000000161, 6.289028 ], [ 1.851249000000166, 6.288750000000107 ], [ 1.849861, 6.288750000000107 ], [ 1.849861, 6.288472000000183 ], [ 1.849305, 6.288472000000183 ], [ 1.849305, 6.287918 ], [ 1.849027000000149, 6.287918 ], [ 1.849027000000149, 6.287362 ], [ 1.849305, 6.287362 ], [ 1.849305, 6.287084000000107 ], [ 1.849583000000166, 6.287084000000107 ], [ 1.849583000000166, 6.286806000000183 ], [ 1.849861, 6.286806000000183 ], [ 1.849861, 6.285971000000188 ], [ 1.849027000000149, 6.285971000000188 ], [ 1.849027000000149, 6.285696 ], [ 1.848473000000126, 6.285696 ], [ 1.848473000000126, 6.285418000000107 ], [ 1.848195, 6.285418000000107 ], [ 1.848195, 6.285140000000183 ], [ 1.847361000000149, 6.285140000000183 ], [ 1.847361000000149, 6.284861 ], [ 1.846807000000126, 6.284861 ], [ 1.846807000000126, 6.284305000000188 ], [ 1.845695000000148, 6.284305000000188 ], [ 1.845695000000148, 6.284027 ], [ 1.843750000000171, 6.284027 ], [ 1.843750000000171, 6.283749 ], [ 1.843472, 6.283749 ], [ 1.843472, 6.284027 ], [ 1.841806, 6.284027 ], [ 1.841806, 6.284305000000188 ], [ 1.841528000000153, 6.284305000000188 ], [ 1.841528000000153, 6.284583000000111 ], [ 1.84125, 6.284583000000111 ], [ 1.84125, 6.284305000000188 ], [ 1.840972, 6.284305000000188 ], [ 1.840972, 6.284583000000111 ], [ 1.840694, 6.284583000000111 ], [ 1.840694, 6.284305000000188 ], [ 1.840416000000175, 6.284305000000188 ], [ 1.840416000000175, 6.284583000000111 ], [ 1.839862000000153, 6.284583000000111 ], [ 1.839862000000153, 6.284861 ], [ 1.839306, 6.284861 ], [ 1.839306, 6.285418000000107 ], [ 1.839028, 6.285418000000107 ], [ 1.839028, 6.285696 ], [ 1.838750000000175, 6.285696 ], [ 1.838750000000175, 6.285971000000188 ], [ 1.838472, 6.285971000000188 ], [ 1.838472, 6.286249000000112 ], [ 1.838194000000158, 6.286249000000112 ], [ 1.838194000000158, 6.286528 ], [ 1.83764, 6.286528 ], [ 1.837638, 6.286806000000183 ], [ 1.837084000000175, 6.286806000000183 ], [ 1.837084000000175, 6.287084000000107 ], [ 1.836806, 6.287084000000107 ], [ 1.836806, 6.287362 ], [ 1.836528000000158, 6.287362 ], [ 1.836528000000158, 6.287640000000124 ], [ 1.835972, 6.287640000000124 ], [ 1.835972, 6.287918 ], [ 1.83514, 6.287918 ], [ 1.83514, 6.288194 ], [ 1.834028000000103, 6.288194 ], [ 1.834028000000103, 6.287918 ], [ 1.83375000000018, 6.287918 ], [ 1.83375000000018, 6.288194 ], [ 1.83264, 6.288194 ], [ 1.83264, 6.288472000000183 ], [ 1.830139, 6.288472000000183 ], [ 1.830139, 6.287640000000124 ], [ 1.829861000000108, 6.287640000000124 ], [ 1.829861000000108, 6.287362 ], [ 1.832362000000103, 6.287362 ], [ 1.832362000000103, 6.287084000000107 ], [ 1.833472, 6.287084000000107 ], [ 1.833472, 6.286806000000183 ], [ 1.834028000000103, 6.286806000000183 ], [ 1.834028000000103, 6.286528 ], [ 1.834862000000157, 6.286528 ], [ 1.834862000000157, 6.286249000000112 ], [ 1.83541600000018, 6.286249000000112 ], [ 1.83541600000018, 6.285971000000188 ], [ 1.835694000000103, 6.285971000000188 ], [ 1.835694000000103, 6.285418000000107 ], [ 1.835972, 6.285418000000107 ], [ 1.835972, 6.285140000000183 ], [ 1.83625, 6.285140000000183 ], [ 1.83625, 6.284861 ], [ 1.836528000000158, 6.284861 ], [ 1.836528000000158, 6.284583000000111 ], [ 1.837084000000175, 6.284583000000111 ], [ 1.837084000000175, 6.284305000000188 ], [ 1.837638, 6.284305000000188 ], [ 1.837638, 6.284027 ], [ 1.838194000000158, 6.284027 ], [ 1.838194000000158, 6.283749 ], [ 1.838472, 6.283749 ], [ 1.838472, 6.283471000000134 ], [ 1.839028, 6.283471000000134 ], [ 1.839028, 6.283195 ], [ 1.839306, 6.283195 ], [ 1.839306, 6.282917000000111 ], [ 1.839862000000153, 6.282917000000111 ], [ 1.839862000000153, 6.282361 ], [ 1.840972, 6.282361 ], [ 1.840972, 6.282083 ], [ 1.84236, 6.282083 ], [ 1.84236, 6.282361 ], [ 1.844585000000166, 6.282361 ], [ 1.844585000000166, 6.282639000000188 ], [ 1.845138, 6.282639000000188 ], [ 1.845138, 6.282361 ], [ 1.845695000000148, 6.282361 ], [ 1.845695000000148, 6.282639000000188 ], [ 1.846529, 6.282639000000188 ], [ 1.846529, 6.282917000000111 ], [ 1.847639, 6.282917000000111 ], [ 1.847639, 6.283195 ], [ 1.848473000000126, 6.283195 ], [ 1.848473000000126, 6.283471000000134 ], [ 1.848751, 6.283471000000134 ], [ 1.848751, 6.283195 ], [ 1.849305, 6.283195 ], [ 1.849305, 6.283471000000134 ], [ 1.849861, 6.283471000000134 ], [ 1.849861, 6.283749 ], [ 1.852083, 6.283749 ], [ 1.852083, 6.283471000000134 ], [ 1.852639, 6.283471000000134 ], [ 1.852639, 6.283195 ], [ 1.852361000000144, 6.283195 ], [ 1.852361000000144, 6.282639000000188 ], [ 1.851805000000127, 6.282639000000188 ], [ 1.851805000000127, 6.282361 ], [ 1.850695000000144, 6.282361 ], [ 1.850695000000144, 6.282083 ], [ 1.849027000000149, 6.282083 ], [ 1.849027000000149, 6.281805000000134 ], [ 1.848473000000126, 6.281805000000134 ], [ 1.848473000000126, 6.282083 ], [ 1.848195, 6.282083 ], [ 1.848195, 6.281805000000134 ], [ 1.847083, 6.281805000000134 ], [ 1.847083, 6.281527 ], [ 1.845695000000148, 6.281527 ], [ 1.845695000000148, 6.281249000000116 ], [ 1.844304, 6.281249000000116 ], [ 1.844304, 6.280973000000188 ], [ 1.84236, 6.280973000000188 ], [ 1.84236, 6.281249000000116 ], [ 1.840972, 6.281249000000116 ], [ 1.840972, 6.280973000000188 ], [ 1.839306, 6.280971 ], [ 1.839306, 6.280695 ], [ 1.838472, 6.280695 ], [ 1.838472, 6.280417 ], [ 1.837916, 6.280417 ], [ 1.837916, 6.280139000000133 ], [ 1.834306, 6.280139000000133 ], [ 1.834306, 6.279861 ], [ 1.83375000000018, 6.279861 ], [ 1.83375000000018, 6.279583000000116 ], [ 1.832918, 6.279583000000116 ], [ 1.832918, 6.279305 ], [ 1.832362000000103, 6.279305 ], [ 1.832362000000103, 6.279027000000156 ], [ 1.832084000000179, 6.279027000000156 ], [ 1.832084000000179, 6.278749 ], [ 1.831805, 6.278749 ], [ 1.831805, 6.278473000000133 ], [ 1.831249000000184, 6.278473000000133 ], [ 1.831249000000184, 6.278749 ], [ 1.830971, 6.278749 ], [ 1.830971, 6.279027000000156 ], [ 1.829583000000184, 6.279027000000156 ], [ 1.829583000000184, 6.278749 ], [ 1.82874900000013, 6.278749 ], [ 1.82874900000013, 6.278473000000133 ], [ 1.827917000000184, 6.278473000000133 ], [ 1.827917000000184, 6.278195 ], [ 1.82708300000013, 6.278195 ], [ 1.82708300000013, 6.277917000000116 ], [ 1.825139, 6.277917000000116 ], [ 1.825139, 6.277639 ], [ 1.824861000000112, 6.277639 ], [ 1.824861000000112, 6.277361000000155 ], [ 1.824027, 6.277361000000155 ], [ 1.824027, 6.277083 ], [ 1.822083000000134, 6.277083 ], [ 1.822083000000134, 6.276805000000138 ], [ 1.820139, 6.276805000000138 ], [ 1.820139, 6.276529 ], [ 1.818781193000063, 6.276529 ], [ 1.818781193000063, 6.27631887300015 ], [ 1.81845310000017, 6.276208800000177 ], [ 1.816250000000139, 6.275730900999974 ], [ 1.816250000000139, 6.275695000000155 ], [ 1.816084495000041, 6.275695000000155 ], [ 1.815416, 6.275549989000126 ], [ 1.815416, 6.275417 ], [ 1.814790089000041, 6.275417 ], [ 1.814584000000139, 6.275382185000069 ], [ 1.814584000000139, 6.275139000000138 ], [ 1.813223217000086, 6.275139000000138 ], [ 1.813194, 6.275129198000059 ], [ 1.813194, 6.274861 ], [ 1.81188546400017, 6.274860916000023 ], [ 1.810471100000029, 6.274385800000175 ], [ 1.809698100000162, 6.274384800000064 ], [ 1.809184100000095, 6.274125800000149 ], [ 1.807381100000157, 6.273863800000129 ], [ 1.806867100000034, 6.273604800000044 ], [ 1.806094100000053, 6.273344800000189 ], [ 1.805580100000157, 6.273085800000047 ], [ 1.804292100000168, 6.272825800000078 ], [ 1.803263100000095, 6.272565800000052 ], [ 1.802747100000033, 6.272563800000057 ], [ 1.801975100000107, 6.272304800000086 ], [ 1.80146110000004, 6.272045800000171 ], [ 1.800945100000149, 6.272044800000117 ], [ 1.800431100000083, 6.271785800000146 ], [ 1.799659100000156, 6.27152580000012 ], [ 1.799143100000094, 6.271524800000066 ], [ 1.798629100000028, 6.271265800000094 ], [ 1.796569100000113, 6.27100380000013 ], [ 1.796054100000163, 6.270744800000159 ], [ 1.795539100000155, 6.2707428 ], [ 1.795024099999978, 6.270484800000133 ], [ 1.794252100000051, 6.270224800000165 ], [ 1.793737100000101, 6.270223800000053 ], [ 1.793222100000094, 6.269964800000139 ], [ 1.7924501, 6.269704800000113 ], [ 1.791935100000046, 6.2697038 ], [ 1.790906100000143, 6.269185800000173 ], [ 1.790133100000162, 6.269184800000062 ], [ 1.789618100000155, 6.268925800000147 ], [ 1.788846100000058, 6.268665800000122 ], [ 1.788331100000107, 6.26866480000001 ], [ 1.7878161000001, 6.268405800000096 ], [ 1.787044100000173, 6.26814580000007 ], [ 1.786529100000052, 6.268144800000186 ], [ 1.785500100000149, 6.26762680000013 ], [ 1.784470100000021, 6.267366800000104 ], [ 1.784447242000056, 6.267355304000034 ], [ 1.783955100000014, 6.26710780000019 ], [ 1.780608100000052, 6.266584800000032 ], [ 1.779836100000125, 6.266324800000064 ], [ 1.779320100000064, 6.266323800000123 ], [ 1.778806100000168, 6.266064800000038 ], [ 1.77803410000007, 6.265805800000066 ], [ 1.777815800000099, 6.265685800000085 ], [ 1.777482600000099, 6.265767300000107 ], [ 1.776452600000141, 6.265507300000081 ], [ 1.775422600000184, 6.265247300000055 ], [ 1.774907600000176, 6.264988300000141 ], [ 1.774135600000079, 6.26472930000017 ], [ 1.773878600000103, 6.264728300000115 ], [ 1.773620600000072, 6.2647273 ], [ 1.773105600000122, 6.26446830000009 ], [ 1.772333600000024, 6.264209300000175 ], [ 1.772076600000048, 6.264208300000064 ], [ 1.771561600000098, 6.26420730000018 ], [ 1.77053160000014, 6.263947300000154 ], [ 1.77027360000011, 6.263946300000043 ], [ 1.769500600000072, 6.263944300000048 ], [ 1.768728600000145, 6.263943300000165 ], [ 1.767955600000164, 6.26394130000017 ], [ 1.766152600000169, 6.263679299999978 ], [ 1.764092600000083, 6.263416300000074 ], [ 1.763319600000102, 6.263414300000079 ], [ 1.763062600000126, 6.263414300000079 ], [ 1.762290600000028, 6.263154300000053 ], [ 1.761775600000078, 6.262895300000139 ], [ 1.761517600000047, 6.262895300000139 ], [ 1.760230600000114, 6.26289230000009 ], [ 1.759714600000052, 6.262890300000095 ], [ 1.759457600000133, 6.262890300000095 ], [ 1.758685599999978, 6.262630300000069 ], [ 1.75688260000004, 6.262368300000048 ], [ 1.756368600000144, 6.262109300000134 ], [ 1.756110600000113, 6.262108300000023 ], [ 1.755595600000106, 6.262107300000139 ], [ 1.754565599999978, 6.261847300000113 ], [ 1.754308600000059, 6.261847300000113 ], [ 1.753792600000168, 6.261845300000118 ], [ 1.753278600000101, 6.261586300000033 ], [ 1.752505600000063, 6.261584300000038 ], [ 1.751990600000113, 6.261583300000098 ], [ 1.751218600000186, 6.261324300000183 ], [ 1.749930600000027, 6.261063300000103 ], [ 1.749416600000131, 6.260804300000132 ], [ 1.748901600000124, 6.260803300000077 ], [ 1.748643600000094, 6.260802299999966 ], [ 1.747871600000167, 6.260542300000168 ], [ 1.746326600000089, 6.260281300000031 ], [ 1.745554600000162, 6.2600213 ], [ 1.745296600000131, 6.2600213 ], [ 1.745039600000155, 6.260020300000122 ], [ 1.744267600000057, 6.25976129999998 ], [ 1.74375260000005, 6.259502300000065 ], [ 1.7432376000001, 6.25950030000007 ], [ 1.742979600000069, 6.25950030000007 ], [ 1.742207600000143, 6.259240300000044 ], [ 1.741434600000105, 6.25923830000005 ], [ 1.741177600000185, 6.25923830000005 ], [ 1.7406626, 6.258979300000135 ], [ 1.739890600000081, 6.258719300000109 ], [ 1.73963260000005, 6.258718300000055 ], [ 1.73937560000013, 6.258718300000055 ], [ 1.738860600000123, 6.258459300000084 ], [ 1.738088600000026, 6.258199300000058 ], [ 1.737831600000106, 6.258198300000174 ], [ 1.737573600000076, 6.258198300000174 ], [ 1.736543600000118, 6.257938300000149 ], [ 1.734998600000154, 6.257676300000128 ], [ 1.733711600000106, 6.257415300000048 ], [ 1.733197599999983, 6.257156300000133 ], [ 1.731652600000075, 6.2568953 ], [ 1.731137600000068, 6.256636300000082 ], [ 1.730622600000117, 6.256635299999971 ], [ 1.730364600000087, 6.256634300000087 ], [ 1.729335600000013, 6.256374300000061 ], [ 1.728820600000063, 6.256373300000178 ], [ 1.728562600000032, 6.256372300000066 ], [ 1.727790600000105, 6.256112300000041 ], [ 1.726503600000171, 6.255851300000131 ], [ 1.72573060000002, 6.255592300000046 ], [ 1.725215600000183, 6.255590300000051 ], [ 1.724958600000093, 6.255590300000051 ], [ 1.724443600000086, 6.25533130000008 ], [ 1.722641600000031, 6.255069300000116 ], [ 1.721869600000105, 6.25480930000009 ], [ 1.721611600000074, 6.25480930000009 ], [ 1.721096600000124, 6.254807300000095 ], [ 1.720581600000116, 6.254548300000181 ], [ 1.719036599999981, 6.254287300000044 ], [ 1.718264600000055, 6.254027300000018 ], [ 1.718007600000135, 6.254026300000135 ], [ 1.717749600000104, 6.254026300000135 ], [ 1.716719600000147, 6.253765300000055 ], [ 1.716204599999969, 6.253764300000114 ], [ 1.71594760000005, 6.253764300000114 ], [ 1.715182600000162, 6.253179200000034 ], [ 1.713789200000178, 6.253164 ], [ 1.713017200000024, 6.252904000000171 ], [ 1.7127592, 6.252903000000117 ], [ 1.712502200000074, 6.252903000000117 ], [ 1.711987200000067, 6.252644000000146 ], [ 1.71121519999997, 6.25238400000012 ], [ 1.709412200000031, 6.252122000000156 ], [ 1.709155200000055, 6.252121 ], [ 1.708640200000104, 6.252120000000161 ], [ 1.707868200000178, 6.251860000000136 ], [ 1.707352200000116, 6.251859 ], [ 1.70709520000014, 6.251858000000141 ], [ 1.706323200000043, 6.251599 ], [ 1.705808200000092, 6.25134 ], [ 1.705551200000116, 6.251339 ], [ 1.705035200000054, 6.251338 ], [ 1.704006200000038, 6.251078 ], [ 1.703748200000177, 6.25107700000018 ], [ 1.70323320000017, 6.251076 ], [ 1.702719200000104, 6.2508160000001 ], [ 1.701174199999969, 6.250555000000134 ], [ 1.700659200000189, 6.250296 ], [ 1.700189500000079, 6.250186000000156 ], [ 1.699853200000121, 6.250076000000149 ], [ 1.69937520000002, 6.249992400000167 ], [ 1.698830900000075, 6.249790100000098 ], [ 1.698348500000122, 6.24969770000007 ], [ 1.698056400000155, 6.249680100000035 ], [ 1.69731320000011, 6.249514 ], [ 1.69574630000011, 6.249191800000176 ], [ 1.69438330000014, 6.248985000000118 ], [ 1.693276900000114, 6.248751900000173 ], [ 1.692413900000076, 6.248624300000074 ], [ 1.691940400000021, 6.248487899999986 ], [ 1.691108400000076, 6.248369100000104 ], [ 1.690829600000086, 6.248294399999963 ], [ 1.69006840000003, 6.248131600000022 ], [ 1.689847199999974, 6.247949000000176 ], [ 1.689351500000043, 6.247872 ], [ 1.689063800000042, 6.247788400000047 ], [ 1.688560200000097, 6.247688 ], [ 1.688125600000035, 6.247533300000043 ], [ 1.68753020000014, 6.247428 ], [ 1.687253800000178, 6.24735730000009 ], [ 1.686758200000043, 6.247168 ], [ 1.685271200000102, 6.246807400000023 ], [ 1.684698200000128, 6.246648000000164 ], [ 1.683970100000067, 6.246473100000117 ], [ 1.683124800000144, 6.2461695 ], [ 1.682354800000041, 6.246011200000055 ], [ 1.682102500000099, 6.245945200000108 ], [ 1.681609200000139, 6.245867 ], [ 1.680898799999966, 6.245654800000068 ], [ 1.680372100000113, 6.24556240000004 ], [ 1.680111000000181, 6.245452500000056 ], [ 1.679557800000055, 6.245412900000133 ], [ 1.67891620000006, 6.245280900000068 ], [ 1.678500200000144, 6.245170900000176 ], [ 1.678225800000178, 6.245122500000093 ], [ 1.677283100000125, 6.244863000000123 ], [ 1.676734400000043, 6.244744200000071 ], [ 1.676340500000151, 6.244656200000065 ], [ 1.675225300000079, 6.244524200000114 ], [ 1.673641, 6.244115100000045 ], [ 1.672733700000151, 6.243956700000069 ], [ 1.672084200000029, 6.243781000000126 ], [ 1.671609700000033, 6.243710400000111 ], [ 1.671055200000183, 6.24352 ], [ 1.670797200000152, 6.24352 ], [ 1.669582300000172, 6.243308400000103 ], [ 1.668981400000177, 6.24320570000009 ], [ 1.667770400000165, 6.242969300000084 ], [ 1.667463699999985, 6.242910199999983 ], [ 1.666936200000066, 6.242737 ], [ 1.666308500000184, 6.242588000000183 ], [ 1.664919100000134, 6.24232040000004 ], [ 1.663892700000133, 6.242090200000177 ], [ 1.663198, 6.241860000000145 ], [ 1.662177800000165, 6.241692100000137 ], [ 1.660813400000052, 6.241443200000106 ], [ 1.659386500000153, 6.241088600000069 ], [ 1.658501700000102, 6.240893200000073 ], [ 1.657559600000127, 6.240731200000027 ], [ 1.65682500000014, 6.240467200000182 ], [ 1.6559929, 6.240342000000112 ], [ 1.654552200000182, 6.240012700000079 ], [ 1.652830300000176, 6.239723400000116 ], [ 1.651656800000069, 6.239450600000112 ], [ 1.650153000000159, 6.239096600000096 ], [ 1.647874100000081, 6.238740500000119 ], [ 1.647337700000094, 6.238620200000128 ], [ 1.645652300000108, 6.238215800000091 ], [ 1.643156800000042, 6.237721500000021 ], [ 1.642232700000136, 6.23753360000012 ], [ 1.640333700000042, 6.237263300000109 ], [ 1.639062600000045, 6.236914400000046 ], [ 1.637405300000069, 6.236590900000124 ], [ 1.636346300000184, 6.236286000000121 ], [ 1.63543140000013, 6.236067600000126 ], [ 1.633423100000073, 6.235522599999967 ], [ 1.630254100000059, 6.234909500000072 ], [ 1.629444, 6.236389 ], [ 1.634167000000161, 6.238333000000182 ], [ 1.639722, 6.239444000000105 ], [ 1.644167000000152, 6.242222 ], [ 1.648333, 6.244722 ], [ 1.6525, 6.247500000000173 ], [ 1.656667, 6.25 ], [ 1.662222, 6.25 ], [ 1.667500000000189, 6.248333000000173 ], [ 1.672500000000184, 6.250278000000151 ], [ 1.675278000000162, 6.254167 ], [ 1.67888900000014, 6.257500000000107 ], [ 1.684444, 6.258889000000124 ], [ 1.689167, 6.256667000000107 ], [ 1.693889000000127, 6.255833 ], [ 1.698056000000122, 6.258333000000107 ], [ 1.703056, 6.260556 ], [ 1.708333, 6.258889000000124 ], [ 1.714722, 6.259444 ], [ 1.718889, 6.261944000000142 ], [ 1.7225, 6.265278000000137 ], [ 1.728611000000114, 6.265833 ], [ 1.734167000000127, 6.264444 ], [ 1.739444000000105, 6.264167 ], [ 1.743056, 6.2675 ], [ 1.747222, 6.270278 ], [ 1.752778, 6.27138900000017 ], [ 1.759722000000124, 6.271111 ], [ 1.765278000000137, 6.271111 ], [ 1.77, 6.273056000000111 ], [ 1.774167, 6.276111 ], [ 1.778611000000183, 6.278889000000106 ], [ 1.778907652000044, 6.278915942000026 ], [ 1.784722000000102, 6.279444000000183 ], [ 1.790833000000134, 6.278611000000183 ], [ 1.797222000000147, 6.278889000000106 ], [ 1.8025, 6.280278 ], [ 1.807465131000072, 6.282545072000062 ], [ 1.806762701000025, 6.284083937000105 ], [ 1.80671200200004, 6.284195001000057 ], [ 1.807178994000083, 6.284424505000061 ], [ 1.807527000000107, 6.286359999000126 ], [ 1.807506697000122, 6.286406532000171 ], [ 1.806511558000125, 6.288687366999966 ], [ 1.805496000000119, 6.291015000000129 ], [ 1.80470494500014, 6.291288202000146 ], [ 1.8014510000001, 6.292412 ], [ 1.800444330000118, 6.292623329000037 ], [ 1.795649001000129, 6.293630000000121 ], [ 1.793955903000153, 6.296207901000173 ], [ 1.792401014000063, 6.29857536500009 ], [ 1.791378001000055, 6.30013300000013 ], [ 1.790515927000115, 6.301446110000029 ], [ 1.789654, 6.302759000000151 ], [ 1.789803000000177, 6.302832000000137 ], [ 1.793263663000118, 6.304536696000127 ], [ 1.795935309000185, 6.30585273000014 ], [ 1.79790300000019, 6.306822 ], [ 1.798415, 6.313504999000088 ], [ 1.797695388000022, 6.315424324000048 ], [ 1.796655567000073, 6.31819769599997 ], [ 1.795056000000159, 6.322464 ], [ 1.793591133000177, 6.325958463000063 ], [ 1.793382014000031, 6.326457320000031 ], [ 1.792405, 6.328788000000145 ], [ 1.791355563000138, 6.329394384000011 ], [ 1.78695, 6.331940000000145 ], [ 1.78642314700005, 6.332835588000023 ], [ 1.785759075000158, 6.33396443200013 ], [ 1.784352677000186, 6.336355143000162 ], [ 1.782802864000075, 6.338989643 ], [ 1.78271500000011, 6.339139 ], [ 1.7842950000001, 6.339846 ], [ 1.786310594000042, 6.342175488000066 ], [ 1.787801001, 6.343898000000138 ], [ 1.788584521000189, 6.3468890850001 ], [ 1.789367998999978, 6.34988 ], [ 1.785118000000182, 6.363936 ], [ 1.782637015000148, 6.371731598000054 ], [ 1.781930999000167, 6.37395 ], [ 1.779113000000166, 6.376404999000101 ], [ 1.772425000000112, 6.38025800000014 ], [ 1.770816, 6.391682000000174 ], [ 1.773560353000164, 6.393613762000143 ], [ 1.774325, 6.394152 ], [ 1.769216, 6.39923899900009 ], [ 1.769231199999979, 6.399819970000067 ], [ 1.769377013000053, 6.40539349800008 ], [ 1.769416847000173, 6.406916089000049 ], [ 1.769538000000182, 6.411547000000155 ], [ 1.773140259000058, 6.412320643000101 ], [ 1.774464072000058, 6.41260495400013 ], [ 1.775334999000108, 6.412791999000035 ], [ 1.775855999000044, 6.415782 ], [ 1.775775006000174, 6.416416674000175 ], [ 1.775662908000129, 6.417295115000115 ], [ 1.775629999000159, 6.417553 ], [ 1.776092331000086, 6.417554223000081 ], [ 1.777521, 6.417558 ], [ 1.777983085000187, 6.418122267000172 ], [ 1.780587, 6.421302 ], [ 1.780661762000022, 6.423286643000097 ], [ 1.780793999000082, 6.426796999000089 ], [ 1.776393001000088, 6.42942299900011 ], [ 1.774005709000051, 6.427164490000052 ], [ 1.77275336800011, 6.425979707000181 ], [ 1.772667, 6.425897999000142 ], [ 1.772273863000123, 6.425962586000082 ], [ 1.772273863207929, 6.425962586130218 ], [ 1.768710837000185, 6.426547945000095 ], [ 1.764754, 6.427198000000146 ], [ 1.764705065000044, 6.427242143000171 ], [ 1.760739500000113, 6.430819370000108 ], [ 1.757708, 6.433553999000139 ], [ 1.753944999000055, 6.445192999000028 ], [ 1.753053, 6.450466000000119 ], [ 1.753747357000066, 6.452919360000067 ], [ 1.75436, 6.455083999000067 ], [ 1.753931499000032, 6.456570220000174 ], [ 1.753683061000061, 6.45743190900015 ], [ 1.753042519000189, 6.459653578000029 ], [ 1.753030000000138, 6.459697 ], [ 1.751930216000062, 6.461884608000048 ], [ 1.75124745800008, 6.463242699000091 ], [ 1.750822999000036, 6.464087 ], [ 1.748297602000093, 6.466869892000091 ], [ 1.746809760000076, 6.468509435000101 ], [ 1.744654, 6.470885000000123 ], [ 1.741132857000139, 6.474389271000064 ], [ 1.740689, 6.474831000000108 ], [ 1.73702246400012, 6.474454667000145 ], [ 1.736295000000155, 6.47438000000011 ], [ 1.736030809000056, 6.474595105000049 ], [ 1.734110077000082, 6.476158972000064 ], [ 1.733873001, 6.47635200000019 ], [ 1.734724368000059, 6.477409353000041 ], [ 1.735112217000051, 6.477891042000181 ], [ 1.735430628000188, 6.478286488000037 ], [ 1.737093707000042, 6.480351938000069 ], [ 1.737596999000118, 6.480977 ], [ 1.735168001000034, 6.486025999000105 ], [ 1.734575122000138, 6.486213005000138 ], [ 1.731735674, 6.487108622000051 ], [ 1.730993778000084, 6.487342631000161 ], [ 1.730329999000162, 6.487552000000164 ], [ 1.72878, 6.491944001000036 ], [ 1.728936611000165, 6.49505832900013 ], [ 1.72899, 6.496120000000133 ], [ 1.727225998999984, 6.498533000000123 ], [ 1.725898999000151, 6.501825999000175 ], [ 1.722603999000057, 6.501598001000161 ], [ 1.721293001000106, 6.498518001000036 ], [ 1.719543000000158, 6.495436998000116 ], [ 1.716903, 6.49652900100017 ], [ 1.712498999000047, 6.500254 ], [ 1.708767, 6.498926000000154 ], [ 1.705914001000053, 6.4976 ], [ 1.703273, 6.499132000000145 ], [ 1.70316179800011, 6.499150758999974 ], [ 1.701560982000046, 6.499420822000047 ], [ 1.695840319000183, 6.500385915000038 ], [ 1.695579000000123, 6.50043 ], [ 1.694382460999975, 6.504187077000154 ], [ 1.694250000000125, 6.504602998 ], [ 1.694247239000163, 6.505676325000081 ], [ 1.694246546000045, 6.505945544000099 ], [ 1.69424033700011, 6.508359356000142 ], [ 1.694239757000105, 6.508584838000161 ], [ 1.694237001000033, 6.509657 ], [ 1.695108178000112, 6.510752269000136 ], [ 1.695199043000059, 6.510866507000173 ], [ 1.69571621200015, 6.511516707000169 ], [ 1.696865001000049, 6.512960999000086 ], [ 1.700782474999983, 6.512970982000127 ], [ 1.701711814000078, 6.512973350000152 ], [ 1.702359000000172, 6.512974999000051 ], [ 1.701990303000116, 6.530152637000072 ], [ 1.701942725000094, 6.532369273000143 ], [ 1.701861846000043, 6.536137378000092 ], [ 1.701859000000184, 6.536269999000126 ], [ 1.701297625000166, 6.536868405000064 ], [ 1.696904973000187, 6.541550818000132 ], [ 1.695689001000119, 6.542847000000108 ], [ 1.695806785000059, 6.543065753000178 ], [ 1.695988728000088, 6.543403665000085 ], [ 1.697719889999973, 6.546618857000169 ], [ 1.698533000000111, 6.548129001000063 ], [ 1.696544, 6.552299 ], [ 1.696321001000172, 6.553398000000186 ], [ 1.689371805000178, 6.553557724000086 ], [ 1.687749998000186, 6.553595001000076 ], [ 1.686760424000056, 6.555446301000131 ], [ 1.683996, 6.560618001000137 ], [ 1.673899000000119, 6.556196 ], [ 1.672321988000022, 6.556079109000109 ], [ 1.671124273000089, 6.555990331000032 ], [ 1.670822999000052, 6.555967999000131 ], [ 1.67076425900018, 6.556015807000165 ], [ 1.669497730999979, 6.55704659200012 ], [ 1.668441143000166, 6.557906515000127 ], [ 1.668400001000123, 6.557940000000144 ], [ 1.66640800100015, 6.563429 ], [ 1.667178004000164, 6.564377641000135 ], [ 1.674183999000149, 6.573009001000059 ], [ 1.675501287000088, 6.57872243800017 ], [ 1.675626474000012, 6.579265411000051 ], [ 1.675704999000061, 6.579605999000023 ], [ 1.674157001000026, 6.583119000000124 ], [ 1.671016530000145, 6.585026902999971 ], [ 1.670195, 6.585526000000186 ], [ 1.662725999000145, 6.58418699900011 ], [ 1.658997, 6.581540001000121 ], [ 1.656872183000189, 6.578745721000075 ], [ 1.65615, 6.577796 ], [ 1.655696300000159, 6.577885484000035 ], [ 1.654298169000015, 6.578161244000114 ], [ 1.650796977000084, 6.57885179900012 ], [ 1.650712947000045, 6.578868373000091 ], [ 1.650654002000067, 6.578879999000151 ], [ 1.648106594000126, 6.579589060000103 ], [ 1.643616000000179, 6.580838999000036 ], [ 1.641413001000103, 6.582811001000152 ], [ 1.641036, 6.583085000000153 ], [ 1.63873287161499, 6.592191875568419 ], [ 1.638732870000126, 6.59219187900004 ], [ 1.638330706000033, 6.593782090000104 ], [ 1.636632, 6.600498998000035 ], [ 1.633054001000176, 6.602687 ], [ 1.627009000000157, 6.603218999000092 ], [ 1.621795, 6.60128200000014 ], [ 1.621652135000033, 6.601435882000089 ], [ 1.621460989000184, 6.601641766000057 ], [ 1.61848800100006, 6.604843999000082 ], [ 1.616007999000033, 6.607584 ], [ 1.612428001000126, 6.610871 ], [ 1.612511643000119, 6.611776471000098 ], [ 1.612960999000165, 6.616641001000062 ], [ 1.612859373000106, 6.6169055310001 ], [ 1.612781357000017, 6.617108606000102 ], [ 1.610747, 6.622404 ], [ 1.61019099900011, 6.624875001000134 ], [ 1.608650131000161, 6.626661813000169 ], [ 1.608537001000059, 6.626793 ], [ 1.604760941000052, 6.62923217600013 ], [ 1.603032, 6.630349 ], [ 1.603016880000098, 6.63588657400004 ], [ 1.603014774000087, 6.636657561000163 ], [ 1.603014082000072, 6.636911118000057 ], [ 1.603014001000133, 6.636941001000139 ], [ 1.608228001000043, 6.638878999000099 ], [ 1.609012642000039, 6.639536287000112 ], [ 1.60903194500014, 6.639552457000036 ], [ 1.611517999000114, 6.641634999000075 ], [ 1.610588838000069, 6.644591605000073 ], [ 1.6123462, 6.644386600000075 ], [ 1.612346200085358, 6.644386600106785 ], [ 1.610588838000069, 6.644591606000176 ], [ 1.609185235000041, 6.649057896000045 ], [ 1.609016748000045, 6.649594023000077 ], [ 1.608111444000087, 6.652474717000075 ], [ 1.606071091000103, 6.658967157000063 ], [ 1.603755, 6.666336999 ], [ 1.601562762000071, 6.668280779000099 ], [ 1.596117674000027, 6.673108747000072 ], [ 1.594957041000157, 6.674137839000139 ], [ 1.593564, 6.67537299900016 ], [ 1.590242, 6.684153998999989 ], [ 1.583705685000041, 6.684951866000063 ], [ 1.58310604400009, 6.685025061000147 ], [ 1.581772518000037, 6.685187840000026 ], [ 1.579247999000131, 6.685495999000011 ], [ 1.578971517000184, 6.685533290000023 ], [ 1.578637590000028, 6.685578329000066 ], [ 1.578130797000085, 6.68564668200014 ], [ 1.577691001000119, 6.685706 ], [ 1.574441568000111, 6.688330218000146 ], [ 1.574117829000045, 6.688591669000175 ], [ 1.574033789, 6.688659539000128 ], [ 1.573793001000183, 6.688854000000163 ], [ 1.576526, 6.693805999000176 ], [ 1.581199, 6.69327000100003 ], [ 1.58210182900018, 6.695369817000028 ], [ 1.584747001000039, 6.701522 ], [ 1.588433301000066, 6.702556580000021 ], [ 1.589689001000181, 6.702909 ], [ 1.592152000000169, 6.706213 ], [ 1.591959124000027, 6.708086338000157 ], [ 1.592731799999967, 6.707586899000148 ], [ 1.593014951000043, 6.707055971000102 ], [ 1.592576141000166, 6.710908083000163 ], [ 1.592403000000161, 6.712427999000113 ], [ 1.611831, 6.710746000000142 ], [ 1.623737000000119, 6.712029 ], [ 1.636184, 6.713321 ], [ 1.641602, 6.713165000000117 ], [ 1.648116000000186, 6.712977 ], [ 1.660039000000154, 6.713175 ], [ 1.671439000000134, 6.712281000000132 ], [ 1.683345, 6.713562 ], [ 1.695311000000174, 6.715398000000107 ], [ 1.710372, 6.718345 ], [ 1.713946, 6.719383000000164 ], [ 1.721342000000163, 6.721531 ], [ 1.722242, 6.721793 ], [ 1.737969, 6.721509 ], [ 1.753101000000129, 6.724468 ], [ 1.759001000000183, 6.728359000000125 ], [ 1.764359000000127, 6.732241000000158 ], [ 1.769184000000166, 6.735573000000159 ], [ 1.773458000000119, 6.739437000000123 ], [ 1.77644400000014, 6.748215 ], [ 1.779740000000174, 6.75309 ], [ 1.787355000000161, 6.751588 ], [ 1.796588, 6.750655000000165 ], [ 1.802197, 6.749886000000117 ], [ 1.803652000000113, 6.749687000000165 ], [ 1.811694000000102, 6.755238 ], [ 1.818675, 6.758028 ], [ 1.823007000000189, 6.759759 ], [ 1.833769000000132, 6.764812000000177 ], [ 1.842407, 6.767121 ], [ 1.855879, 6.772218000000123 ], [ 1.869938000000161, 6.774614 ], [ 1.880798, 6.773706000000118 ], [ 1.891115000000184, 6.772789000000103 ], [ 1.892033, 6.772757000000126 ], [ 1.901966000000186, 6.77242200000012 ], [ 1.906907000000103, 6.772008000000142 ], [ 1.917056000000173, 6.771978000000161 ], [ 1.937761, 6.771914 ], [ 1.952511, 6.765104000000179 ], [ 1.96890400000018, 6.757236 ], [ 1.982036000000107, 6.749857000000191 ], [ 1.995403000000181, 6.744172 ], [ 2.004985, 6.73884 ], [ 2.038457000000164, 6.738002 ], [ 2.038456, 6.737338 ], [ 2.037203000000147, 6.733464 ], [ 2.036268, 6.728989000000183 ], [ 2.035527, 6.725438 ], [ 2.035789, 6.717269 ], [ 2.035784000000149, 6.714639 ], [ 2.035779000000105, 6.711455000000171 ], [ 2.03576900000013, 6.706332000000145 ], [ 2.035765, 6.704117 ], [ 2.03548, 6.699411 ], [ 2.026378000000136, 6.701962 ], [ 2.026186, 6.701583000000142 ], [ 2.020737, 6.690818 ], [ 2.021217000000149, 6.690435 ], [ 2.013362, 6.682742000000133 ], [ 2.009617000000105, 6.683214000000135 ], [ 2.005113000000108, 6.679270000000145 ], [ 1.999257000000171, 6.679546 ], [ 2.001372, 6.667776000000174 ], [ 2.000546, 6.6652610000001 ], [ 1.999145000000169, 6.660997 ], [ 1.997892, 6.657262000000117 ], [ 1.997054000000162, 6.652972 ], [ 1.996503, 6.648495 ], [ 1.996492, 6.648404000000141 ], [ 1.996412000000134, 6.648129 ], [ 1.995238, 6.64411500000017 ], [ 1.993291, 6.638858 ], [ 1.987209, 6.632921000000181 ], [ 1.987158, 6.632873 ], [ 1.987168, 6.632849 ], [ 1.987121, 6.632802 ], [ 1.987043000000142, 6.632672000000184 ], [ 1.986958, 6.632558000000131 ], [ 1.986959000000127, 6.6326 ], [ 1.985008000000164, 6.629926000000182 ], [ 1.983147, 6.627338 ], [ 1.980362000000184, 6.619794 ], [ 1.979119, 6.613366 ], [ 1.979144000000133, 6.613332000000128 ], [ 1.979225, 6.613335000000177 ], [ 1.979203429000165, 6.613249474000042 ], [ 1.979210012000067, 6.613240333000078 ], [ 1.979168000000129, 6.613109000000122 ], [ 1.977229000000136, 6.60708000000011 ], [ 1.977488, 6.603455000000167 ], [ 1.978719000000126, 6.598109 ], [ 1.979303000000129, 6.593659 ], [ 1.980104000000154, 6.587882 ], [ 1.980689, 6.58285700000016 ], [ 1.981782, 6.574783 ], [ 1.981953, 6.569659 ], [ 1.981948000000102, 6.566751000000124 ], [ 1.98202, 6.566006000000129 ], [ 1.982956, 6.566067 ], [ 1.986565, 6.536417 ], [ 1.985697000000187, 6.530077000000119 ], [ 1.985514000000137, 6.528745000000185 ], [ 1.985473000000127, 6.52844400000015 ], [ 1.982577000000106, 6.507305 ], [ 1.98243, 6.507363000000112 ], [ 1.981962, 6.503601 ], [ 1.981176, 6.502056000000152 ], [ 1.977815000000135, 6.495695000000126 ], [ 1.976741, 6.494257000000175 ], [ 1.975455, 6.491598 ], [ 1.974061000000177, 6.488796 ], [ 1.9707, 6.482399000000157 ], [ 1.962548, 6.467486 ], [ 1.962706, 6.467363 ], [ 1.962541, 6.46705500000013 ], [ 1.955212, 6.45336900000018 ], [ 1.955090881999979, 6.453358789000106 ], [ 1.95311, 6.449806 ], [ 1.949642, 6.443301 ], [ 1.948971, 6.438131 ], [ 1.948863000000188, 6.437391000000105 ], [ 1.949012, 6.437335 ], [ 1.946266, 6.414403 ], [ 1.943515, 6.401918000000137 ], [ 1.943305, 6.400835 ], [ 1.943025000000148, 6.398897 ], [ 1.943020000000104, 6.396129 ], [ 1.943155000000104, 6.39419 ], [ 1.94279100000017, 6.389999 ], [ 1.942797, 6.387024 ], [ 1.942539, 6.384199 ], [ 1.943145000000129, 6.382393 ], [ 1.944016, 6.379985 ], [ 1.945153000000175, 6.376297000000136 ], [ 1.947651000000121, 6.369298000000128 ], [ 1.954089, 6.368595 ], [ 1.955532, 6.362536 ], [ 1.96005, 6.361829000000171 ], [ 1.962373000000184, 6.358412 ], [ 1.962428000000102, 6.358332000000189 ], [ 1.9628340000001, 6.353353000000141 ], [ 1.962989000000164, 6.347815 ], [ 1.962939000000119, 6.347622 ], [ 1.962936, 6.34760800000015 ], [ 1.960885000000133, 6.339651000000117 ], [ 1.959987000000126, 6.332207 ], [ 1.959899000000121, 6.331351 ], [ 1.960393000000124, 6.330856 ], [ 1.959825, 6.330629 ], [ 1.959811000000116, 6.330499000000145 ], [ 1.965227, 6.332731 ], [ 1.968243, 6.329951000000108 ], [ 1.970249448000118, 6.32686699900006 ], [ 1.969755, 6.326866000000109 ], [ 1.969606000000169, 6.325886 ] ] ], [ [ [ 1.975238, 6.302888000000166 ], [ 1.974881381000102, 6.302639008000142 ], [ 1.974583983, 6.302639008000142 ], [ 1.974583983, 6.302431365000132 ], [ 1.974483221000014, 6.302361012000063 ], [ 1.968749999000124, 6.302361012000063 ], [ 1.968749999000124, 6.302639008000142 ], [ 1.967918038000107, 6.302639008000142 ], [ 1.967918038000107, 6.302361012000063 ], [ 1.966806053000028, 6.302361012000063 ], [ 1.966806053000028, 6.302639008000142 ], [ 1.963749052000139, 6.302639008000142 ], [ 1.963749052000139, 6.302361012000063 ], [ 1.962638975000061, 6.302361012000063 ], [ 1.962638975000061, 6.302083016000154 ], [ 1.961526991000085, 6.302083016000154 ], [ 1.961526991000085, 6.301805018999971 ], [ 1.960139036000044, 6.301805018999971 ], [ 1.960139036000044, 6.301528931000064 ], [ 1.959583044000055, 6.301528931000064 ], [ 1.959583044000055, 6.301250935000155 ], [ 1.959305049000079, 6.301250935000155 ], [ 1.959305049000079, 6.301528931000064 ], [ 1.958194972000172, 6.301528931000064 ], [ 1.958194972000172, 6.301805018999971 ], [ 1.958472967000148, 6.301805018999971 ], [ 1.958472967000148, 6.302083016000154 ], [ 1.958750963000057, 6.302083016000154 ], [ 1.958750963000057, 6.302361012000063 ], [ 1.959583044000055, 6.302361012000063 ], [ 1.959583044000055, 6.302639008000142 ], [ 1.961526991000085, 6.302639008000142 ], [ 1.961526991000085, 6.302917003000175 ], [ 1.961804986000061, 6.302917003000175 ], [ 1.961804986000061, 6.303750992000175 ], [ 1.96208298200014, 6.303750992000175 ], [ 1.96208298200014, 6.30430507799997 ], [ 1.962360977000174, 6.30430507799997 ], [ 1.962360977000174, 6.305139065000162 ], [ 1.962638975000061, 6.305139065000162 ], [ 1.962638975000061, 6.305695058000083 ], [ 1.962916971000141, 6.305695058000083 ], [ 1.962916971000141, 6.306527137000103 ], [ 1.963194966000117, 6.306527137000103 ], [ 1.963194966000117, 6.306805135000161 ], [ 1.963471054000081, 6.306805135000161 ], [ 1.963471054000081, 6.30708313100007 ], [ 1.964305043000081, 6.30708313100007 ], [ 1.964305043000081, 6.307361126000046 ], [ 1.964861035000069, 6.307361126000046 ], [ 1.964861035000069, 6.30708313100007 ], [ 1.966806053000028, 6.30708313100007 ], [ 1.966806053000028, 6.306805135000161 ], [ 1.968194008000069, 6.306805135000161 ], [ 1.968194008000069, 6.30708313100007 ], [ 1.968472004000148, 6.30708313100007 ], [ 1.968472004000148, 6.307361126000046 ], [ 1.968749999000124, 6.307361126000046 ], [ 1.968749999000124, 6.30708313100007 ], [ 1.969305993000148, 6.30708313100007 ], [ 1.969305993000148, 6.306805135000161 ], [ 1.970139980000113, 6.306805135000161 ], [ 1.970139980000113, 6.306527137000103 ], [ 1.973749996000038, 6.306527137000103 ], [ 1.973749996000038, 6.306805135000161 ], [ 1.974583983, 6.306805135000161 ], [ 1.974583983, 6.30708313100007 ], [ 1.975137949000043, 6.30708313100007 ], [ 1.975137949000043, 6.307361126000046 ], [ 1.976806044000114, 6.307361126000046 ], [ 1.976806044000114, 6.30708313100007 ], [ 1.977360010000098, 6.30708313100007 ], [ 1.977360010000098, 6.306805135000161 ], [ 1.978497098000048, 6.306805135000161 ], [ 1.97732, 6.3051 ], [ 1.975238, 6.302888000000166 ] ] ], [ [ [ 1.940693000000124, 6.311527000000126 ], [ 1.940693000000124, 6.311249 ], [ 1.94125, 6.311249 ], [ 1.94125, 6.310971000000166 ], [ 1.941806, 6.310971000000166 ], [ 1.941806, 6.310695 ], [ 1.942084, 6.310693 ], [ 1.942084, 6.310417000000143 ], [ 1.942362000000173, 6.310417000000143 ], [ 1.942362000000173, 6.310139 ], [ 1.942916, 6.310139 ], [ 1.942918, 6.309861000000126 ], [ 1.943194000000119, 6.309861000000126 ], [ 1.943194000000119, 6.309583 ], [ 1.943472, 6.309583 ], [ 1.943472, 6.309305000000165 ], [ 1.94375, 6.309305000000165 ], [ 1.94375, 6.309027 ], [ 1.944028000000174, 6.309027 ], [ 1.944028000000174, 6.308749000000148 ], [ 1.944306, 6.308749000000148 ], [ 1.944306, 6.308471 ], [ 1.944584, 6.308471 ], [ 1.944584, 6.308195000000126 ], [ 1.944862000000114, 6.308195000000126 ], [ 1.944862000000114, 6.307917 ], [ 1.945138, 6.307917 ], [ 1.945138, 6.307639000000165 ], [ 1.945416, 6.307639000000165 ], [ 1.945416, 6.307361 ], [ 1.945694000000174, 6.307361 ], [ 1.945694000000174, 6.307083000000148 ], [ 1.947638, 6.307083000000148 ], [ 1.947638, 6.306805 ], [ 1.949860000000115, 6.306805 ], [ 1.949860000000115, 6.307083000000148 ], [ 1.950416, 6.307083000000148 ], [ 1.950416, 6.307361 ], [ 1.950972, 6.307361 ], [ 1.950972, 6.307639000000165 ], [ 1.951250000000186, 6.307639000000165 ], [ 1.951250000000186, 6.307917 ], [ 1.951807, 6.307917 ], [ 1.951807, 6.308195000000126 ], [ 1.952360000000169, 6.308195000000126 ], [ 1.952360000000169, 6.308471 ], [ 1.952638, 6.308471 ], [ 1.952638, 6.308749000000148 ], [ 1.952916000000187, 6.308749000000148 ], [ 1.952916000000187, 6.309305000000165 ], [ 1.953195000000164, 6.309305000000165 ], [ 1.953195000000164, 6.309583 ], [ 1.955139, 6.309583 ], [ 1.955139, 6.309305000000165 ], [ 1.955973000000142, 6.309305000000165 ], [ 1.955973000000142, 6.309027 ], [ 1.956805, 6.309027 ], [ 1.956805, 6.308749000000148 ], [ 1.957361, 6.308749000000148 ], [ 1.957361, 6.309027 ], [ 1.957917, 6.309027 ], [ 1.957917, 6.309305000000165 ], [ 1.959583, 6.309305000000165 ], [ 1.959583, 6.309027 ], [ 1.960139, 6.309027 ], [ 1.960139, 6.308749000000148 ], [ 1.959583, 6.308749000000148 ], [ 1.959583, 6.308471 ], [ 1.958473, 6.308471 ], [ 1.958473, 6.307639000000165 ], [ 1.958751000000177, 6.307639000000165 ], [ 1.958751000000177, 6.307083000000148 ], [ 1.959027, 6.307083000000148 ], [ 1.959027, 6.306805 ], [ 1.959305000000143, 6.306805 ], [ 1.959305000000143, 6.305417000000148 ], [ 1.958751000000177, 6.305417000000148 ], [ 1.958751000000177, 6.30486100000013 ], [ 1.958473, 6.30486100000013 ], [ 1.958473, 6.304583 ], [ 1.95819500000016, 6.304583 ], [ 1.95819500000016, 6.30319500000013 ], [ 1.957917, 6.30319500000013 ], [ 1.957917, 6.302917 ], [ 1.955695, 6.302917 ], [ 1.955695, 6.30319500000013 ], [ 1.953473, 6.30319500000013 ], [ 1.953473, 6.303473 ], [ 1.952916000000187, 6.303473 ], [ 1.952916000000187, 6.30319500000013 ], [ 1.952360000000169, 6.30319500000013 ], [ 1.952360000000169, 6.302917 ], [ 1.951807, 6.302917 ], [ 1.951807, 6.30263900000017 ], [ 1.951250000000186, 6.30263900000017 ], [ 1.951250000000186, 6.302361 ], [ 1.950694000000169, 6.302361 ], [ 1.950694000000169, 6.302083000000152 ], [ 1.947084, 6.302083000000152 ], [ 1.947084, 6.301805 ], [ 1.945972, 6.301805 ], [ 1.945972, 6.30152900000013 ], [ 1.944028000000174, 6.30152900000013 ], [ 1.944028000000174, 6.301805 ], [ 1.942362000000173, 6.301805 ], [ 1.942362000000173, 6.30152900000013 ], [ 1.938193, 6.30152900000013 ], [ 1.938193, 6.30097300000017 ], [ 1.937917000000141, 6.30097300000017 ], [ 1.937917000000141, 6.300695 ], [ 1.937639, 6.300695 ], [ 1.937639, 6.300417000000152 ], [ 1.937361000000124, 6.300417000000152 ], [ 1.937361000000124, 6.300139 ], [ 1.936527, 6.300139 ], [ 1.936527, 6.300417000000152 ], [ 1.935973, 6.300417000000152 ], [ 1.935973, 6.300695 ], [ 1.935417, 6.300695 ], [ 1.935417, 6.30097300000017 ], [ 1.934305, 6.30097300000017 ], [ 1.934305, 6.301251 ], [ 1.930973, 6.301251 ], [ 1.930973, 6.30097300000017 ], [ 1.930695000000128, 6.30097300000017 ], [ 1.930695000000128, 6.300695 ], [ 1.930139000000111, 6.300695 ], [ 1.930139000000111, 6.300417000000152 ], [ 1.929029000000128, 6.300417000000152 ], [ 1.929029000000128, 6.300695 ], [ 1.92847300000011, 6.300695 ], [ 1.92847300000011, 6.30097300000017 ], [ 1.92791700000015, 6.30097300000017 ], [ 1.92791700000015, 6.301251 ], [ 1.927639, 6.301251 ], [ 1.927639, 6.30152900000013 ], [ 1.927361000000133, 6.30152900000013 ], [ 1.927361000000133, 6.302361 ], [ 1.927082000000155, 6.302361 ], [ 1.927082000000155, 6.302917 ], [ 1.927361000000133, 6.302917 ], [ 1.927361000000133, 6.303473 ], [ 1.927639, 6.303473 ], [ 1.927639, 6.305695 ], [ 1.92791700000015, 6.305695 ], [ 1.92791700000015, 6.305973000000165 ], [ 1.928195, 6.305973000000165 ], [ 1.928195, 6.306251 ], [ 1.92847300000011, 6.306251 ], [ 1.92847300000011, 6.307083000000148 ], [ 1.928751, 6.307083000000148 ], [ 1.928751, 6.307917 ], [ 1.92847300000011, 6.307917 ], [ 1.92847300000011, 6.308749000000148 ], [ 1.928751, 6.308749000000148 ], [ 1.928751, 6.309305000000165 ], [ 1.929029000000128, 6.309305000000165 ], [ 1.929029000000128, 6.309861000000126 ], [ 1.92958300000015, 6.309861000000126 ], [ 1.92958300000015, 6.310139 ], [ 1.929861, 6.310139 ], [ 1.929861, 6.310417000000143 ], [ 1.930417, 6.310417000000143 ], [ 1.930417, 6.310693 ], [ 1.930695000000128, 6.310695 ], [ 1.930695000000128, 6.310971000000166 ], [ 1.931805000000111, 6.310971000000166 ], [ 1.931805000000111, 6.311249 ], [ 1.932917000000145, 6.311249 ], [ 1.932917000000145, 6.311527000000126 ], [ 1.934027000000128, 6.311527000000126 ], [ 1.934027000000128, 6.311805 ], [ 1.935139000000106, 6.311805 ], [ 1.935139000000106, 6.312083000000143 ], [ 1.938193, 6.312083000000143 ], [ 1.938193, 6.312362000000121 ], [ 1.939305, 6.312362000000121 ], [ 1.939305, 6.312083000000143 ], [ 1.939862000000119, 6.312083000000143 ], [ 1.939862000000119, 6.311805 ], [ 1.94014, 6.311805 ], [ 1.94014, 6.311527000000126 ], [ 1.940693000000124, 6.311527000000126 ] ] ], [ [ [ 1.981648458000052, 6.310139179000146 ], [ 1.981528998000101, 6.310139179000146 ], [ 1.981528998000101, 6.310692787000107 ], [ 1.981251002000022, 6.310695172000067 ], [ 1.981251002000022, 6.311248779000152 ], [ 1.981459228000176, 6.311248779000152 ], [ 1.981648458000052, 6.310139179000146 ] ] ], [ [ [ 1.860418, 6.289306000000124 ], [ 1.860418, 6.289028 ], [ 1.858471000000122, 6.289028 ], [ 1.858471000000122, 6.288750000000107 ], [ 1.858193, 6.288750000000107 ], [ 1.858193, 6.288472000000183 ], [ 1.857918, 6.288472000000183 ], [ 1.857918, 6.288194 ], [ 1.857083, 6.288194 ], [ 1.857083, 6.287918 ], [ 1.856527, 6.287918 ], [ 1.856527, 6.287640000000124 ], [ 1.855971, 6.287640000000124 ], [ 1.855971, 6.287362 ], [ 1.855139000000122, 6.287362 ], [ 1.855139000000122, 6.287084000000107 ], [ 1.854583000000162, 6.287084000000107 ], [ 1.854583000000162, 6.286528 ], [ 1.853749, 6.286528 ], [ 1.853749, 6.286249000000112 ], [ 1.852917000000161, 6.286249000000112 ], [ 1.852917000000161, 6.285971000000188 ], [ 1.852639, 6.285971000000188 ], [ 1.852639, 6.286249000000112 ], [ 1.850973, 6.286249000000112 ], [ 1.850973, 6.286528 ], [ 1.851249000000166, 6.286528 ], [ 1.851251000000161, 6.287084000000107 ], [ 1.851527, 6.287084000000107 ], [ 1.851527, 6.287640000000124 ], [ 1.851805000000127, 6.287640000000124 ], [ 1.851805000000127, 6.287918 ], [ 1.852083, 6.287918 ], [ 1.852083, 6.288472000000183 ], [ 1.852361000000144, 6.288472000000183 ], [ 1.852361000000144, 6.288750000000107 ], [ 1.853195, 6.288750000000107 ], [ 1.853195, 6.289028 ], [ 1.854027000000144, 6.289028 ], [ 1.854027000000144, 6.289306000000124 ], [ 1.854305, 6.289306000000124 ], [ 1.854305, 6.289584 ], [ 1.854583000000162, 6.289584 ], [ 1.854583000000162, 6.289862 ], [ 1.854861, 6.289862 ], [ 1.854861, 6.290138000000184 ], [ 1.855971, 6.290138000000184 ], [ 1.855971, 6.290416000000107 ], [ 1.858193, 6.290416000000107 ], [ 1.858193, 6.290138000000184 ], [ 1.85902700000014, 6.290138000000184 ], [ 1.85902700000014, 6.290416000000107 ], [ 1.859306000000117, 6.290416000000107 ], [ 1.859306000000117, 6.290138000000184 ], [ 1.860972000000118, 6.290138000000184 ], [ 1.860972000000118, 6.289584 ], [ 1.860694, 6.289584 ], [ 1.860694, 6.289306000000124 ], [ 1.860418, 6.289306000000124 ] ] ], [ [ [ 1.869306000999984, 6.288750001000039 ], [ 1.869306000999984, 6.289306000000124 ], [ 1.870416001000024, 6.289306000000124 ], [ 1.870416001000024, 6.289584 ], [ 1.873195001000113, 6.289584 ], [ 1.873195001000113, 6.289306000000124 ], [ 1.872916998999983, 6.289306000000124 ], [ 1.872916998999983, 6.289028 ], [ 1.872360000000185, 6.289028 ], [ 1.872360000000185, 6.288750001000039 ], [ 1.871528999000077, 6.288750001000039 ], [ 1.871528999000077, 6.28847199900008 ], [ 1.870972000000108, 6.28847199900008 ], [ 1.870972000000108, 6.288194 ], [ 1.870416001000024, 6.288194 ], [ 1.870416001000024, 6.287918 ], [ 1.869584, 6.287918 ], [ 1.869584, 6.288194 ], [ 1.869028001000117, 6.288194 ], [ 1.869028001000117, 6.288750001000039 ], [ 1.869306000999984, 6.288750001000039 ] ] ], [ [ [ 1.877639000000158, 6.291528 ], [ 1.877639000000158, 6.29125 ], [ 1.877083, 6.29125 ], [ 1.877083, 6.290972000000124 ], [ 1.876529000000176, 6.290972000000124 ], [ 1.876529000000176, 6.290694 ], [ 1.875973000000158, 6.290694 ], [ 1.875973000000158, 6.290416000000107 ], [ 1.875139000000104, 6.290416000000107 ], [ 1.875139000000104, 6.290694 ], [ 1.872917, 6.290694 ], [ 1.872917, 6.291528 ], [ 1.87319500000018, 6.291528 ], [ 1.87319500000018, 6.291806000000179 ], [ 1.873473000000104, 6.291806000000179 ], [ 1.873473000000104, 6.292084000000102 ], [ 1.876529000000176, 6.292084000000102 ], [ 1.876529000000176, 6.292362 ], [ 1.877361, 6.292362 ], [ 1.877361, 6.292084000000102 ], [ 1.877639000000158, 6.292084000000102 ], [ 1.877639000000158, 6.291806000000179 ], [ 1.878195000000176, 6.291806000000179 ], [ 1.878195000000176, 6.291528 ], [ 1.877639000000158, 6.291528 ] ] ], [ [ [ 1.591525700000034, 6.717778 ], [ 1.59103076800011, 6.717103137000038 ], [ 1.591021001000115, 6.717198000000167 ], [ 1.591287174000172, 6.718430886000078 ], [ 1.591339368000035, 6.718672643000048 ], [ 1.591525700000034, 6.717778 ] ] ] ] } },
{ "type": "Feature", "properties": { "fid": 10, "GID_1": "BEN.10_1", "GID_0": "BEN", "COUNTRY": "Benin", "NAME_1": "Ouémé", "VARNAME_1": "NA", "NL_NAME_1": "NA", "TYPE_1": "Département", "ENGTYPE_1": "Department", "CC_1": "NA", "HASC_1": "BJ.OU", "ISO_1": "BJ-OU" }, "geometry": { "type": "MultiPolygon", "coordinates": [ [ [ [ 2.640971898999965, 6.366806030000021 ], [ 2.64041805300019, 6.366806030000021 ], [ 2.64041805300019, 6.366527081000129 ], [ 2.640140057000053, 6.366527081000129 ], [ 2.640140057000053, 6.366249085000049 ], [ 2.639584064000189, 6.366249085000049 ], [ 2.639584064000189, 6.366527081000129 ], [ 2.639027118000115, 6.366527081000129 ], [ 2.639027118000115, 6.366249085000049 ], [ 2.637917996000169, 6.366249085000049 ], [ 2.637917996000169, 6.366527081000129 ], [ 2.637083054000186, 6.366527081000129 ], [ 2.637083054000186, 6.366249085000049 ], [ 2.635416984000187, 6.366249085000049 ], [ 2.635416984000187, 6.365971088000038 ], [ 2.634582997000166, 6.365971088000038 ], [ 2.634582997000166, 6.365139008000085 ], [ 2.634027004000075, 6.365139008000085 ], [ 2.634027004000075, 6.365417956999977 ], [ 2.632360935000179, 6.365417956999977 ], [ 2.632360935000179, 6.365139008000085 ], [ 2.631248951000032, 6.365139008000085 ], [ 2.631248951000032, 6.36486101100013 ], [ 2.630695105000029, 6.36486101100013 ], [ 2.630695105000029, 6.365139008000085 ], [ 2.627639054000042, 6.365139008000085 ], [ 2.627639054000042, 6.36486101100013 ], [ 2.624860049000063, 6.36486101100013 ], [ 2.624860049000063, 6.364583015 ], [ 2.624027967000131, 6.364583015 ], [ 2.624027967000131, 6.364305020000188 ], [ 2.623193979, 6.364305020000188 ], [ 2.623193979, 6.364027024000109 ], [ 2.621527910000111, 6.364027024000109 ], [ 2.621527910000111, 6.363749028000029 ], [ 2.618750095000053, 6.363749028000029 ], [ 2.618750095000053, 6.363472938000086 ], [ 2.618472100000076, 6.363471031000188 ], [ 2.618472100000076, 6.36319494300011 ], [ 2.618194104000167, 6.36319494300011 ], [ 2.618194104000167, 6.362916947000031 ], [ 2.617916106000052, 6.362916947000031 ], [ 2.617916106000052, 6.36319494300011 ], [ 2.617638111000076, 6.36319494300011 ], [ 2.617638111000076, 6.362916947000031 ], [ 2.617084027000033, 6.362916947000031 ], [ 2.617084027000033, 6.36319494300011 ], [ 2.616528034000112, 6.36319494300011 ], [ 2.616528034000112, 6.362916947000031 ], [ 2.615972042000124, 6.362916947000031 ], [ 2.615972042000124, 6.36319494300011 ], [ 2.615416049000032, 6.36319494300011 ], [ 2.615416049000032, 6.363471031000188 ], [ 2.614305972000125, 6.363471031000188 ], [ 2.614305972000125, 6.36319494300011 ], [ 2.614027977000148, 6.36319494300011 ], [ 2.614027977000148, 6.362916947000031 ], [ 2.611526967000145, 6.362916947000031 ], [ 2.611526967000145, 6.362638951000122 ], [ 2.610696078000046, 6.362638951000122 ], [ 2.610696078000046, 6.36236095400011 ], [ 2.609582901000067, 6.36236095400011 ], [ 2.609582901000067, 6.362638951000122 ], [ 2.609304905000158, 6.362638951000122 ], [ 2.609304905000158, 6.36236095400011 ], [ 2.607917070000155, 6.36236095400011 ], [ 2.607917070000155, 6.362916947000031 ], [ 2.607639074000076, 6.362916947000031 ], [ 2.607639074000076, 6.36319494300011 ], [ 2.607083081000155, 6.36319494300011 ], [ 2.607083081000155, 6.363749028000029 ], [ 2.606805086000179, 6.363749028000029 ], [ 2.606805086000179, 6.36319494300011 ], [ 2.605973006000056, 6.36319494300011 ], [ 2.605973006000056, 6.362916947000031 ], [ 2.604027033000079, 6.362916947000031 ], [ 2.604027033000079, 6.36236095400011 ], [ 2.603750945000172, 6.36236095400011 ], [ 2.603750945000172, 6.36208295800003 ], [ 2.602916956000172, 6.36208295800003 ], [ 2.602916956000172, 6.36236095400011 ], [ 2.602082967000172, 6.36236095400011 ], [ 2.602082967000172, 6.362638951000122 ], [ 2.600972890000094, 6.362638951000122 ], [ 2.600972890000094, 6.36236095400011 ], [ 2.599307059000182, 6.36236095400011 ], [ 2.599307059000182, 6.361804962000122 ], [ 2.59763789100009, 6.361804962000122 ], [ 2.59763789100009, 6.36208295800003 ], [ 2.597359895000181, 6.36208295800003 ], [ 2.597359895000181, 6.361804962000122 ], [ 2.597081899999978, 6.361804962000122 ], [ 2.597081899999978, 6.36208295800003 ], [ 2.595972061000111, 6.36208295800003 ], [ 2.595972061000111, 6.361804962000122 ], [ 2.592361926000081, 6.361804962000122 ], [ 2.592360019000182, 6.361526967000088 ], [ 2.591527939000116, 6.361526967000088 ], [ 2.591527939000116, 6.361248971 ], [ 2.590971946000025, 6.361248971 ], [ 2.590971946000025, 6.361526967000088 ], [ 2.588749885000084, 6.361526967000088 ], [ 2.588749885000084, 6.361248971 ], [ 2.586528063000117, 6.361248971 ], [ 2.586528063000117, 6.360972881000123 ], [ 2.586250067000037, 6.360972881000123 ], [ 2.586250067000037, 6.360694884999987 ], [ 2.585971117000042, 6.360694884999987 ], [ 2.585971117000042, 6.360972881000123 ], [ 2.585692883000092, 6.360972881000123 ], [ 2.585692883000092, 6.361248971 ], [ 2.584861995000097, 6.361248971 ], [ 2.584861995000097, 6.360972881000123 ], [ 2.584027053000113, 6.360972881000123 ], [ 2.584027053000113, 6.360694884999987 ], [ 2.583747421000112, 6.360694884999987 ], [ 2.579860925000048, 6.360694884999987 ], [ 2.579860925000048, 6.360972881000123 ], [ 2.579582930000015, 6.360972881000123 ], [ 2.579582930000015, 6.360694884999987 ], [ 2.575973033000025, 6.360694884999987 ], [ 2.575973033000025, 6.360416890000181 ], [ 2.575139046000061, 6.360416890000181 ], [ 2.575139046000061, 6.360694884999987 ], [ 2.574028969000153, 6.360694884999987 ], [ 2.574028969000153, 6.360416890000181 ], [ 2.573472976000062, 6.360416890000181 ], [ 2.573472976000062, 6.360138894000102 ], [ 2.572360039000046, 6.360138894000102 ], [ 2.572360039000046, 6.360416890000181 ], [ 2.57180404800016, 6.360416890000181 ], [ 2.57180404800016, 6.360138894000102 ], [ 2.569859982000082, 6.360138894000102 ], [ 2.569859982000082, 6.35986089700009 ], [ 2.567915916000175, 6.35986089700009 ], [ 2.567915916000175, 6.359582901000181 ], [ 2.567637920000095, 6.359582901000181 ], [ 2.567637920000095, 6.359304905000101 ], [ 2.567359925000062, 6.359304905000101 ], [ 2.567359925000062, 6.359582901000181 ], [ 2.560139894000145, 6.359582901000181 ], [ 2.560139894000145, 6.35986089700009 ], [ 2.559861898000065, 6.35986089700009 ], [ 2.559861898000065, 6.359582901000181 ], [ 2.557918072000177, 6.359582901000181 ], [ 2.557918072000177, 6.35986089700009 ], [ 2.556526899000119, 6.35986089700009 ], [ 2.556526899000119, 6.359582901000181 ], [ 2.553749084, 6.359582901000181 ], [ 2.553749084, 6.359304905000101 ], [ 2.552639007000096, 6.359304905000101 ], [ 2.552639007000096, 6.359582901000181 ], [ 2.551527023000119, 6.359582901000181 ], [ 2.551527023000119, 6.35986089700009 ], [ 2.550416946000041, 6.35986089700009 ], [ 2.550416946000041, 6.360138894000102 ], [ 2.54958295900002, 6.360138894000102 ], [ 2.54958295900002, 6.360416890000181 ], [ 2.54875111500013, 6.360416890000181 ], [ 2.54875111500013, 6.361248971 ], [ 2.548194884, 6.361248971 ], [ 2.548194884, 6.360972881000123 ], [ 2.547916889000021, 6.360972881000123 ], [ 2.547916889000021, 6.361248971 ], [ 2.547082902, 6.361248971 ], [ 2.547082902, 6.360972881000123 ], [ 2.546804904000112, 6.360972881000123 ], [ 2.546804904000112, 6.360694884999987 ], [ 2.546529054000189, 6.360694884999987 ], [ 2.546529054000189, 6.360416890000181 ], [ 2.546251058000109, 6.360416890000181 ], [ 2.546251058000109, 6.360138894000102 ], [ 2.544859885000051, 6.360138894000102 ], [ 2.544859885000051, 6.35986089700009 ], [ 2.54430699400001, 6.35986089700009 ], [ 2.54430699400001, 6.359582901000181 ], [ 2.544028997000055, 6.359582901000181 ], [ 2.544028997000055, 6.359304905000101 ], [ 2.543194055000072, 6.359304905000101 ], [ 2.543194055000072, 6.359582901000181 ], [ 2.542082070000163, 6.359582901000181 ], [ 2.542082070000163, 6.35986089700009 ], [ 2.540971995000064, 6.35986089700009 ], [ 2.540971995000064, 6.359582901000181 ], [ 2.539305925000065, 6.359582901000181 ], [ 2.539305925000065, 6.358748914000046 ], [ 2.539027929000156, 6.358748914000046 ], [ 2.539027929000156, 6.359026910000125 ], [ 2.537084103000041, 6.359026910000125 ], [ 2.537084103000041, 6.359582901000181 ], [ 2.536806106000085, 6.359582901000181 ], [ 2.536806106000085, 6.35986089700009 ], [ 2.53625011400004, 6.35986089700009 ], [ 2.53625011400004, 6.359582901000181 ], [ 2.534862042000157, 6.359582901000181 ], [ 2.534862042000157, 6.359304905000101 ], [ 2.533750057000077, 6.359304905000101 ], [ 2.533750057000077, 6.359026910000125 ], [ 2.530695914000034, 6.359026910000125 ], [ 2.530695914000034, 6.358748914000046 ], [ 2.529860973000154, 6.358748914000046 ], [ 2.529860973000154, 6.358472824000103 ], [ 2.528748990000054, 6.358472824000103 ], [ 2.528748990000054, 6.358748914000046 ], [ 2.528194904000088, 6.358748914000046 ], [ 2.528194904000088, 6.359026910000125 ], [ 2.527916909000055, 6.359026910000125 ], [ 2.527916909000055, 6.358748914000046 ], [ 2.527377850000164, 6.358748914000046 ], [ 2.527360915000088, 6.358748914000046 ], [ 2.527360915000088, 6.358567981000078 ], [ 2.527360915000088, 6.358472824000103 ], [ 2.52735200800015, 6.358472824000103 ], [ 2.527082920000055, 6.358472824000103 ], [ 2.527082920000055, 6.358194828000023 ], [ 2.52652692900017, 6.358194828000023 ], [ 2.52652692900017, 6.358472824000103 ], [ 2.525417088999973, 6.358472824000103 ], [ 2.525417088999973, 6.358748914000046 ], [ 2.525139094000167, 6.358748914000046 ], [ 2.525139094000167, 6.359026910000125 ], [ 2.524027109000087, 6.359026910000125 ], [ 2.524027109000087, 6.358748914000046 ], [ 2.52375102100018, 6.358748914000046 ], [ 2.52375102100018, 6.358472824000103 ], [ 2.521805048000033, 6.358472824000103 ], [ 2.521805048000033, 6.358748914000046 ], [ 2.521527052000124, 6.358748914000046 ], [ 2.521527052000124, 6.359026910000125 ], [ 2.52125096400016, 6.359026910000125 ], [ 2.52125096400016, 6.359304905000101 ], [ 2.519582985999989, 6.359304905000101 ], [ 2.519582985999989, 6.359026910000125 ], [ 2.519028902000173, 6.359026910000125 ], [ 2.519028902000173, 6.358748914000046 ], [ 2.518472909000081, 6.358748914000046 ], [ 2.518472909000081, 6.358472824000103 ], [ 2.517081976000043, 6.358472824000103 ], [ 2.517081976000043, 6.358194828000023 ], [ 2.516249894999987, 6.358194828000023 ], [ 2.516249894999987, 6.357916833 ], [ 2.511528016, 6.357916833 ], [ 2.511528016, 6.358194828000023 ], [ 2.510416031000148, 6.358194828000023 ], [ 2.510416031000148, 6.357916833 ], [ 2.509861945000125, 6.357916833 ], [ 2.509861945000125, 6.358194828000023 ], [ 2.50652790100014, 6.358194828000023 ], [ 2.50652790100014, 6.358472824000103 ], [ 2.50319290300007, 6.358472824000103 ], [ 2.50319290300007, 6.358194828000023 ], [ 2.500694991000159, 6.358194828000023 ], [ 2.500694991000159, 6.358472824000103 ], [ 2.49958300600008, 6.358472824000103 ], [ 2.49958300600008, 6.358748914000046 ], [ 2.499027013000159, 6.358748914000046 ], [ 2.499027013000159, 6.359026910000125 ], [ 2.49874901700008, 6.359026910000125 ], [ 2.49874901700008, 6.359304905000101 ], [ 2.498472929000116, 6.359304905000101 ], [ 2.498472929000116, 6.359582901000181 ], [ 2.49791693800006, 6.359582901000181 ], [ 2.49791693800006, 6.359304905000101 ], [ 2.497638940000115, 6.359304905000101 ], [ 2.497638940000115, 6.358748914000046 ], [ 2.495417118000148, 6.358748914000046 ], [ 2.495417118000148, 6.358472824000103 ], [ 2.492917061000185, 6.358472824000103 ], [ 2.492917061000185, 6.358748914000046 ], [ 2.492639066000152, 6.358748914000046 ], [ 2.492639066000152, 6.359026910000125 ], [ 2.492082118999974, 6.359026910000125 ], [ 2.492082118999974, 6.359582901000181 ], [ 2.491803884000149, 6.359582901000181 ], [ 2.491803884000149, 6.35986089700009 ], [ 2.491528989000074, 6.35986089700009 ], [ 2.491528989000074, 6.360138894000102 ], [ 2.49097299500005, 6.360138894000102 ], [ 2.49097299500005, 6.360416890000181 ], [ 2.49013805400017, 6.360416890000181 ], [ 2.49013805400017, 6.35986089700009 ], [ 2.490416048999975, 6.35986089700009 ], [ 2.490416048999975, 6.359582901000181 ], [ 2.49069404700009, 6.359582901000181 ], [ 2.49069404700009, 6.359304905000101 ], [ 2.489027977000092, 6.359304905000101 ], [ 2.489027977000092, 6.359582901000181 ], [ 2.487868486000139, 6.359582901000181 ], [ 2.487808000000143, 6.360557 ], [ 2.487636000000123, 6.363329 ], [ 2.486885000000143, 6.375431000000106 ], [ 2.484362, 6.37653100000017 ], [ 2.481659, 6.377813000000174 ], [ 2.480603000000144, 6.382519000000173 ], [ 2.480815, 6.387761000000125 ], [ 2.481533981000155, 6.39416183000003 ], [ 2.480142841000145, 6.394320937000089 ], [ 2.45101000000011, 6.397652916000027 ], [ 2.447713, 6.398030000000119 ], [ 2.448589420000189, 6.399169246000099 ], [ 2.448635, 6.39916600000015 ], [ 2.456026000000179, 6.408276 ], [ 2.466953000000103, 6.421744000000103 ], [ 2.468506, 6.424683 ], [ 2.473504, 6.432841 ], [ 2.476974, 6.438510000000122 ], [ 2.47765, 6.439421 ], [ 2.480967, 6.445008 ], [ 2.480924998000091, 6.445066157000042 ], [ 2.480863000000113, 6.445152000000121 ], [ 2.481304, 6.444545000000176 ], [ 2.483913, 6.448325 ], [ 2.485013000000151, 6.449799 ], [ 2.484954, 6.44972 ], [ 2.487937000000159, 6.453716 ], [ 2.492104, 6.461599 ], [ 2.494049000000132, 6.465472 ], [ 2.494897, 6.466425 ], [ 2.498349, 6.470308000000159 ], [ 2.500706, 6.47293400000018 ], [ 2.500990000000115, 6.476533 ], [ 2.502101, 6.478608000000179 ], [ 2.500864, 6.483732 ], [ 2.500739000000124, 6.490932 ], [ 2.501576000000114, 6.494253 ], [ 2.503518, 6.496602 ], [ 2.504352, 6.498816 ], [ 2.504909, 6.500753000000145 ], [ 2.505467000000181, 6.503105 ], [ 2.505473000000165, 6.506013000000166 ], [ 2.505479, 6.509751000000165 ], [ 2.50521, 6.513628000000153 ], [ 2.503141, 6.517785000000174 ], [ 2.502726, 6.517925 ], [ 2.499544000000185, 6.518623 ], [ 2.497514, 6.52028 ], [ 2.496278343000085, 6.521485266000127 ], [ 2.496242, 6.521441 ], [ 2.49138900000014, 6.523468 ], [ 2.486873, 6.523857 ], [ 2.482718000000148, 6.524243000000183 ], [ 2.479121, 6.525048 ], [ 2.478923, 6.525091 ], [ 2.479201000000103, 6.525976 ], [ 2.474232, 6.52892 ], [ 2.471063000000186, 6.530657000000133 ], [ 2.469669000000124, 6.531421 ], [ 2.463999000000115, 6.534202000000164 ], [ 2.455147000000125, 6.538373000000149 ], [ 2.453487, 6.53893 ], [ 2.449061000000142, 6.540739000000144 ], [ 2.446297, 6.542359 ], [ 2.442424, 6.5446290000001 ], [ 2.439798, 6.546573 ], [ 2.437726, 6.549207 ], [ 2.436904, 6.553778 ], [ 2.436085000000162, 6.560286 ], [ 2.435399, 6.563195 ], [ 2.435069000000112, 6.564915 ], [ 2.434576000000163, 6.567488 ], [ 2.433753, 6.571643 ], [ 2.433071000000155, 6.577321 ], [ 2.432798000000105, 6.579537 ], [ 2.432663000000161, 6.58092100000016 ], [ 2.432806, 6.583829 ], [ 2.432542, 6.590613 ], [ 2.430067000000122, 6.59975500000013 ], [ 2.429379, 6.602387 ], [ 2.428283000000135, 6.608204000000171 ], [ 2.428018, 6.61471100000017 ], [ 2.427055000000109, 6.618036000000131 ], [ 2.425677000000178, 6.621777 ], [ 2.424576000000172, 6.62524 ], [ 2.42389, 6.628287 ], [ 2.422162734545203, 6.631757966904758 ], [ 2.422162734000153, 6.631757967000112 ], [ 2.421683, 6.632722 ], [ 2.421681, 6.631842 ], [ 2.420865000000106, 6.631985000000157 ], [ 2.418705, 6.631393 ], [ 2.419385, 6.635077 ], [ 2.419405, 6.63838 ], [ 2.41942100000017, 6.641223000000139 ], [ 2.421437, 6.645731000000126 ], [ 2.421175000000176, 6.647412 ], [ 2.420565000000124, 6.65134 ], [ 2.422024, 6.653502 ], [ 2.428745000000163, 6.658885000000112 ], [ 2.430753, 6.662128 ], [ 2.430417000000148, 6.666649000000177 ], [ 2.431879, 6.669172 ], [ 2.434242, 6.67132700000019 ], [ 2.429926, 6.67533 ], [ 2.429412000000127, 6.679082 ], [ 2.42942, 6.680451000000119 ], [ 2.428582000000176, 6.68235 ], [ 2.42754900000017, 6.685456 ], [ 2.429653000000144, 6.690517 ], [ 2.431818, 6.6896 ], [ 2.435275000000104, 6.693377000000112 ], [ 2.438736946000176, 6.693278145000022 ], [ 2.442143000000101, 6.692975 ], [ 2.443033000000185, 6.694292000000132 ], [ 2.444071000000122, 6.695829000000117 ], [ 2.44469700000019, 6.696756 ], [ 2.437346, 6.707284 ], [ 2.436818, 6.709819 ], [ 2.438685000000135, 6.712573000000134 ], [ 2.438488000000177, 6.71704 ], [ 2.437419, 6.719758 ], [ 2.438533000000177, 6.724813 ], [ 2.438008, 6.727709000000175 ], [ 2.433144000000141, 6.730811000000131 ], [ 2.433165000000145, 6.734426 ], [ 2.439132, 6.734392000000128 ], [ 2.439065000000141, 6.736288000000172 ], [ 2.438921000000107, 6.740345000000104 ], [ 2.438644000000124, 6.743614 ], [ 2.441019000000153, 6.747758 ], [ 2.441799, 6.749739 ], [ 2.442306, 6.751366000000189 ], [ 2.43868700000013, 6.751026000000138 ], [ 2.434897, 6.752314000000126 ], [ 2.434191000000112, 6.755211 ], [ 2.430201000000181, 6.753245 ], [ 2.427862000000118, 6.755248 ], [ 2.426791000000151, 6.757604000000129 ], [ 2.429885000000183, 6.761021 ], [ 2.432074000000114, 6.764262000000144 ], [ 2.43321, 6.765525 ], [ 2.435180820000085, 6.767637807000142 ], [ 2.436019, 6.768235 ], [ 2.438255, 6.76983 ], [ 2.438836, 6.776335 ], [ 2.440842, 6.779215000000136 ], [ 2.443572000000188, 6.782273 ], [ 2.446010000000115, 6.787718 ], [ 2.447351, 6.793506 ], [ 2.445929, 6.797846000000163 ], [ 2.445073, 6.800064 ], [ 2.448218, 6.804923 ], [ 2.447891000000141, 6.80782900000014 ], [ 2.446652000000142, 6.810383 ], [ 2.442738000000134, 6.811846000000173 ], [ 2.438875, 6.812474 ], [ 2.435081, 6.81379 ], [ 2.435119000000157, 6.816874000000155 ], [ 2.431540000000155, 6.820908000000145 ], [ 2.429748000000188, 6.822744000000171 ], [ 2.429064, 6.826198000000147 ], [ 2.426370000000134, 6.828408 ], [ 2.425865000000101, 6.831679000000122 ], [ 2.428426, 6.833280000000116 ], [ 2.429406000000142, 6.836944000000187 ], [ 2.428132, 6.838907 ], [ 2.424505000000181, 6.839133000000118 ], [ 2.421208, 6.836634000000117 ], [ 2.416, 6.841050000000109 ], [ 2.419116000000145, 6.843552 ], [ 2.421315, 6.845338 ], [ 2.419536000000107, 6.848262000000148 ], [ 2.417428, 6.853911 ], [ 2.416568, 6.857731 ], [ 2.416094, 6.863541000000112 ], [ 2.415765, 6.866266000000167 ], [ 2.419711000000177, 6.872869 ], [ 2.420349, 6.873937000000183 ], [ 2.420591950000073, 6.87418829100011 ], [ 2.420188, 6.876554000000169 ], [ 2.419400868000082, 6.876239321000185 ], [ 2.416341, 6.883671000000163 ], [ 2.413699000000122, 6.890233 ], [ 2.4134, 6.909820000000138 ], [ 2.414917000000173, 6.915611 ], [ 2.400403, 6.91597 ], [ 2.402498, 6.924107000000106 ], [ 2.415635, 6.944624 ], [ 2.419836, 6.946749000000182 ], [ 2.422963000000152, 6.950157 ], [ 2.424633, 6.956504000000109 ], [ 2.454925, 6.958057000000167 ], [ 2.499836000000187, 6.960357 ], [ 2.511851, 6.961941 ], [ 2.524830000000179, 6.97874800000011 ], [ 2.519282000000146, 6.965478000000132 ], [ 2.516832000000136, 6.957118 ], [ 2.511932, 6.939980000000162 ], [ 2.510821000000135, 6.934855000000141 ], [ 2.510578000000123, 6.933735000000183 ], [ 2.510284000000127, 6.932379 ], [ 2.509485, 6.928695000000118 ], [ 2.515032, 6.916886 ], [ 2.515628000000163, 6.915617000000168 ], [ 2.521453000000179, 6.903217 ], [ 2.528803, 6.898748000000126 ], [ 2.535862000000122, 6.894456000000105 ], [ 2.542891000000111, 6.88903 ], [ 2.552372000000105, 6.867592000000116 ], [ 2.551368, 6.862156 ], [ 2.557874, 6.848180000000127 ], [ 2.56089100000014, 6.841698 ], [ 2.569266000000141, 6.825558000000115 ], [ 2.571403, 6.792612000000133 ], [ 2.575711000000126, 6.793128 ], [ 2.575216, 6.789867 ], [ 2.57555200000013, 6.767104000000131 ], [ 2.574357, 6.757457 ], [ 2.573391000000186, 6.749663000000169 ], [ 2.573130000000106, 6.747553 ], [ 2.571432000000129, 6.738564000000167 ], [ 2.568153, 6.721194 ], [ 2.566914, 6.709749 ], [ 2.566196000000161, 6.70299800000015 ], [ 2.564348000000166, 6.681286000000114 ], [ 2.56483, 6.670274 ], [ 2.565984000000185, 6.643905000000188 ], [ 2.576777, 6.647317 ], [ 2.5882, 6.644775 ], [ 2.597745000000145, 6.642253 ], [ 2.601807000000179, 6.641180000000134 ], [ 2.62309, 6.631734000000165 ], [ 2.618881000000158, 6.622999 ], [ 2.613667, 6.60882800000013 ], [ 2.606018, 6.59724800000015 ], [ 2.619807, 6.606718000000171 ], [ 2.633481, 6.616109 ], [ 2.638224, 6.61936100000014 ], [ 2.639218, 6.620043 ], [ 2.64922300000012, 6.626902 ], [ 2.657017000000167, 6.61693 ], [ 2.660272, 6.613139000000103 ], [ 2.665154, 6.608266000000185 ], [ 2.666782, 6.605558 ], [ 2.668952, 6.60285 ], [ 2.67058, 6.600684 ], [ 2.671577000000127, 6.598694 ], [ 2.675357, 6.591151 ], [ 2.676009, 6.589850000000183 ], [ 2.678181000000166, 6.584974000000159 ], [ 2.678725, 6.582807 ], [ 2.68393900000018, 6.576516 ], [ 2.686143, 6.574864000000105 ], [ 2.689137000000187, 6.570999 ], [ 2.690762000000177, 6.567754 ], [ 2.693037000000118, 6.564508 ], [ 2.694270000000188, 6.5618750000001 ], [ 2.694987, 6.559964 ], [ 2.696753000000115, 6.55810600000018 ], [ 2.700511000000176, 6.551851000000113 ], [ 2.702461, 6.548281000000145 ], [ 2.705060000000117, 6.545360000000187 ], [ 2.705711000000179, 6.542438 ], [ 2.705713000000173, 6.539841 ], [ 2.706039000000146, 6.537244000000157 ], [ 2.70604, 6.535296 ], [ 2.705365000000143, 6.533189 ], [ 2.705056000000184, 6.532223 ], [ 2.706397, 6.532114 ], [ 2.720311, 6.526463001000138 ], [ 2.731402000000116, 6.539834 ], [ 2.741769009000166, 6.544486394000046 ], [ 2.72933101700005, 6.534427166000114 ], [ 2.724709033000124, 6.526391030000127 ], [ 2.720288038000149, 6.507771970000022 ], [ 2.719777107000084, 6.494887829000049 ], [ 2.719752228000061, 6.494260220000115 ], [ 2.719511032000185, 6.488175869000031 ], [ 2.719300985000075, 6.482933999000068 ], [ 2.718329906000122, 6.476606847000085 ], [ 2.717854024000189, 6.473495961000083 ], [ 2.717430114000138, 6.470749855000065 ], [ 2.71577973300009, 6.466291566 ], [ 2.714310191000152, 6.462321790000033 ], [ 2.713503953000043, 6.460143843000026 ], [ 2.710711002000153, 6.452599049000128 ], [ 2.70627999400017, 6.42560482000016 ], [ 2.708297014000095, 6.409361839000098 ], [ 2.708415985000102, 6.405684949000147 ], [ 2.70917010200003, 6.382326127000113 ], [ 2.709382057000084, 6.375693798000157 ], [ 2.709305048000033, 6.375693798000157 ], [ 2.709305048000033, 6.375418186000104 ], [ 2.708472966999977, 6.37541580300018 ], [ 2.708472966999977, 6.375137807000044 ], [ 2.70569396000019, 6.375137807000044 ], [ 2.70569396000019, 6.374862194000116 ], [ 2.704305887000032, 6.374862194000116 ], [ 2.704305887000032, 6.374584199000083 ], [ 2.703471900000181, 6.374584199000083 ], [ 2.703471900000181, 6.374306203000174 ], [ 2.701806069000099, 6.374306203000174 ], [ 2.701806069000099, 6.374584199000083 ], [ 2.701528072000144, 6.374584199000083 ], [ 2.701528072000144, 6.374306203000174 ], [ 2.700138092000032, 6.374306203000174 ], [ 2.700138092000032, 6.374028205000116 ], [ 2.698750019000045, 6.374028205000116 ], [ 2.698750019000045, 6.373750210000082 ], [ 2.697083951000025, 6.373750210000082 ], [ 2.697083951000025, 6.374028205000116 ], [ 2.695415973000024, 6.374028205000116 ], [ 2.695415973000024, 6.373750210000082 ], [ 2.695139885000117, 6.373750210000082 ], [ 2.695139885000117, 6.373472214000174 ], [ 2.693192959000157, 6.373472214000174 ], [ 2.693192959000157, 6.373194218000094 ], [ 2.69291806300015, 6.373194218000094 ], [ 2.69291806300015, 6.373472214000174 ], [ 2.692640065000035, 6.373472214000174 ], [ 2.692640065000035, 6.373194218000094 ], [ 2.691526890000034, 6.373194218000094 ], [ 2.691526890000034, 6.372916221000082 ], [ 2.691248895000058, 6.372916221000082 ], [ 2.691248895000058, 6.373194218000094 ], [ 2.690417051000168, 6.373194218000094 ], [ 2.690417051000168, 6.373472214000174 ], [ 2.689583064000146, 6.373472214000174 ], [ 2.689583064000146, 6.373194218000094 ], [ 2.689305066000088, 6.373194218000094 ], [ 2.689305066000088, 6.372916221000082 ], [ 2.687638998000068, 6.372916221000082 ], [ 2.687638998000068, 6.372638225 ], [ 2.687361003000035, 6.372638225 ], [ 2.687361003000035, 6.372916221000082 ], [ 2.685972930000048, 6.372916221000082 ], [ 2.685972930000048, 6.372638225 ], [ 2.685416937000127, 6.372638225 ], [ 2.685416937000127, 6.372362137000096 ], [ 2.684029102000181, 6.372362137000096 ], [ 2.684029102000181, 6.372084141000187 ], [ 2.680695057999969, 6.372084141000187 ], [ 2.680695057999969, 6.371806145999983 ], [ 2.679860115999986, 6.371806145999983 ], [ 2.679860115999986, 6.371528148000095 ], [ 2.679582118000098, 6.371528148000095 ], [ 2.679582118000098, 6.371806145999983 ], [ 2.677916050000078, 6.371806145999983 ], [ 2.677916050000078, 6.371528148000095 ], [ 2.677360056999987, 6.371528148000095 ], [ 2.677360056999987, 6.371250153000119 ], [ 2.676249982000058, 6.371250153000119 ], [ 2.676249982000058, 6.37097215700004 ], [ 2.67458391200006, 6.37097215700004 ], [ 2.67458391200006, 6.371250153000119 ], [ 2.67347192699998, 6.371250153000119 ], [ 2.67347192699998, 6.37097215700004 ], [ 2.672915936000095, 6.37097215700004 ], [ 2.672915936000095, 6.371250153000119 ], [ 2.672637940000186, 6.371250153000119 ], [ 2.672637940000186, 6.37097215700004 ], [ 2.671806096000125, 6.37097215700004 ], [ 2.671806096000125, 6.370694161000131 ], [ 2.671528101000092, 6.370694161000131 ], [ 2.671528101000092, 6.370416164000119 ], [ 2.669584035000184, 6.370416164000119 ], [ 2.669584035000184, 6.370140075999984 ], [ 2.669028044000129, 6.370140075999984 ], [ 2.669028044000129, 6.370416164000119 ], [ 2.667917967000164, 6.370416164000119 ], [ 2.667916059000049, 6.370140075999984 ], [ 2.666805982000085, 6.370140075999984 ], [ 2.666805982000085, 6.369862080000075 ], [ 2.665971040000102, 6.369862080000075 ], [ 2.665971040000102, 6.370140075999984 ], [ 2.665417910000031, 6.370140075999984 ], [ 2.665417910000031, 6.369862080000075 ], [ 2.664026977000105, 6.369862080000075 ], [ 2.664026977000105, 6.370140075999984 ], [ 2.663470983000138, 6.370140075999984 ], [ 2.663470983000138, 6.369862080000075 ], [ 2.662916900000027, 6.369862080000075 ], [ 2.662916900000027, 6.369584084000167 ], [ 2.660695076000025, 6.369584084000167 ], [ 2.660695076000025, 6.36930608900019 ], [ 2.660417080000116, 6.36930608900019 ], [ 2.660417080000116, 6.369028091000075 ], [ 2.660139084000036, 6.369028091000075 ], [ 2.660139084000036, 6.36930608900019 ], [ 2.658473014000037, 6.36930608900019 ], [ 2.658473014000037, 6.369028091000075 ], [ 2.655138970000053, 6.369028091000075 ], [ 2.655138970000053, 6.36847210000019 ], [ 2.654028893000145, 6.36847210000019 ], [ 2.654028893000145, 6.368194104000111 ], [ 2.653472900000054, 6.368194104000111 ], [ 2.653472900000054, 6.367915154000116 ], [ 2.652916909000112, 6.367915154000116 ], [ 2.652916909000112, 6.368194104000111 ], [ 2.652359963000038, 6.368194104000111 ], [ 2.652359963000038, 6.367915154000116 ], [ 2.65124988600013, 6.367915154000116 ], [ 2.65124988600013, 6.368194104000111 ], [ 2.65041589700013, 6.368194104000111 ], [ 2.65041589700013, 6.36847210000019 ], [ 2.648750066000048, 6.36847210000019 ], [ 2.648750066000048, 6.368194104000111 ], [ 2.648194075000163, 6.368194104000111 ], [ 2.648194075000163, 6.367915154000116 ], [ 2.647916079000083, 6.367915154000116 ], [ 2.647916079000083, 6.367640018000088 ], [ 2.645694018000142, 6.367640018000088 ], [ 2.645694018000142, 6.367362023000112 ], [ 2.645416022000063, 6.367362023000112 ], [ 2.645416022000063, 6.367084027000033 ], [ 2.644583941000064, 6.367084027000033 ], [ 2.644583941000064, 6.367362023000112 ], [ 2.643193961000179, 6.367362023000112 ], [ 2.643193961000179, 6.367084027000033 ], [ 2.642640114000073, 6.367084027000033 ], [ 2.642640114000073, 6.366806030000021 ], [ 2.642362117000062, 6.366806030000021 ], [ 2.642362117000062, 6.367084027000033 ], [ 2.641805888000135, 6.367084027000033 ], [ 2.641805888000135, 6.366806030000021 ], [ 2.641587260000165, 6.366806030000021 ], [ 2.641527890000077, 6.366806030000021 ], [ 2.641527890000077, 6.366527081000129 ], [ 2.640971898999965, 6.366527081000129 ], [ 2.640971898999965, 6.366806030000021 ] ] ] ] } },
{ "type": "Feature", "properties": { "fid": 11, "GID_1": "BEN.11_1", "GID_0": "BEN", "COUNTRY": "Benin", "NAME_1": "Plateau", "VARNAME_1": "NA", "NL_NAME_1": "NA", "TYPE_1": "Département", "ENGTYPE_1": "Department", "CC_1": "NA", "HASC_1": "BJ.PL", "ISO_1": "BJ-PL" }, "geometry": { "type": "MultiPolygon", "coordinates": [ [ [ [ 2.753123044000176, 6.570466995 ], [ 2.750556946000131, 6.557365894000043 ], [ 2.750381899000104, 6.557091791 ], [ 2.742933034000089, 6.545427799000038 ], [ 2.741769009000166, 6.544486394000046 ], [ 2.731402000000116, 6.539834 ], [ 2.720311, 6.526463 ], [ 2.706397, 6.532114 ], [ 2.705056000000184, 6.532223 ], [ 2.705365000000143, 6.533189 ], [ 2.70604, 6.535296 ], [ 2.706039000000146, 6.537244000000157 ], [ 2.705713000000173, 6.539841 ], [ 2.705711000000179, 6.542438 ], [ 2.705060000000117, 6.545360000000187 ], [ 2.702461, 6.548281000000145 ], [ 2.700511000000176, 6.551851000000113 ], [ 2.696753000000115, 6.55810600000018 ], [ 2.694987, 6.559964 ], [ 2.694270000000188, 6.5618750000001 ], [ 2.693037000000118, 6.564508 ], [ 2.690762000000177, 6.567754 ], [ 2.689137000000187, 6.570999 ], [ 2.686143, 6.574864000000105 ], [ 2.68393900000018, 6.576516 ], [ 2.678725, 6.582807 ], [ 2.678181000000166, 6.584974000000159 ], [ 2.676009, 6.589850000000183 ], [ 2.675357, 6.591151 ], [ 2.671577000000127, 6.598694 ], [ 2.67058, 6.600684 ], [ 2.668952, 6.60285 ], [ 2.666782, 6.605558 ], [ 2.665154, 6.608266000000185 ], [ 2.660272, 6.613139000000103 ], [ 2.657017000000167, 6.61693 ], [ 2.64922300000012, 6.626902 ], [ 2.639218, 6.620043 ], [ 2.638224, 6.61936100000014 ], [ 2.633481, 6.616109 ], [ 2.619807, 6.606718000000171 ], [ 2.606018, 6.59724800000015 ], [ 2.613667, 6.60882800000013 ], [ 2.618881000000158, 6.622999 ], [ 2.62309, 6.631734000000165 ], [ 2.601807000000179, 6.641180000000134 ], [ 2.597745000000145, 6.642253 ], [ 2.5882, 6.644775 ], [ 2.576777, 6.647317 ], [ 2.565984000000185, 6.643905000000188 ], [ 2.56483, 6.670274 ], [ 2.564348000000166, 6.681286000000114 ], [ 2.566196000000161, 6.70299800000015 ], [ 2.566914, 6.709749 ], [ 2.568153, 6.721194 ], [ 2.571432000000129, 6.738564000000167 ], [ 2.573130000000106, 6.747553 ], [ 2.573391000000186, 6.749663000000169 ], [ 2.574357, 6.757457 ], [ 2.57555200000013, 6.767104000000131 ], [ 2.575216, 6.789867 ], [ 2.575711000000126, 6.793128 ], [ 2.571403, 6.792612000000133 ], [ 2.569266000000141, 6.825558000000115 ], [ 2.56089100000014, 6.841698 ], [ 2.557874, 6.848180000000127 ], [ 2.551368, 6.862156 ], [ 2.552372000000105, 6.867592000000116 ], [ 2.542891000000111, 6.88903 ], [ 2.535862000000122, 6.894456000000105 ], [ 2.528803, 6.898748000000126 ], [ 2.521453000000179, 6.903217 ], [ 2.515628000000163, 6.915617000000168 ], [ 2.515032, 6.916886 ], [ 2.509485, 6.928695000000118 ], [ 2.510284000000127, 6.932379 ], [ 2.510578000000123, 6.933735000000183 ], [ 2.510821000000135, 6.934855000000141 ], [ 2.511932, 6.939980000000162 ], [ 2.516832000000136, 6.957118 ], [ 2.519282000000146, 6.965478000000132 ], [ 2.524830000000179, 6.97874800000011 ], [ 2.526124000000152, 6.980424 ], [ 2.546087, 6.994835000000137 ], [ 2.552408, 6.999398 ], [ 2.555686, 6.999929 ], [ 2.554927000000134, 7.031726 ], [ 2.554306000000111, 7.057752000000107 ], [ 2.536445000000185, 7.092739 ], [ 2.53702200000015, 7.099827000000118 ], [ 2.535185, 7.107252000000187 ], [ 2.52819600000015, 7.135495 ], [ 2.518781000000104, 7.173541000000114 ], [ 2.518276, 7.176286 ], [ 2.535734000000161, 7.188080000000127 ], [ 2.526138, 7.200026 ], [ 2.437574, 7.310244000000182 ], [ 2.435814000000107, 7.312434 ], [ 2.435283, 7.316254 ], [ 2.43478000000016, 7.326619 ], [ 2.434474, 7.328990000000147 ], [ 2.432663000000161, 7.342990000000157 ], [ 2.432683, 7.347899 ], [ 2.428385, 7.356089 ], [ 2.427806, 7.357192000000168 ], [ 2.42346, 7.363209 ], [ 2.428961, 7.372459 ], [ 2.432832, 7.383896 ], [ 2.432882000000177, 7.395896000000107 ], [ 2.432374, 7.40517 ], [ 2.429668000000163, 7.411181 ], [ 2.406848, 7.442363 ], [ 2.406871, 7.447903000000167 ], [ 2.406886, 7.451635 ], [ 2.410191000000111, 7.458167000000117 ], [ 2.413505, 7.46688 ], [ 2.412983, 7.472881 ], [ 2.419045000000153, 7.485402 ], [ 2.419872000000169, 7.488718000000176 ], [ 2.421054, 7.492177 ], [ 2.421391, 7.495044 ], [ 2.436654000000146, 7.515327000000184 ], [ 2.442155000000184, 7.524032000000147 ], [ 2.448230000000137, 7.539279 ], [ 2.453722000000141, 7.545801 ], [ 2.460307000000171, 7.552319 ], [ 2.464146, 7.555575 ], [ 2.46918600000015, 7.584462 ], [ 2.466003, 7.607382 ], [ 2.46171, 7.62649 ], [ 2.462833000000103, 7.633576000000176 ], [ 2.467786000000103, 7.641736000000151 ], [ 2.470069, 7.643713000000105 ], [ 2.472175000000163, 7.645536000000106 ], [ 2.474389, 7.652072 ], [ 2.478792, 7.659144 ], [ 2.486549, 7.683656 ], [ 2.49379000000016, 7.683861 ], [ 2.616396, 7.687347000000102 ], [ 2.719472001000042, 7.690251 ], [ 2.72644, 7.690220000000181 ], [ 2.728114000000176, 7.697829000000183 ], [ 2.730068934000087, 7.704849505000141 ], [ 2.730367898000168, 7.699183941000115 ], [ 2.72628903400016, 7.657187938 ], [ 2.725394965000021, 7.6479668610001 ], [ 2.729012012000055, 7.6229119300001 ], [ 2.728055, 7.610048772000027 ], [ 2.728378535000161, 7.605704679000041 ], [ 2.729012013000158, 7.597198963999972 ], [ 2.729712249000158, 7.587812361000033 ], [ 2.729779081, 7.586916482999982 ], [ 2.730282069000054, 7.5801739690001 ], [ 2.732660201000044, 7.574193029000128 ], [ 2.733346940000104, 7.572465896000097 ], [ 2.733908800000052, 7.571054741000125 ], [ 2.734005928000101, 7.570810795000057 ], [ 2.734291062000068, 7.570093543000041 ], [ 2.734744073000115, 7.568953991000058 ], [ 2.735970879000035, 7.56586962800003 ], [ 2.736227990000089, 7.565223215000117 ], [ 2.736376965000034, 7.565080740000099 ], [ 2.74610805500015, 7.555774211000085 ], [ 2.747694015000093, 7.547038079 ], [ 2.746457099999986, 7.541802884000049 ], [ 2.746235629000068, 7.540867129000162 ], [ 2.746097088000056, 7.540281773 ], [ 2.746129037000117, 7.540167809000025 ], [ 2.749644995000097, 7.527316092000092 ], [ 2.754766941000184, 7.521283149000169 ], [ 2.760488987000087, 7.519481182 ], [ 2.76174092399998, 7.519085884000162 ], [ 2.762103081000021, 7.51890897800007 ], [ 2.76257705800009, 7.518611907000093 ], [ 2.775238038000168, 7.510655879000126 ], [ 2.786029101000111, 7.498676778000117 ], [ 2.78833350300016, 7.497287200000073 ], [ 2.788595914000155, 7.497128963000023 ], [ 2.792216454802376, 7.494948668721221 ], [ 2.79221645500013, 7.494948669000109 ], [ 2.792927980000115, 7.494520188000081 ], [ 2.798191071000076, 7.482555867000031 ], [ 2.799680948000173, 7.437972068000022 ], [ 2.799190998000142, 7.426600933000032 ], [ 2.799186945000088, 7.426483155000028 ], [ 2.795725108000056, 7.423275947000093 ], [ 2.785810948000119, 7.418708801000037 ], [ 2.76278209700007, 7.41923284500001 ], [ 2.757020950000083, 7.417181969000183 ], [ 2.749599934000173, 7.41738414800011 ], [ 2.747577905000128, 7.417438984 ], [ 2.747441053000159, 7.365962982000042 ], [ 2.750052928000173, 7.311028957000019 ], [ 2.748857022000152, 7.293791772000134 ], [ 2.748867987999972, 7.293223858000033 ], [ 2.749218941000152, 7.274205207000023 ], [ 2.749284982000063, 7.270662786000116 ], [ 2.749335052000106, 7.26785516700005 ], [ 2.749458075000064, 7.261154175000058 ], [ 2.750602961000084, 7.257472993000079 ], [ 2.754184826000085, 7.253601271000036 ], [ 2.756572008000092, 7.251020907000054 ], [ 2.757455174000143, 7.250576500000136 ], [ 2.762089014000026, 7.248244763 ], [ 2.774255037000103, 7.23441982300011 ], [ 2.780992985000182, 7.19675016500014 ], [ 2.783551930000044, 7.182446957000082 ], [ 2.783793925999987, 7.178180216999976 ], [ 2.784868955000036, 7.159226894000028 ], [ 2.775346993000028, 7.128221036000014 ], [ 2.76725602200014, 7.116982937000046 ], [ 2.750653029000148, 7.105764866000072 ], [ 2.745110034000106, 7.099114895000071 ], [ 2.745101868002163, 7.095823366823876 ], [ 2.745101869000052, 7.095823365000058 ], [ 2.745095132000131, 7.093107872000189 ], [ 2.745094061000088, 7.092676163000078 ], [ 2.746869259000107, 7.089158286000043 ], [ 2.752876998000033, 7.077252865000048 ], [ 2.757832180000094, 7.072052821000057 ], [ 2.758908033000182, 7.070923806000167 ], [ 2.762978076000024, 7.066648006000037 ], [ 2.767117023000139, 7.065258026000151 ], [ 2.78182005900004, 7.053722858000185 ], [ 2.792602062000128, 7.04127693200013 ], [ 2.785454989000016, 7.036469937000049 ], [ 2.775089979000086, 7.033510208 ], [ 2.766551971000069, 7.026408195000101 ], [ 2.75295209900014, 7.019320011000161 ], [ 2.743266105000032, 7.012450219000186 ], [ 2.729186058000096, 6.998007774000087 ], [ 2.727287054000158, 6.995457172000101 ], [ 2.723610637000149, 6.99052425400015 ], [ 2.724297110025255, 6.995326682761342 ], [ 2.723610636000103, 6.990524255000082 ], [ 2.720638990000054, 6.986536980000096 ], [ 2.719663319000063, 6.967946563000169 ], [ 2.71842291400003, 6.94431189300002 ], [ 2.718253335000099, 6.941080726000109 ], [ 2.71372, 6.94465200000019 ], [ 2.718253334, 6.941080726000109 ], [ 2.71821403600012, 6.940331937000053 ], [ 2.719523907000053, 6.936367989000189 ], [ 2.720041989000151, 6.934806823000145 ], [ 2.726933957000142, 6.930419922000169 ], [ 2.732505070000059, 6.92985348000019 ], [ 2.736013, 6.92709 ], [ 2.738587647674041, 6.924727353983974 ], [ 2.736013001000117, 6.92709 ], [ 2.732505071000162, 6.92985348000019 ], [ 2.737892908000163, 6.929305673000101 ], [ 2.747874021000086, 6.928290845000163 ], [ 2.751513958999965, 6.912416936000056 ], [ 2.751308917000074, 6.906813146000047 ], [ 2.750869035999983, 6.894717217000107 ], [ 2.750520945000062, 6.885057927000105 ], [ 2.745803119000186, 6.865159034000044 ], [ 2.743767023000089, 6.856566907000115 ], [ 2.744112015000042, 6.852944852 ], [ 2.744663, 6.847136020000107 ], [ 2.749243975000127, 6.839306831000044 ], [ 2.738384201000031, 6.822101164000117 ], [ 2.729830980000145, 6.808549881000033 ], [ 2.727972984000075, 6.801654816000166 ], [ 2.729321957000025, 6.790154935000146 ], [ 2.730627231000028, 6.785764898000082 ], [ 2.731177761000083, 6.78391329700014 ], [ 2.731353044000116, 6.783323765000034 ], [ 2.732580899000027, 6.779188156000032 ], [ 2.739195110000082, 6.765315056000077 ], [ 2.744323969000163, 6.763769151000133 ], [ 2.75117898100018, 6.759446143000048 ], [ 2.75179505400007, 6.75905609199998 ], [ 2.755224943000087, 6.758595943000046 ], [ 2.762937069000145, 6.757692814000166 ], [ 2.767158032000054, 6.758093834000135 ], [ 2.778268558000093, 6.759157547000143 ], [ 2.778712988000052, 6.759200097000075 ], [ 2.778922210000133, 6.759072591 ], [ 2.779986246000078, 6.758424136000087 ], [ 2.78629398400011, 6.75458002 ], [ 2.787945986000182, 6.751255037000135 ], [ 2.789498091000098, 6.748132228000145 ], [ 2.78970289300014, 6.738934040000061 ], [ 2.785979032000171, 6.723308087000078 ], [ 2.786450763000175, 6.701293400000168 ], [ 2.786590100000069, 6.694790841000099 ], [ 2.785764309000058, 6.694049690000156 ], [ 2.784898996000152, 6.693273067000121 ], [ 2.769984007000176, 6.679887772000086 ], [ 2.760765075000165, 6.674167157000056 ], [ 2.752460003000124, 6.665681839000172 ], [ 2.733359907000022, 6.633991464000076 ], [ 2.731427908000114, 6.630785942000102 ], [ 2.735970973000065, 6.608695031000025 ], [ 2.742660189000162, 6.589521928000011 ], [ 2.742686988000173, 6.589445114000057 ], [ 2.744647027000099, 6.583831787000065 ], [ 2.751950089, 6.572316485000101 ], [ 2.753123044000176, 6.570466995 ] ] ] ] } },
{ "type": "Feature", "properties": { "fid": 12, "GID_1": "BEN.12_1", "GID_0": "BEN", "COUNTRY": "Benin", "NAME_1": "Zou", "VARNAME_1": "NA", "NL_NAME_1": "NA", "TYPE_1": "Département", "ENGTYPE_1": "Department", "CC_1": "NA", "HASC_1": "BJ.ZO", "ISO_1": "BJ-ZO" }, "geometry": { "type": "MultiPolygon", "coordinates": [ [ [ [ 2.220217, 6.938509000000124 ], [ 2.214197, 6.938499 ], [ 2.208647, 6.938385 ], [ 2.203935, 6.938482 ], [ 2.190375, 6.938302 ], [ 2.18158000000011, 6.938183000000151 ], [ 2.169329, 6.938266000000112 ], [ 2.157916, 6.938141 ], [ 2.15315100000015, 6.938290000000165 ], [ 2.148806, 6.938073000000145 ], [ 2.141006000000175, 6.937902000000179 ], [ 2.132524, 6.937939 ], [ 2.11954100000014, 6.93781 ], [ 2.111112000000105, 6.937637000000109 ], [ 2.10299700000013, 6.937727000000109 ], [ 2.097448, 6.937559 ], [ 2.093679000000122, 6.937657000000172 ], [ 2.087397, 6.937435000000107 ], [ 2.087445000000173, 6.937199000000135 ], [ 2.081135000000131, 6.935812000000112 ], [ 2.078945, 6.933639 ], [ 2.069647000000145, 6.927671 ], [ 2.063964000000112, 6.926070000000152 ], [ 2.062000000000182, 6.92551600000013 ], [ 2.0554360000001, 6.921175000000176 ], [ 2.049415000000181, 6.915742 ], [ 2.03849, 6.912507 ], [ 2.037321000000134, 6.912594000000183 ], [ 2.034372000000189, 6.912815000000137 ], [ 2.023214000000166, 6.913650000000132 ], [ 2.021229, 6.913161000000173 ], [ 2.014476000000172, 6.911497000000168 ], [ 2.005256, 6.91603600000019 ], [ 1.99105, 6.923028000000158 ], [ 1.990388000000166, 6.942221000000131 ], [ 1.990053000000159, 6.95193600000016 ], [ 1.987897000000146, 6.960124000000121 ], [ 1.97859300000016, 6.97145300000011 ], [ 1.977569000000187, 6.9727 ], [ 1.972703, 6.986896000000172 ], [ 1.966189, 7.002586000000179 ], [ 1.957472, 7.00276 ], [ 1.953655, 7.003863000000138 ], [ 1.947151000000133, 7.012231 ], [ 1.930649, 7.033465 ], [ 1.926580000000172, 7.0387 ], [ 1.91668900000019, 7.051425000000108 ], [ 1.901507, 7.067627 ], [ 1.881323000000179, 7.089162000000158 ], [ 1.87806600000016, 7.095171000000164 ], [ 1.877833, 7.100348 ], [ 1.871007000000134, 7.107735 ], [ 1.86564900000019, 7.117438000000107 ], [ 1.862862000000177, 7.122484000000156 ], [ 1.864513, 7.126842000000124 ], [ 1.861941000000172, 7.140128 ], [ 1.852681000000132, 7.187955000000102 ], [ 1.854336000000103, 7.193949 ], [ 1.852705000000185, 7.196135 ], [ 1.843963, 7.193979 ], [ 1.837273, 7.19736 ], [ 1.83143, 7.20274 ], [ 1.827073000000155, 7.20657 ], [ 1.818905, 7.214228 ], [ 1.813879, 7.223306 ], [ 1.801543, 7.254086 ], [ 1.782525, 7.288494 ], [ 1.75971, 7.306616 ], [ 1.752034000000151, 7.317399000000137 ], [ 1.750796, 7.323352000000114 ], [ 1.749784000000147, 7.32822 ], [ 1.751165000000185, 7.335019000000159 ], [ 1.751879, 7.33853100000016 ], [ 1.750204, 7.345022 ], [ 1.747989000000132, 7.350967 ], [ 1.743069000000162, 7.355808 ], [ 1.741146, 7.361797000000138 ], [ 1.740292, 7.364458 ], [ 1.739143, 7.37312 ], [ 1.735284000000149, 7.381220000000155 ], [ 1.728711, 7.3893 ], [ 1.727034, 7.395791000000145 ], [ 1.726444, 7.402289 ], [ 1.726412, 7.406624000000136 ], [ 1.726906, 7.413131 ], [ 1.723059, 7.419605 ], [ 1.719163000000151, 7.432582 ], [ 1.711926000000176, 7.435097 ], [ 1.708817000000181, 7.436840000000132 ], [ 1.700623, 7.443824000000177 ], [ 1.698379000000159, 7.453561 ], [ 1.693959, 7.463824000000102 ], [ 1.687862, 7.480577 ], [ 1.680151000000137, 7.49515 ], [ 1.678499, 7.498389 ], [ 1.677234033000104, 7.499698010000031 ], [ 1.677104999000051, 7.501119 ], [ 1.676356909000162, 7.503661673000181 ], [ 1.675498, 7.506581 ], [ 1.670355999000151, 7.513007999000081 ], [ 1.669071000000145, 7.515579001000162 ], [ 1.66875, 7.518149000000108 ], [ 1.660074001000112, 7.52072 ], [ 1.659654667000041, 7.521009953000089 ], [ 1.659587781000027, 7.521056202000125 ], [ 1.6592539990001, 7.521287 ], [ 1.657942945000173, 7.524302427 ], [ 1.657887835000054, 7.524429179000037 ], [ 1.65300400000018, 7.535662001000048 ], [ 1.651398000000142, 7.542732000000171 ], [ 1.649470000000122, 7.548194 ], [ 1.649271565000163, 7.554728784000133 ], [ 1.649148000000139, 7.558798 ], [ 1.650245689000087, 7.596111896000082 ], [ 1.650755001000164, 7.61342500000012 ], [ 1.650502666000136, 7.613935571000013 ], [ 1.640316444000064, 7.634546236000119 ], [ 1.696316, 7.635722000000101 ], [ 1.746945, 7.636778 ], [ 1.823182, 7.638357000000155 ], [ 1.850629, 7.653987 ], [ 1.863673000000119, 7.653661 ], [ 1.883876, 7.647489 ], [ 1.90456, 7.645119 ], [ 1.932847, 7.642871 ], [ 1.951172, 7.635147000000131 ], [ 1.956370000000163, 7.632956 ], [ 1.978316000000177, 7.619761 ], [ 1.991072, 7.603708000000154 ], [ 2.000560000000178, 7.588142 ], [ 2.002197, 7.587343 ], [ 2.029579000000126, 7.573975 ], [ 2.055873, 7.560304000000144 ], [ 2.087379, 7.560266000000183 ], [ 2.109170000000177, 7.556276 ], [ 2.129738, 7.560939 ], [ 2.138048, 7.559929000000182 ], [ 2.145521000000144, 7.559021 ], [ 2.154356000000178, 7.549945 ], [ 2.171005, 7.544742 ], [ 2.189792000000125, 7.541830000000118 ], [ 2.210445000000107, 7.541070000000161 ], [ 2.232311, 7.532197000000167 ], [ 2.248119000000145, 7.528649 ], [ 2.278665000000103, 7.520451000000151 ], [ 2.297296000000131, 7.509898 ], [ 2.308868000000132, 7.499235000000112 ], [ 2.329745000000173, 7.483837 ], [ 2.351172, 7.467903 ], [ 2.369182, 7.462216000000126 ], [ 2.389906, 7.456569 ], [ 2.406871, 7.447903000000167 ], [ 2.406848, 7.442363 ], [ 2.429668000000163, 7.411181 ], [ 2.432374, 7.40517 ], [ 2.432882000000177, 7.395896000000107 ], [ 2.432832, 7.383896 ], [ 2.428961, 7.372459 ], [ 2.42346, 7.363209 ], [ 2.427806, 7.357192000000168 ], [ 2.428385, 7.356089 ], [ 2.432683, 7.347899 ], [ 2.432663000000161, 7.342990000000157 ], [ 2.434474, 7.328990000000147 ], [ 2.43478000000016, 7.326619 ], [ 2.435283, 7.316254 ], [ 2.435814000000107, 7.312434 ], [ 2.437574, 7.310244000000182 ], [ 2.526138, 7.200026 ], [ 2.535734000000161, 7.188080000000127 ], [ 2.518276, 7.176286 ], [ 2.518781000000104, 7.173541000000114 ], [ 2.52819600000015, 7.135495 ], [ 2.535185, 7.107252000000187 ], [ 2.53702200000015, 7.099827000000118 ], [ 2.536445000000185, 7.092739 ], [ 2.554306000000111, 7.057752000000107 ], [ 2.554927000000134, 7.031726 ], [ 2.555686, 6.999929 ], [ 2.552408, 6.999398 ], [ 2.546087, 6.994835000000137 ], [ 2.526124000000152, 6.980424 ], [ 2.524830000000179, 6.97874800000011 ], [ 2.511851, 6.961941 ], [ 2.499836000000187, 6.960357 ], [ 2.454925, 6.958057000000167 ], [ 2.424633, 6.956504000000109 ], [ 2.423448000000121, 6.960127 ], [ 2.41581, 6.958951 ], [ 2.41126700000018, 6.958462000000111 ], [ 2.408408, 6.962125000000128 ], [ 2.410603, 6.963549 ], [ 2.413002000000176, 6.963069 ], [ 2.413732, 6.963068 ], [ 2.416419000000133, 6.964203000000111 ], [ 2.420635, 6.96759800000018 ], [ 2.419781000000114, 6.971962000000133 ], [ 2.420374000000152, 6.975945 ], [ 2.41638, 6.97581200000019 ], [ 2.413106, 6.975308 ], [ 2.408594000000164, 6.977358 ], [ 2.405362, 6.980300000000113 ], [ 2.404627829000162, 6.982860335999987 ], [ 2.404609000000107, 6.982926000000134 ], [ 2.398138273000029, 6.977527953000163 ], [ 2.373401, 6.956894 ], [ 2.342296, 6.930943000000127 ], [ 2.341674, 6.930424000000187 ], [ 2.320764000000111, 6.96391100000011 ], [ 2.292713493000122, 6.947573305000049 ], [ 2.291336000000115, 6.946771000000183 ], [ 2.290689426000085, 6.946394332000125 ], [ 2.28293, 6.941874 ], [ 2.278036091000047, 6.940663205000135 ], [ 2.276413801000103, 6.940261837000151 ], [ 2.272704, 6.939344000000119 ], [ 2.269642000000147, 6.9385860000001 ], [ 2.232057, 6.938320000000147 ], [ 2.22944, 6.938302 ], [ 2.229379000000165, 6.938524000000143 ], [ 2.229275, 6.938524000000143 ], [ 2.220217, 6.938509000000124 ] ] ] ] } }
]
}
